2026-03-05 22:11:30 | INFO     | app.models.model_loader | Creating ModelLoader singleton (path=saved_models/agroguard_banana_resnet50.pth)
2026-03-05 22:11:31 | WARNING  | app.models.model_loader | Checkpoint not found at 'saved_models/agroguard_banana_resnet50.pth'. Using RANDOM weights — predictions will be unreliable until a trained model is placed at this path.
2026-03-05 22:11:39 | INFO     | app.main | ╔══════════════════════════════════════════════╗
2026-03-05 22:11:39 | INFO     | app.main | ║  AgroGuard-AI v1.1.0 (Production) STARTING  ║
2026-03-05 22:11:39 | INFO     | app.main | ╚══════════════════════════════════════════════╝
2026-03-05 22:11:39 | ERROR    | app.main | ✗ Database failed: password authentication failed for user "postgres"
2026-03-05 22:11:39 | WARNING  | app.main |   Continuing without DB — predictions will not be persisted.
2026-03-05 22:11:39 | INFO     | app.main | ✓ Banana disease model loaded and ready.
2026-03-05 22:11:39 | INFO     | app.main | ✓ AgroGuard-AI is ready to serve requests.
2026-03-05 22:14:03 | INFO     | app.main | AgroGuard-AI shutting down gracefully.
2026-03-05 22:14:20 | INFO     | app.models.model_loader | Creating ModelLoader singleton (path=saved_models/agroguard_banana_resnet50.pth)
2026-03-05 22:14:21 | WARNING  | app.models.model_loader | Checkpoint not found at 'saved_models/agroguard_banana_resnet50.pth'. Using RANDOM weights — predictions will be unreliable until a trained model is placed at this path.
2026-03-05 22:14:23 | INFO     | app.main | ╔══════════════════════════════════════════════╗
2026-03-05 22:14:23 | INFO     | app.main | ║  AgroGuard-AI v1.1.0 (Production) STARTING  ║
2026-03-05 22:14:23 | INFO     | app.main | ╚══════════════════════════════════════════════╝
2026-03-05 22:14:23 | INFO     | app.database.db | Database tables created / verified.
2026-03-05 22:14:23 | INFO     | app.main | ✓ Database tables ready.
2026-03-05 22:14:23 | INFO     | app.main | ✓ Banana disease model loaded and ready.
2026-03-05 22:14:23 | INFO     | app.main | ✓ AgroGuard-AI is ready to serve requests.
2026-03-05 22:16:00 | INFO     | app.main | AgroGuard-AI shutting down gracefully.
2026-03-05 22:16:06 | INFO     | app.models.model_loader | Creating ModelLoader singleton (path=saved_models/agroguard_banana_resnet50.pth)
2026-03-05 22:16:07 | WARNING  | app.models.model_loader | Checkpoint not found at 'saved_models/agroguard_banana_resnet50.pth'. Using RANDOM weights — predictions will be unreliable until a trained model is placed at this path.
2026-03-05 22:16:07 | INFO     | app.main | ╔══════════════════════════════════════════════╗
2026-03-05 22:16:07 | INFO     | app.main | ║  AgroGuard-AI v1.1.0 (Production) STARTING  ║
2026-03-05 22:16:07 | INFO     | app.main | ╚══════════════════════════════════════════════╝
2026-03-05 22:16:07 | INFO     | app.database.db | Database tables created / verified.
2026-03-05 22:16:07 | INFO     | app.main | ✓ Database tables ready.
2026-03-05 22:16:07 | INFO     | app.main | ✓ Banana disease model loaded and ready.
2026-03-05 22:16:07 | INFO     | app.main | ✓ AgroGuard-AI is ready to serve requests.
2026-03-05 22:17:00 | INFO     | app.api.routes | POST /predict | file='download.jpg' type='image/jpeg' lat=-90.0 lng=-180.0
2026-03-05 22:17:00 | INFO     | app.services.prediction_service | ── Prediction Pipeline START ──
2026-03-05 22:17:00 | INFO     | app.services.prediction_service | Step 1 ✓ Image validated
2026-03-05 22:17:00 | INFO     | app.services.prediction_service | Step 2 ✓ Preprocessed → (1, 3, 224, 224)
2026-03-05 22:17:03 | INFO     | app.models.disease_classifier | Prediction → 'Banana - Healthy' confidence=1.0000 ✓
2026-03-05 22:17:03 | INFO     | app.services.prediction_service | Step 3 ✓ Disease='Banana - Healthy' Confidence=1.0000 is_confident=True is_banana=True
2026-03-05 22:17:03 | INFO     | app.models.severity_estimator | Banana plant is healthy — no severity assigned.
2026-03-05 22:17:03 | INFO     | app.services.prediction_service | Step 4 ✓ Severity=None
2026-03-05 22:17:03 | INFO     | app.services.advisory_service | Advisory matched keyword='healthy' severity='None'
2026-03-05 22:17:03 | INFO     | app.services.prediction_service | Step 5 ✓ Advisory generated (562 chars)
2026-03-05 22:17:03 | INFO     | app.services.location_service | Nearest centre: Tirunelveli Horticulture Office (State Horticulture Office) — 10976.5 km away
2026-03-05 22:17:03 | INFO     | app.services.prediction_service | Step 6 ✓ Nearest centre: Tirunelveli Horticulture Office (State Horticulture Office) — 10976.5 km away
2026-03-05 22:17:03 | ERROR    | app.api.routes | Prediction error: (sqlalchemy.dialects.postgresql.asyncpg.ProgrammingError) <class 'asyncpg.exceptions.UndefinedColumnError'>: column "confidence_pct" of relation "predictions" does not exist
[SQL: INSERT INTO predictions (disease, confidence, confidence_pct, severity, advisory, is_confident, is_banana_image, rejection_reason, latitude, longitude, nearest_center, model_version, created_at) VALUES ($1::VARCHAR, $2::FLOAT, $3::VARCHAR, $4::VARCHAR, $5::VARCHAR, $6::BOOLEAN, $7::BOOLEAN, $8::VARCHAR, $9::FLOAT, $10::FLOAT, $11::VARCHAR, $12::VARCHAR, $13::TIMESTAMP WITH TIME ZONE) RETURNING predictions.id]
[parameters: ('Banana - Healthy', 1.0, '100.00%', 'None', '✅ Your banana plant appears HEALTHY!\n\nContinue good agricultural practices:\n1. Fertilisation: Apply NPK @ 200:60:300 g per plant per year in 4 spl ... (273 characters truncated) ... y to improve air circulation and reduce disease inoculum.\n5. Sucker management: Retain only one ratoon sucker per mat.\n\nSource: ICAR-NRCB, Trichy.', True, True, None, -90.0, -180.0, 'Tirunelveli Horticulture Office (State Horticulture Office) — 10976.5 km away', '1.1.0', datetime.datetime(2026, 3, 5, 16, 47, 3, 371358, tzinfo=datetime.timezone.utc))]
(Background on this error at: https://sqlalche.me/e/20/f405)
Traceback (most recent call last):
  File "D:\final-year project\backend\venv\Lib\site-packages\sqlalchemy\dialects\postgresql\asyncpg.py", line 514, in _prepare_and_execute
    prepared_stmt, attributes = await adapt_connection._prepare(
                                ^^^^^^^^^^^^^^^^^^^^^^^^^^^^^^^^
  File "D:\final-year project\backend\venv\Lib\site-packages\sqlalchemy\dialects\postgresql\asyncpg.py", line 760, in _prepare
    prepared_stmt = await self._connection.prepare(
                    ^^^^^^^^^^^^^^^^^^^^^^^^^^^^^^^
  File "D:\final-year project\backend\venv\Lib\site-packages\asyncpg\connection.py", line 636, in prepare
    return await self._prepare(
           ^^^^^^^^^^^^^^^^^^^^
  File "D:\final-year project\backend\venv\Lib\site-packages\asyncpg\connection.py", line 654, in _prepare
    stmt = await self._get_statement(
           ^^^^^^^^^^^^^^^^^^^^^^^^^^
  File "D:\final-year project\backend\venv\Lib\site-packages\asyncpg\connection.py", line 433, in _get_statement
    statement = await self._protocol.prepare(
                ^^^^^^^^^^^^^^^^^^^^^^^^^^^^^
  File "asyncpg\protocol\protocol.pyx", line 166, in prepare
asyncpg.exceptions.UndefinedColumnError: column "confidence_pct" of relation "predictions" does not exist

The above exception was the direct cause of the following exception:

Traceback (most recent call last):
  File "D:\final-year project\backend\venv\Lib\site-packages\sqlalchemy\engine\base.py", line 1967, in _exec_single_context
    self.dialect.do_execute(
  File "D:\final-year project\backend\venv\Lib\site-packages\sqlalchemy\engine\default.py", line 941, in do_execute
    cursor.execute(statement, parameters)
  File "D:\final-year project\backend\venv\Lib\site-packages\sqlalchemy\dialects\postgresql\asyncpg.py", line 572, in execute
    self._adapt_connection.await_(
  File "D:\final-year project\backend\venv\Lib\site-packages\sqlalchemy\util\_concurrency_py3k.py", line 132, in await_only
    return current.parent.switch(awaitable)  # type: ignore[no-any-return,attr-defined] # noqa: E501
           ^^^^^^^^^^^^^^^^^^^^^^^^^^^^^^^^
  File "D:\final-year project\backend\venv\Lib\site-packages\sqlalchemy\util\_concurrency_py3k.py", line 196, in greenlet_spawn
    value = await result
            ^^^^^^^^^^^^
  File "D:\final-year project\backend\venv\Lib\site-packages\sqlalchemy\dialects\postgresql\asyncpg.py", line 550, in _prepare_and_execute
    self._handle_exception(error)
  File "D:\final-year project\backend\venv\Lib\site-packages\sqlalchemy\dialects\postgresql\asyncpg.py", line 501, in _handle_exception
    self._adapt_connection._handle_exception(error)
  File "D:\final-year project\backend\venv\Lib\site-packages\sqlalchemy\dialects\postgresql\asyncpg.py", line 784, in _handle_exception
    raise translated_error from error
sqlalchemy.dialects.postgresql.asyncpg.AsyncAdapt_asyncpg_dbapi.ProgrammingError: <class 'asyncpg.exceptions.UndefinedColumnError'>: column "confidence_pct" of relation "predictions" does not exist

The above exception was the direct cause of the following exception:

Traceback (most recent call last):
  File "D:\final-year project\backend\app\api\routes.py", line 59, in predict_banana_disease
    return await _prediction_service.predict(
           ^^^^^^^^^^^^^^^^^^^^^^^^^^^^^^^^^^
  File "D:\final-year project\backend\app\services\prediction_service.py", line 90, in predict
    await create_prediction(
  File "D:\final-year project\backend\app\database\crud.py", line 44, in create_prediction
    await db.commit()
  File "D:\final-year project\backend\venv\Lib\site-packages\sqlalchemy\ext\asyncio\session.py", line 1009, in commit
    await greenlet_spawn(self.sync_session.commit)
  File "D:\final-year project\backend\venv\Lib\site-packages\sqlalchemy\util\_concurrency_py3k.py", line 203, in greenlet_spawn
    result = context.switch(value)
             ^^^^^^^^^^^^^^^^^^^^^
  File "D:\final-year project\backend\venv\Lib\site-packages\sqlalchemy\orm\session.py", line 2028, in commit
    trans.commit(_to_root=True)
  File "<string>", line 2, in commit
  File "D:\final-year project\backend\venv\Lib\site-packages\sqlalchemy\orm\state_changes.py", line 139, in _go
    ret_value = fn(self, *arg, **kw)
                ^^^^^^^^^^^^^^^^^^^^
  File "D:\final-year project\backend\venv\Lib\site-packages\sqlalchemy\orm\session.py", line 1313, in commit
    self._prepare_impl()
  File "<string>", line 2, in _prepare_impl
  File "D:\final-year project\backend\venv\Lib\site-packages\sqlalchemy\orm\state_changes.py", line 139, in _go
    ret_value = fn(self, *arg, **kw)
                ^^^^^^^^^^^^^^^^^^^^
  File "D:\final-year project\backend\venv\Lib\site-packages\sqlalchemy\orm\session.py", line 1288, in _prepare_impl
    self.session.flush()
  File "D:\final-year project\backend\venv\Lib\site-packages\sqlalchemy\orm\session.py", line 4352, in flush
    self._flush(objects)
  File "D:\final-year project\backend\venv\Lib\site-packages\sqlalchemy\orm\session.py", line 4487, in _flush
    with util.safe_reraise():
  File "D:\final-year project\backend\venv\Lib\site-packages\sqlalchemy\util\langhelpers.py", line 146, in __exit__
    raise exc_value.with_traceback(exc_tb)
  File "D:\final-year project\backend\venv\Lib\site-packages\sqlalchemy\orm\session.py", line 4448, in _flush
    flush_context.execute()
  File "D:\final-year project\backend\venv\Lib\site-packages\sqlalchemy\orm\unitofwork.py", line 466, in execute
    rec.execute(self)
  File "D:\final-year project\backend\venv\Lib\site-packages\sqlalchemy\orm\unitofwork.py", line 642, in execute
    util.preloaded.orm_persistence.save_obj(
  File "D:\final-year project\backend\venv\Lib\site-packages\sqlalchemy\orm\persistence.py", line 93, in save_obj
    _emit_insert_statements(
  File "D:\final-year project\backend\venv\Lib\site-packages\sqlalchemy\orm\persistence.py", line 1233, in _emit_insert_statements
    result = connection.execute(
             ^^^^^^^^^^^^^^^^^^^
  File "D:\final-year project\backend\venv\Lib\site-packages\sqlalchemy\engine\base.py", line 1418, in execute
    return meth(
           ^^^^^
  File "D:\final-year project\backend\venv\Lib\site-packages\sqlalchemy\sql\elements.py", line 515, in _execute_on_connection
    return connection._execute_clauseelement(
           ^^^^^^^^^^^^^^^^^^^^^^^^^^^^^^^^^^
  File "D:\final-year project\backend\venv\Lib\site-packages\sqlalchemy\engine\base.py", line 1640, in _execute_clauseelement
    ret = self._execute_context(
          ^^^^^^^^^^^^^^^^^^^^^^
  File "D:\final-year project\backend\venv\Lib\site-packages\sqlalchemy\engine\base.py", line 1846, in _execute_context
    return self._exec_single_context(
           ^^^^^^^^^^^^^^^^^^^^^^^^^^
  File "D:\final-year project\backend\venv\Lib\site-packages\sqlalchemy\engine\base.py", line 1986, in _exec_single_context
    self._handle_dbapi_exception(
  File "D:\final-year project\backend\venv\Lib\site-packages\sqlalchemy\engine\base.py", line 2355, in _handle_dbapi_exception
    raise sqlalchemy_exception.with_traceback(exc_info[2]) from e
  File "D:\final-year project\backend\venv\Lib\site-packages\sqlalchemy\engine\base.py", line 1967, in _exec_single_context
    self.dialect.do_execute(
  File "D:\final-year project\backend\venv\Lib\site-packages\sqlalchemy\engine\default.py", line 941, in do_execute
    cursor.execute(statement, parameters)
  File "D:\final-year project\backend\venv\Lib\site-packages\sqlalchemy\dialects\postgresql\asyncpg.py", line 572, in execute
    self._adapt_connection.await_(
  File "D:\final-year project\backend\venv\Lib\site-packages\sqlalchemy\util\_concurrency_py3k.py", line 132, in await_only
    return current.parent.switch(awaitable)  # type: ignore[no-any-return,attr-defined] # noqa: E501
           ^^^^^^^^^^^^^^^^^^^^^^^^^^^^^^^^
  File "D:\final-year project\backend\venv\Lib\site-packages\sqlalchemy\util\_concurrency_py3k.py", line 196, in greenlet_spawn
    value = await result
            ^^^^^^^^^^^^
  File "D:\final-year project\backend\venv\Lib\site-packages\sqlalchemy\dialects\postgresql\asyncpg.py", line 550, in _prepare_and_execute
    self._handle_exception(error)
  File "D:\final-year project\backend\venv\Lib\site-packages\sqlalchemy\dialects\postgresql\asyncpg.py", line 501, in _handle_exception
    self._adapt_connection._handle_exception(error)
  File "D:\final-year project\backend\venv\Lib\site-packages\sqlalchemy\dialects\postgresql\asyncpg.py", line 784, in _handle_exception
    raise translated_error from error
sqlalchemy.exc.ProgrammingError: (sqlalchemy.dialects.postgresql.asyncpg.ProgrammingError) <class 'asyncpg.exceptions.UndefinedColumnError'>: column "confidence_pct" of relation "predictions" does not exist
[SQL: INSERT INTO predictions (disease, confidence, confidence_pct, severity, advisory, is_confident, is_banana_image, rejection_reason, latitude, longitude, nearest_center, model_version, created_at) VALUES ($1::VARCHAR, $2::FLOAT, $3::VARCHAR, $4::VARCHAR, $5::VARCHAR, $6::BOOLEAN, $7::BOOLEAN, $8::VARCHAR, $9::FLOAT, $10::FLOAT, $11::VARCHAR, $12::VARCHAR, $13::TIMESTAMP WITH TIME ZONE) RETURNING predictions.id]
[parameters: ('Banana - Healthy', 1.0, '100.00%', 'None', '✅ Your banana plant appears HEALTHY!\n\nContinue good agricultural practices:\n1. Fertilisation: Apply NPK @ 200:60:300 g per plant per year in 4 spl ... (273 characters truncated) ... y to improve air circulation and reduce disease inoculum.\n5. Sucker management: Retain only one ratoon sucker per mat.\n\nSource: ICAR-NRCB, Trichy.', True, True, None, -90.0, -180.0, 'Tirunelveli Horticulture Office (State Horticulture Office) — 10976.5 km away', '1.1.0', datetime.datetime(2026, 3, 5, 16, 47, 3, 371358, tzinfo=datetime.timezone.utc))]
(Background on this error at: https://sqlalche.me/e/20/f405)
2026-03-05 22:17:12 | INFO     | app.api.routes | POST /predict | file='download.jpg' type='image/jpeg' lat=-90.0 lng=-180.0
2026-03-05 22:17:12 | INFO     | app.services.prediction_service | ── Prediction Pipeline START ──
2026-03-05 22:17:12 | INFO     | app.services.prediction_service | Step 1 ✓ Image validated
2026-03-05 22:17:12 | INFO     | app.services.prediction_service | Step 2 ✓ Preprocessed → (1, 3, 224, 224)
2026-03-05 22:17:12 | INFO     | app.models.disease_classifier | Prediction → 'Banana - Healthy' confidence=1.0000 ✓
2026-03-05 22:17:12 | INFO     | app.services.prediction_service | Step 3 ✓ Disease='Banana - Healthy' Confidence=1.0000 is_confident=True is_banana=True
2026-03-05 22:17:12 | INFO     | app.models.severity_estimator | Banana plant is healthy — no severity assigned.
2026-03-05 22:17:12 | INFO     | app.services.prediction_service | Step 4 ✓ Severity=None
2026-03-05 22:17:12 | INFO     | app.services.advisory_service | Advisory matched keyword='healthy' severity='None'
2026-03-05 22:17:12 | INFO     | app.services.prediction_service | Step 5 ✓ Advisory generated (562 chars)
2026-03-05 22:17:12 | INFO     | app.services.location_service | Nearest centre: Tirunelveli Horticulture Office (State Horticulture Office) — 10976.5 km away
2026-03-05 22:17:12 | INFO     | app.services.prediction_service | Step 6 ✓ Nearest centre: Tirunelveli Horticulture Office (State Horticulture Office) — 10976.5 km away
2026-03-05 22:17:12 | ERROR    | app.api.routes | Prediction error: (sqlalchemy.dialects.postgresql.asyncpg.ProgrammingError) <class 'asyncpg.exceptions.UndefinedColumnError'>: column "confidence_pct" of relation "predictions" does not exist
[SQL: INSERT INTO predictions (disease, confidence, confidence_pct, severity, advisory, is_confident, is_banana_image, rejection_reason, latitude, longitude, nearest_center, model_version, created_at) VALUES ($1::VARCHAR, $2::FLOAT, $3::VARCHAR, $4::VARCHAR, $5::VARCHAR, $6::BOOLEAN, $7::BOOLEAN, $8::VARCHAR, $9::FLOAT, $10::FLOAT, $11::VARCHAR, $12::VARCHAR, $13::TIMESTAMP WITH TIME ZONE) RETURNING predictions.id]
[parameters: ('Banana - Healthy', 1.0, '100.00%', 'None', '✅ Your banana plant appears HEALTHY!\n\nContinue good agricultural practices:\n1. Fertilisation: Apply NPK @ 200:60:300 g per plant per year in 4 spl ... (273 characters truncated) ... y to improve air circulation and reduce disease inoculum.\n5. Sucker management: Retain only one ratoon sucker per mat.\n\nSource: ICAR-NRCB, Trichy.', True, True, None, -90.0, -180.0, 'Tirunelveli Horticulture Office (State Horticulture Office) — 10976.5 km away', '1.1.0', datetime.datetime(2026, 3, 5, 16, 47, 12, 858332, tzinfo=datetime.timezone.utc))]
(Background on this error at: https://sqlalche.me/e/20/f405)
Traceback (most recent call last):
  File "D:\final-year project\backend\venv\Lib\site-packages\sqlalchemy\dialects\postgresql\asyncpg.py", line 514, in _prepare_and_execute
    prepared_stmt, attributes = await adapt_connection._prepare(
                                ^^^^^^^^^^^^^^^^^^^^^^^^^^^^^^^^
  File "D:\final-year project\backend\venv\Lib\site-packages\sqlalchemy\dialects\postgresql\asyncpg.py", line 760, in _prepare
    prepared_stmt = await self._connection.prepare(
                    ^^^^^^^^^^^^^^^^^^^^^^^^^^^^^^^
  File "D:\final-year project\backend\venv\Lib\site-packages\asyncpg\connection.py", line 636, in prepare
    return await self._prepare(
           ^^^^^^^^^^^^^^^^^^^^
  File "D:\final-year project\backend\venv\Lib\site-packages\asyncpg\connection.py", line 654, in _prepare
    stmt = await self._get_statement(
           ^^^^^^^^^^^^^^^^^^^^^^^^^^
  File "D:\final-year project\backend\venv\Lib\site-packages\asyncpg\connection.py", line 433, in _get_statement
    statement = await self._protocol.prepare(
                ^^^^^^^^^^^^^^^^^^^^^^^^^^^^^
  File "asyncpg\protocol\protocol.pyx", line 166, in prepare
asyncpg.exceptions.UndefinedColumnError: column "confidence_pct" of relation "predictions" does not exist

The above exception was the direct cause of the following exception:

Traceback (most recent call last):
  File "D:\final-year project\backend\venv\Lib\site-packages\sqlalchemy\engine\base.py", line 1967, in _exec_single_context
    self.dialect.do_execute(
  File "D:\final-year project\backend\venv\Lib\site-packages\sqlalchemy\engine\default.py", line 941, in do_execute
    cursor.execute(statement, parameters)
  File "D:\final-year project\backend\venv\Lib\site-packages\sqlalchemy\dialects\postgresql\asyncpg.py", line 572, in execute
    self._adapt_connection.await_(
  File "D:\final-year project\backend\venv\Lib\site-packages\sqlalchemy\util\_concurrency_py3k.py", line 132, in await_only
    return current.parent.switch(awaitable)  # type: ignore[no-any-return,attr-defined] # noqa: E501
           ^^^^^^^^^^^^^^^^^^^^^^^^^^^^^^^^
  File "D:\final-year project\backend\venv\Lib\site-packages\sqlalchemy\util\_concurrency_py3k.py", line 196, in greenlet_spawn
    value = await result
            ^^^^^^^^^^^^
  File "D:\final-year project\backend\venv\Lib\site-packages\sqlalchemy\dialects\postgresql\asyncpg.py", line 550, in _prepare_and_execute
    self._handle_exception(error)
  File "D:\final-year project\backend\venv\Lib\site-packages\sqlalchemy\dialects\postgresql\asyncpg.py", line 501, in _handle_exception
    self._adapt_connection._handle_exception(error)
  File "D:\final-year project\backend\venv\Lib\site-packages\sqlalchemy\dialects\postgresql\asyncpg.py", line 784, in _handle_exception
    raise translated_error from error
sqlalchemy.dialects.postgresql.asyncpg.AsyncAdapt_asyncpg_dbapi.ProgrammingError: <class 'asyncpg.exceptions.UndefinedColumnError'>: column "confidence_pct" of relation "predictions" does not exist

The above exception was the direct cause of the following exception:

Traceback (most recent call last):
  File "D:\final-year project\backend\app\api\routes.py", line 59, in predict_banana_disease
    return await _prediction_service.predict(
           ^^^^^^^^^^^^^^^^^^^^^^^^^^^^^^^^^^
  File "D:\final-year project\backend\app\services\prediction_service.py", line 90, in predict
    await create_prediction(
  File "D:\final-year project\backend\app\database\crud.py", line 44, in create_prediction
    await db.commit()
  File "D:\final-year project\backend\venv\Lib\site-packages\sqlalchemy\ext\asyncio\session.py", line 1009, in commit
    await greenlet_spawn(self.sync_session.commit)
  File "D:\final-year project\backend\venv\Lib\site-packages\sqlalchemy\util\_concurrency_py3k.py", line 203, in greenlet_spawn
    result = context.switch(value)
             ^^^^^^^^^^^^^^^^^^^^^
  File "D:\final-year project\backend\venv\Lib\site-packages\sqlalchemy\orm\session.py", line 2028, in commit
    trans.commit(_to_root=True)
  File "<string>", line 2, in commit
  File "D:\final-year project\backend\venv\Lib\site-packages\sqlalchemy\orm\state_changes.py", line 139, in _go
    ret_value = fn(self, *arg, **kw)
                ^^^^^^^^^^^^^^^^^^^^
  File "D:\final-year project\backend\venv\Lib\site-packages\sqlalchemy\orm\session.py", line 1313, in commit
    self._prepare_impl()
  File "<string>", line 2, in _prepare_impl
  File "D:\final-year project\backend\venv\Lib\site-packages\sqlalchemy\orm\state_changes.py", line 139, in _go
    ret_value = fn(self, *arg, **kw)
                ^^^^^^^^^^^^^^^^^^^^
  File "D:\final-year project\backend\venv\Lib\site-packages\sqlalchemy\orm\session.py", line 1288, in _prepare_impl
    self.session.flush()
  File "D:\final-year project\backend\venv\Lib\site-packages\sqlalchemy\orm\session.py", line 4352, in flush
    self._flush(objects)
  File "D:\final-year project\backend\venv\Lib\site-packages\sqlalchemy\orm\session.py", line 4487, in _flush
    with util.safe_reraise():
  File "D:\final-year project\backend\venv\Lib\site-packages\sqlalchemy\util\langhelpers.py", line 146, in __exit__
    raise exc_value.with_traceback(exc_tb)
  File "D:\final-year project\backend\venv\Lib\site-packages\sqlalchemy\orm\session.py", line 4448, in _flush
    flush_context.execute()
  File "D:\final-year project\backend\venv\Lib\site-packages\sqlalchemy\orm\unitofwork.py", line 466, in execute
    rec.execute(self)
  File "D:\final-year project\backend\venv\Lib\site-packages\sqlalchemy\orm\unitofwork.py", line 642, in execute
    util.preloaded.orm_persistence.save_obj(
  File "D:\final-year project\backend\venv\Lib\site-packages\sqlalchemy\orm\persistence.py", line 93, in save_obj
    _emit_insert_statements(
  File "D:\final-year project\backend\venv\Lib\site-packages\sqlalchemy\orm\persistence.py", line 1233, in _emit_insert_statements
    result = connection.execute(
             ^^^^^^^^^^^^^^^^^^^
  File "D:\final-year project\backend\venv\Lib\site-packages\sqlalchemy\engine\base.py", line 1418, in execute
    return meth(
           ^^^^^
  File "D:\final-year project\backend\venv\Lib\site-packages\sqlalchemy\sql\elements.py", line 515, in _execute_on_connection
    return connection._execute_clauseelement(
           ^^^^^^^^^^^^^^^^^^^^^^^^^^^^^^^^^^
  File "D:\final-year project\backend\venv\Lib\site-packages\sqlalchemy\engine\base.py", line 1640, in _execute_clauseelement
    ret = self._execute_context(
          ^^^^^^^^^^^^^^^^^^^^^^
  File "D:\final-year project\backend\venv\Lib\site-packages\sqlalchemy\engine\base.py", line 1846, in _execute_context
    return self._exec_single_context(
           ^^^^^^^^^^^^^^^^^^^^^^^^^^
  File "D:\final-year project\backend\venv\Lib\site-packages\sqlalchemy\engine\base.py", line 1986, in _exec_single_context
    self._handle_dbapi_exception(
  File "D:\final-year project\backend\venv\Lib\site-packages\sqlalchemy\engine\base.py", line 2355, in _handle_dbapi_exception
    raise sqlalchemy_exception.with_traceback(exc_info[2]) from e
  File "D:\final-year project\backend\venv\Lib\site-packages\sqlalchemy\engine\base.py", line 1967, in _exec_single_context
    self.dialect.do_execute(
  File "D:\final-year project\backend\venv\Lib\site-packages\sqlalchemy\engine\default.py", line 941, in do_execute
    cursor.execute(statement, parameters)
  File "D:\final-year project\backend\venv\Lib\site-packages\sqlalchemy\dialects\postgresql\asyncpg.py", line 572, in execute
    self._adapt_connection.await_(
  File "D:\final-year project\backend\venv\Lib\site-packages\sqlalchemy\util\_concurrency_py3k.py", line 132, in await_only
    return current.parent.switch(awaitable)  # type: ignore[no-any-return,attr-defined] # noqa: E501
           ^^^^^^^^^^^^^^^^^^^^^^^^^^^^^^^^
  File "D:\final-year project\backend\venv\Lib\site-packages\sqlalchemy\util\_concurrency_py3k.py", line 196, in greenlet_spawn
    value = await result
            ^^^^^^^^^^^^
  File "D:\final-year project\backend\venv\Lib\site-packages\sqlalchemy\dialects\postgresql\asyncpg.py", line 550, in _prepare_and_execute
    self._handle_exception(error)
  File "D:\final-year project\backend\venv\Lib\site-packages\sqlalchemy\dialects\postgresql\asyncpg.py", line 501, in _handle_exception
    self._adapt_connection._handle_exception(error)
  File "D:\final-year project\backend\venv\Lib\site-packages\sqlalchemy\dialects\postgresql\asyncpg.py", line 784, in _handle_exception
    raise translated_error from error
sqlalchemy.exc.ProgrammingError: (sqlalchemy.dialects.postgresql.asyncpg.ProgrammingError) <class 'asyncpg.exceptions.UndefinedColumnError'>: column "confidence_pct" of relation "predictions" does not exist
[SQL: INSERT INTO predictions (disease, confidence, confidence_pct, severity, advisory, is_confident, is_banana_image, rejection_reason, latitude, longitude, nearest_center, model_version, created_at) VALUES ($1::VARCHAR, $2::FLOAT, $3::VARCHAR, $4::VARCHAR, $5::VARCHAR, $6::BOOLEAN, $7::BOOLEAN, $8::VARCHAR, $9::FLOAT, $10::FLOAT, $11::VARCHAR, $12::VARCHAR, $13::TIMESTAMP WITH TIME ZONE) RETURNING predictions.id]
[parameters: ('Banana - Healthy', 1.0, '100.00%', 'None', '✅ Your banana plant appears HEALTHY!\n\nContinue good agricultural practices:\n1. Fertilisation: Apply NPK @ 200:60:300 g per plant per year in 4 spl ... (273 characters truncated) ... y to improve air circulation and reduce disease inoculum.\n5. Sucker management: Retain only one ratoon sucker per mat.\n\nSource: ICAR-NRCB, Trichy.', True, True, None, -90.0, -180.0, 'Tirunelveli Horticulture Office (State Horticulture Office) — 10976.5 km away', '1.1.0', datetime.datetime(2026, 3, 5, 16, 47, 12, 858332, tzinfo=datetime.timezone.utc))]
(Background on this error at: https://sqlalche.me/e/20/f405)
2026-03-05 22:21:39 | INFO     | app.main | AgroGuard-AI shutting down gracefully.
2026-03-05 22:23:10 | INFO     | app.models.model_loader | Creating ModelLoader singleton (path=saved_models/agroguard_banana_resnet50.pth)
2026-03-05 22:23:11 | WARNING  | app.models.model_loader | Checkpoint not found at 'saved_models/agroguard_banana_resnet50.pth'. Using RANDOM weights — predictions will be unreliable until a trained model is placed at this path.
2026-03-05 22:23:11 | INFO     | app.main | ╔══════════════════════════════════════════════╗
2026-03-05 22:23:11 | INFO     | app.main | ║  AgroGuard-AI v1.1.0 (Production) STARTING  ║
2026-03-05 22:23:11 | INFO     | app.main | ╚══════════════════════════════════════════════╝
2026-03-05 22:23:11 | INFO     | app.database.db | Database tables created / verified.
2026-03-05 22:23:11 | INFO     | app.main | ✓ Database tables ready.
2026-03-05 22:23:11 | INFO     | app.main | ✓ Banana disease model loaded and ready.
2026-03-05 22:23:11 | INFO     | app.main | ✓ AgroGuard-AI is ready to serve requests.
2026-03-05 22:24:20 | INFO     | app.api.speech | POST /speech/transcribe | file='FLN Vo (1).mp3' lang='hi'
2026-03-05 22:24:20 | INFO     | app.services.speech_service | Whisper transcription started | lang_hint='hi' | size=1117040 bytes
2026-03-05 22:24:20 | INFO     | app.services.speech_service | Loading Whisper medium model... (first run downloads ~1.5 GB — please wait)
2026-03-06 12:40:33 | INFO     | app.models.model_loader | Creating ModelLoader singleton (path=saved_models/agroguard_banana_resnet50.pth)
2026-03-06 12:40:33 | WARNING  | app.models.model_loader | Checkpoint not found at 'saved_models/agroguard_banana_resnet50.pth'. Using RANDOM weights — predictions will be unreliable until a trained model is placed at this path.
2026-03-06 12:40:37 | INFO     | app.main | ╔══════════════════════════════════════════════╗
2026-03-06 12:40:37 | INFO     | app.main | ║  AgroGuard-AI v1.1.0 (Production) STARTING  ║
2026-03-06 12:40:37 | INFO     | app.main | ╚══════════════════════════════════════════════╝
2026-03-06 12:40:37 | INFO     | app.database.db | Database tables created / verified.
2026-03-06 12:40:37 | INFO     | app.main | ✓ Database tables ready.
2026-03-06 12:40:37 | INFO     | app.main | ✓ Banana disease model loaded and ready.
2026-03-06 12:40:37 | INFO     | app.main | ✓ AgroGuard-AI is ready to serve requests.
2026-03-06 12:41:10 | INFO     | app.api.speech | POST /speech/transcribe | file='FLN Vo (1).mp3' lang='hi'
2026-03-06 12:41:10 | INFO     | app.services.speech_service | Whisper transcription started | lang_hint='hi' | size=1117040 bytes
2026-03-06 12:41:10 | INFO     | app.services.speech_service | Loading Whisper medium model... (first run downloads ~1.5 GB — please wait)
2026-03-06 12:46:11 | INFO     | app.services.speech_service | ✓ Whisper medium model loaded successfully.
2026-03-06 12:46:11 | ERROR    | app.services.speech_service | Whisper transcription failed: [WinError 2] The system cannot find the file specified
Traceback (most recent call last):
  File "D:\final-year project\backend\app\services\speech_service.py", line 236, in transcribe_audio
    result = model.transcribe(
             ^^^^^^^^^^^^^^^^^
  File "D:\final-year project\backend\venv\Lib\site-packages\whisper\transcribe.py", line 139, in transcribe
    mel = log_mel_spectrogram(audio, model.dims.n_mels, padding=N_SAMPLES)
          ^^^^^^^^^^^^^^^^^^^^^^^^^^^^^^^^^^^^^^^^^^^^^^^^^^^^^^^^^^^^^^^^
  File "D:\final-year project\backend\venv\Lib\site-packages\whisper\audio.py", line 140, in log_mel_spectrogram
    audio = load_audio(audio)
            ^^^^^^^^^^^^^^^^^
  File "D:\final-year project\backend\venv\Lib\site-packages\whisper\audio.py", line 58, in load_audio
    out = run(cmd, capture_output=True, check=True).stdout
          ^^^^^^^^^^^^^^^^^^^^^^^^^^^^^^^^^^^^^^^^^
  File "C:\Users\ragul\AppData\Local\Programs\Python\Python311\Lib\subprocess.py", line 548, in run
    with Popen(*popenargs, **kwargs) as process:
         ^^^^^^^^^^^^^^^^^^^^^^^^^^^
  File "C:\Users\ragul\AppData\Local\Programs\Python\Python311\Lib\subprocess.py", line 1026, in __init__
    self._execute_child(args, executable, preexec_fn, close_fds,
  File "C:\Users\ragul\AppData\Local\Programs\Python\Python311\Lib\subprocess.py", line 1538, in _execute_child
    hp, ht, pid, tid = _winapi.CreateProcess(executable, args,
                       ^^^^^^^^^^^^^^^^^^^^^^^^^^^^^^^^^^^^^^^
FileNotFoundError: [WinError 2] The system cannot find the file specified
2026-03-06 12:46:11 | ERROR    | app.api.speech | Whisper error: Audio transcription failed: [WinError 2] The system cannot find the file specified
2026-03-06 12:48:22 | INFO     | app.main | AgroGuard-AI shutting down gracefully.
2026-03-06 12:48:47 | INFO     | app.models.model_loader | Creating ModelLoader singleton (path=saved_models/agroguard_banana_resnet50.pth)
2026-03-06 12:48:47 | WARNING  | app.models.model_loader | Checkpoint not found at 'saved_models/agroguard_banana_resnet50.pth'. Using RANDOM weights — predictions will be unreliable until a trained model is placed at this path.
2026-03-06 12:48:49 | INFO     | app.main | ╔══════════════════════════════════════════════╗
2026-03-06 12:48:49 | INFO     | app.main | ║  AgroGuard-AI v1.1.0 (Production) STARTING  ║
2026-03-06 12:48:49 | INFO     | app.main | ╚══════════════════════════════════════════════╝
2026-03-06 12:48:49 | INFO     | app.database.db | Database tables created / verified.
2026-03-06 12:48:49 | INFO     | app.main | ✓ Database tables ready.
2026-03-06 12:48:49 | INFO     | app.main | ✓ Banana disease model loaded and ready.
2026-03-06 12:48:49 | INFO     | app.main | ✓ AgroGuard-AI is ready to serve requests.
2026-03-06 12:49:12 | INFO     | app.api.speech | POST /speech/transcribe | file='FLN Vo (1).mp3' lang='hi'
2026-03-06 12:49:12 | INFO     | app.services.speech_service | Whisper transcription started | lang_hint='hi' | size=1117040 bytes
2026-03-06 12:49:12 | INFO     | app.services.speech_service | Loading Whisper medium model... (first run downloads ~1.5 GB — please wait)
2026-03-06 12:49:28 | INFO     | app.services.speech_service | ✓ Whisper medium model loaded successfully.
2026-03-06 12:49:28 | ERROR    | app.services.speech_service | Whisper transcription failed: [WinError 2] The system cannot find the file specified
Traceback (most recent call last):
  File "D:\final-year project\backend\app\services\speech_service.py", line 236, in transcribe_audio
    result = model.transcribe(
             ^^^^^^^^^^^^^^^^^
  File "D:\final-year project\backend\venv\Lib\site-packages\whisper\transcribe.py", line 139, in transcribe
    mel = log_mel_spectrogram(audio, model.dims.n_mels, padding=N_SAMPLES)
          ^^^^^^^^^^^^^^^^^^^^^^^^^^^^^^^^^^^^^^^^^^^^^^^^^^^^^^^^^^^^^^^^
  File "D:\final-year project\backend\venv\Lib\site-packages\whisper\audio.py", line 140, in log_mel_spectrogram
    audio = load_audio(audio)
            ^^^^^^^^^^^^^^^^^
  File "D:\final-year project\backend\venv\Lib\site-packages\whisper\audio.py", line 58, in load_audio
    out = run(cmd, capture_output=True, check=True).stdout
          ^^^^^^^^^^^^^^^^^^^^^^^^^^^^^^^^^^^^^^^^^
  File "C:\Users\ragul\AppData\Local\Programs\Python\Python311\Lib\subprocess.py", line 548, in run
    with Popen(*popenargs, **kwargs) as process:
         ^^^^^^^^^^^^^^^^^^^^^^^^^^^
  File "C:\Users\ragul\AppData\Local\Programs\Python\Python311\Lib\subprocess.py", line 1026, in __init__
    self._execute_child(args, executable, preexec_fn, close_fds,
  File "C:\Users\ragul\AppData\Local\Programs\Python\Python311\Lib\subprocess.py", line 1538, in _execute_child
    hp, ht, pid, tid = _winapi.CreateProcess(executable, args,
                       ^^^^^^^^^^^^^^^^^^^^^^^^^^^^^^^^^^^^^^^
FileNotFoundError: [WinError 2] The system cannot find the file specified
2026-03-06 12:49:28 | ERROR    | app.api.speech | Whisper error: Audio transcription failed: [WinError 2] The system cannot find the file specified
2026-03-06 12:52:24 | INFO     | app.models.model_loader | Creating ModelLoader singleton (path=saved_models/agroguard_banana_resnet50.pth)
2026-03-06 12:52:25 | WARNING  | app.models.model_loader | Checkpoint not found at 'saved_models/agroguard_banana_resnet50.pth'. Using RANDOM weights — predictions will be unreliable until a trained model is placed at this path.
2026-03-06 12:52:26 | INFO     | app.main | ╔══════════════════════════════════════════════╗
2026-03-06 12:52:26 | INFO     | app.main | ║  AgroGuard-AI v1.1.0 (Production) STARTING  ║
2026-03-06 12:52:26 | INFO     | app.main | ╚══════════════════════════════════════════════╝
2026-03-06 12:52:27 | INFO     | app.database.db | Database tables created / verified.
2026-03-06 12:52:27 | INFO     | app.main | ✓ Database tables ready.
2026-03-06 12:52:27 | INFO     | app.main | ✓ Banana disease model loaded and ready.
2026-03-06 12:52:27 | INFO     | app.main | ✓ AgroGuard-AI is ready to serve requests.
2026-03-06 12:53:13 | INFO     | app.api.speech | POST /speech/transcribe | file='FLN Vo (1).mp3' lang='hi'
2026-03-06 12:53:13 | INFO     | app.services.speech_service | Whisper transcription started | lang_hint='hi' | size=1117040 bytes
2026-03-06 12:53:13 | INFO     | app.services.speech_service | Loading Whisper medium model... (first run downloads ~1.5 GB — please wait)
2026-03-06 12:53:31 | INFO     | app.services.speech_service | ✓ Whisper medium model loaded successfully.
2026-03-06 12:56:42 | INFO     | app.services.speech_service | Whisper complete | detected_lang='hi' | text='हम इस प्रस्तुती में, FLN मिशन पर बात करेंगे. इसे foundational literacy and numer'
2026-03-06 12:57:16 | INFO     | app.api.speech | POST /speech/transcribe | file='FLN Vo (1).mp3' lang='ta'
2026-03-06 12:57:16 | INFO     | app.services.speech_service | Whisper transcription started | lang_hint='ta' | size=1117040 bytes
2026-03-06 13:03:43 | INFO     | app.services.speech_service | Whisper complete | detected_lang='ta' | text='ین் முந்த மூல் பூத் individuals who sufficient strength affecting children Самந்'
2026-03-06 13:05:15 | INFO     | app.api.speech | POST /speech/transcribe | file='FLN Vo (1).mp3' lang='en'
2026-03-06 13:05:15 | INFO     | app.services.speech_service | Whisper transcription started | lang_hint='en' | size=1117040 bytes
2026-03-06 13:06:07 | INFO     | app.services.speech_service | Whisper complete | detected_lang='en' | text='In this presentation, we will talk about the FLN mission. It is called Foundatio'
2026-03-06 13:08:24 | INFO     | app.api.routes | POST /predict | file='Image_21.jpg' type='image/jpeg' lat=-90.0 lng=-180.0
2026-03-06 13:08:24 | INFO     | app.services.prediction_service | ── Prediction Pipeline START ──
2026-03-06 13:08:24 | INFO     | app.services.prediction_service | Step 1 ✓ Image validated
2026-03-06 13:08:24 | INFO     | app.services.prediction_service | Step 2 ✓ Preprocessed → (1, 3, 224, 224)
2026-03-06 13:08:24 | INFO     | app.models.disease_classifier | Prediction → 'Banana - Pseudostem Weevil Infestation' confidence=0.8839 ✓
2026-03-06 13:08:24 | INFO     | app.services.prediction_service | Step 3 ✓ Disease='Banana - Pseudostem Weevil Infestation' Confidence=0.8839 is_confident=True is_banana=True
2026-03-06 13:08:24 | INFO     | app.models.severity_estimator | Severity estimated → High (disease='Banana - Pseudostem Weevil Infestation', confidence=0.8839)
2026-03-06 13:08:24 | INFO     | app.services.prediction_service | Step 4 ✓ Severity=High
2026-03-06 13:08:24 | INFO     | app.services.advisory_service | Advisory matched keyword='weevil' severity='High'
2026-03-06 13:08:24 | INFO     | app.services.prediction_service | Step 5 ✓ Advisory generated (559 chars)
2026-03-06 13:08:24 | INFO     | app.services.location_service | Nearest centre: Tirunelveli Horticulture Office (State Horticulture Office) — 10976.5 km away
2026-03-06 13:08:24 | INFO     | app.services.prediction_service | Step 6 ✓ Nearest centre: Tirunelveli Horticulture Office (State Horticulture Office) — 10976.5 km away
2026-03-06 13:08:25 | INFO     | app.database.crud | Prediction saved → id=10 disease='Banana - Pseudostem Weevil Infestation'
2026-03-06 13:08:25 | INFO     | app.services.prediction_service | Step 7 ✓ Saved to database
2026-03-06 13:08:25 | INFO     | app.services.prediction_service | ── Prediction Pipeline COMPLETE → Banana - Pseudostem Weevil Infestation | High | 88.39% ──
2026-03-06 13:09:13 | INFO     | app.api.routes | POST /predict | file='20210219_160954.jpg' type='image/jpeg' lat=-90.0 lng=-180.0
2026-03-06 13:09:13 | INFO     | app.services.prediction_service | ── Prediction Pipeline START ──
2026-03-06 13:09:13 | INFO     | app.services.prediction_service | Step 1 ✓ Image validated
2026-03-06 13:09:13 | INFO     | app.services.prediction_service | Step 2 ✓ Preprocessed → (1, 3, 224, 224)
2026-03-06 13:09:13 | INFO     | app.models.disease_classifier | Prediction → 'Banana - Pseudostem Weevil Infestation' confidence=0.8881 ✓
2026-03-06 13:09:13 | INFO     | app.services.prediction_service | Step 3 ✓ Disease='Banana - Pseudostem Weevil Infestation' Confidence=0.8881 is_confident=True is_banana=True
2026-03-06 13:09:13 | INFO     | app.models.severity_estimator | Severity estimated → High (disease='Banana - Pseudostem Weevil Infestation', confidence=0.8881)
2026-03-06 13:09:13 | INFO     | app.services.prediction_service | Step 4 ✓ Severity=High
2026-03-06 13:09:13 | INFO     | app.services.advisory_service | Advisory matched keyword='weevil' severity='High'
2026-03-06 13:09:13 | INFO     | app.services.prediction_service | Step 5 ✓ Advisory generated (559 chars)
2026-03-06 13:09:13 | INFO     | app.services.location_service | Nearest centre: Tirunelveli Horticulture Office (State Horticulture Office) — 10976.5 km away
2026-03-06 13:09:13 | INFO     | app.services.prediction_service | Step 6 ✓ Nearest centre: Tirunelveli Horticulture Office (State Horticulture Office) — 10976.5 km away
2026-03-06 13:09:14 | INFO     | app.database.crud | Prediction saved → id=11 disease='Banana - Pseudostem Weevil Infestation'
2026-03-06 13:09:14 | INFO     | app.services.prediction_service | Step 7 ✓ Saved to database
2026-03-06 13:09:14 | INFO     | app.services.prediction_service | ── Prediction Pipeline COMPLETE → Banana - Pseudostem Weevil Infestation | High | 88.81% ──
2026-03-10 16:31:09 | INFO     | app.models.model_loader | Creating ModelLoader singleton (path=saved_models/agroguard_banana_resnet50.pth)
2026-03-10 16:31:10 | WARNING  | app.models.model_loader | Checkpoint not found at 'saved_models/agroguard_banana_resnet50.pth'. Using RANDOM weights — predictions will be unreliable until a trained model is placed at this path.
2026-03-10 16:31:19 | INFO     | app.main | ╔══════════════════════════════════════════════╗
2026-03-10 16:31:19 | INFO     | app.main | ║  AgroGuard-AI v1.2.0 (Production) STARTING  ║
2026-03-10 16:31:19 | INFO     | app.main | ╚══════════════════════════════════════════════╝
2026-03-10 16:31:19 | INFO     | app.database.db | Database tables created / verified.
2026-03-10 16:31:19 | INFO     | app.main | ✓ Database tables ready.
2026-03-10 16:31:19 | INFO     | app.main | ✓ Banana disease model loaded and ready.
2026-03-10 16:31:19 | INFO     | app.main | ✓ AgroGuard-AI v1.2.0 is ready to serve requests.
2026-03-10 16:33:22 | INFO     | app.api.auth | POST /auth/register | phone='8667540547' name='Ragul J'
2026-03-10 16:34:49 | INFO     | app.main | AgroGuard-AI shutting down gracefully.
2026-03-10 16:37:31 | INFO     | app.models.model_loader | Creating ModelLoader singleton (path=saved_models/agroguard_banana_resnet50.pth)
2026-03-10 16:37:32 | WARNING  | app.models.model_loader | Checkpoint not found at 'saved_models/agroguard_banana_resnet50.pth'. Using RANDOM weights — predictions will be unreliable until a trained model is placed at this path.
2026-03-10 16:37:33 | INFO     | app.main | ╔══════════════════════════════════════════════╗
2026-03-10 16:37:33 | INFO     | app.main | ║  AgroGuard-AI v1.2.0 (Production) STARTING  ║
2026-03-10 16:37:33 | INFO     | app.main | ╚══════════════════════════════════════════════╝
2026-03-10 16:37:33 | INFO     | app.database.db | Database tables created / verified.
2026-03-10 16:37:33 | INFO     | app.main | ✓ Database tables ready.
2026-03-10 16:37:33 | INFO     | app.main | ✓ Banana disease model loaded and ready.
2026-03-10 16:37:33 | INFO     | app.main | ✓ AgroGuard-AI v1.2.0 is ready to serve requests.
2026-03-10 16:38:36 | INFO     | app.api.auth | POST /auth/register | phone='8667540547' name='Ragul J'
2026-03-10 16:38:38 | INFO     | app.services.auth_service | New farmer registered → id=1 name='Ragul J' phone='8667540547'
2026-03-10 16:38:38 | INFO     | app.services.auth_service | JWT token created for farmer_id=1
2026-03-10 16:38:38 | INFO     | app.services.auth_service | Farmer logged in → id=1 phone='8667540547'
2026-03-10 16:39:32 | INFO     | app.api.auth | POST /auth/login | phone='8667540547'
2026-03-10 16:39:33 | INFO     | app.services.auth_service | JWT token created for farmer_id=1
2026-03-10 16:39:33 | INFO     | app.services.auth_service | Farmer logged in → id=1 phone='8667540547'
2026-03-10 16:46:00 | INFO     | app.api.auth | POST /auth/login | phone='8667540547'
2026-03-10 16:46:01 | INFO     | app.services.auth_service | JWT token created for farmer_id=1
2026-03-10 16:46:01 | INFO     | app.services.auth_service | Farmer logged in → id=1 phone='8667540547'
2026-03-10 16:51:52 | INFO     | app.api.auth | GET /auth/me | farmer_id=1
2026-03-10 16:52:33 | WARNING  | app.services.auth_service | JWT decode failed: Signature verification failed.
2026-03-10 16:52:33 | WARNING  | app.utils.dependencies | Invalid JWT token received.
2026-03-10 16:52:49 | WARNING  | app.services.auth_service | JWT decode failed: Signature verification failed.
2026-03-10 16:52:49 | WARNING  | app.utils.dependencies | Invalid JWT token received.
2026-03-10 16:55:03 | INFO     | app.main | AgroGuard-AI shutting down gracefully.
2026-03-10 21:18:07 | INFO     | app.models.model_loader | Creating ModelLoader singleton (path=saved_models/agroguard_banana_resnet50.pth)
2026-03-10 21:18:07 | WARNING  | app.models.model_loader | Checkpoint not found at 'saved_models/agroguard_banana_resnet50.pth'. Using RANDOM weights — predictions will be unreliable until a trained model is placed at this path.
2026-03-10 21:18:09 | INFO     | app.main | ╔══════════════════════════════════════════════╗
2026-03-10 21:18:09 | INFO     | app.main | ║  AgroGuard-AI v1.2.0 (Production) STARTING  ║
2026-03-10 21:18:09 | INFO     | app.main | ╚══════════════════════════════════════════════╝
2026-03-10 21:18:09 | INFO     | app.database.db | Database tables created / verified.
2026-03-10 21:18:09 | INFO     | app.main | ✓ Database tables ready.
2026-03-10 21:18:09 | INFO     | app.main | ✓ Banana disease model loaded and ready.
2026-03-10 21:18:09 | INFO     | app.main | ✓ AgroGuard-AI v1.2.0 is ready to serve requests.
2026-03-10 21:19:59 | INFO     | app.api.auth | POST /auth/login | phone='8667540547'
2026-03-10 21:20:00 | INFO     | app.services.auth_service | JWT token created for farmer_id=1
2026-03-10 21:20:00 | INFO     | app.services.auth_service | Farmer logged in → id=1 phone='8667540547'
2026-03-10 21:20:44 | INFO     | app.api.auth | GET /auth/me | farmer_id=1
2026-03-10 21:21:29 | INFO     | app.api.auth | GET /auth/me/predictions | farmer_id=1
2026-03-10 21:23:21 | INFO     | app.main | AgroGuard-AI shutting down gracefully.
2026-03-10 22:51:27 | INFO     | app.models.model_loader | Creating ModelLoader singleton (path=saved_models/agroguard_banana_resnet50.pth)
2026-03-10 22:51:27 | WARNING  | app.models.model_loader | Checkpoint not found at 'saved_models/agroguard_banana_resnet50.pth'. Using RANDOM weights — predictions will be unreliable until a trained model is placed at this path.
2026-03-10 22:51:30 | INFO     | app.main | ╔══════════════════════════════════════════════╗
2026-03-10 22:51:30 | INFO     | app.main | ║  AgroGuard-AI STARTING  ║
2026-03-10 22:51:30 | INFO     | app.main | ╚══════════════════════════════════════════════╝
2026-03-10 22:51:30 | INFO     | app.database.db | Database tables created / verified.
2026-03-10 22:51:30 | INFO     | app.main | ✓ Database tables ready.
2026-03-10 22:51:30 | INFO     | app.main | ✓ Banana disease model loaded and ready.
2026-03-10 22:51:30 | INFO     | app.main | ✓ AgroGuard-AI v1.2.0 is ready → base URL: /api/v1
2026-03-10 22:54:51 | INFO     | app.api.auth | POST /auth/login | phone='8667540547'
2026-03-10 22:54:52 | INFO     | app.services.auth_service | JWT token created for farmer_id=1
2026-03-10 22:54:52 | INFO     | app.services.auth_service | Farmer logged in → id=1 phone='8667540547'
2026-03-10 22:56:20 | INFO     | app.api.routes | POST /predict | farmer_id=1 phone='8667540547' file='aug_0_278.jpg' lat=-90.0 lng=-180.0
2026-03-10 22:56:20 | INFO     | app.services.prediction_service | ── Prediction Pipeline START (farmer_id=1) ──
2026-03-10 22:56:20 | INFO     | app.services.prediction_service | Step 1 ✓ Image validated
2026-03-10 22:56:20 | INFO     | app.services.prediction_service | Step 2 ✓ Preprocessed → (1, 3, 224, 224)
2026-03-10 22:56:22 | INFO     | app.models.disease_classifier | Prediction → 'Banana - Pseudostem Weevil Infestation' confidence=0.9543 ✓
2026-03-10 22:56:22 | INFO     | app.services.prediction_service | Step 3 ✓ Disease='Banana - Pseudostem Weevil Infestation' Confidence=0.9543 is_confident=True is_banana=True
2026-03-10 22:56:22 | INFO     | app.models.severity_estimator | Severity estimated → High (disease='Banana - Pseudostem Weevil Infestation', confidence=0.9543)
2026-03-10 22:56:22 | INFO     | app.services.prediction_service | Step 4 ✓ Severity=High
2026-03-10 22:56:22 | ERROR    | app.services.advisory_service | ✗ Gemini initialisation failed: No API key was provided. Please pass a valid API key. Learn how to create an API key at https://ai.google.dev/gemini-api/docs/api-key.
2026-03-10 22:56:22 | WARNING  | app.services.advisory_service | Gemini unavailable — using fallback KB for disease='Banana - Pseudostem Weevil Infestation' severity='High'
2026-03-10 22:56:22 | INFO     | app.services.advisory_service | Fallback KB matched keyword='weevil' severity='High'
2026-03-10 22:56:22 | INFO     | app.services.prediction_service | Step 5 ✓ Advisory generated (271 chars)
2026-03-10 22:56:22 | WARNING  | app.services.location_service | GOOGLE_MAPS_API_KEY not set — skipping Maps API.
2026-03-10 22:56:22 | WARNING  | app.services.location_service | Google Maps API failed — using fallback centres.
2026-03-10 22:56:22 | INFO     | app.services.location_service | Fallback centre: Tirunelveli Horticulture Office (State Horticulture Office) — 10976.5 km away
2026-03-10 22:56:22 | INFO     | app.services.prediction_service | Step 6 ✓ Nearest centre: Tirunelveli Horticulture Office (State Horticulture Office) — 10976.5 km away
2026-03-10 22:56:22 | INFO     | app.database.crud | Prediction saved → id=1 farmer_id=1 disease='Banana - Pseudostem Weevil Infestation'
2026-03-10 22:56:22 | INFO     | app.services.prediction_service | Step 7 ✓ Saved to database
2026-03-10 22:56:22 | INFO     | app.services.prediction_service | ── Prediction Pipeline COMPLETE → Banana - Pseudostem Weevil Infestation | High | 95.43% ──
2026-03-10 23:57:14 | INFO     | app.main | AgroGuard-AI shutting down gracefully.
2026-03-12 11:09:13 | INFO     | app.models.model_loader | Creating ModelLoader singleton (path=saved_models/agroguard_banana_resnet50.pth)
2026-03-12 11:09:13 | INFO     | app.models.model_loader | Loading banana model weights from 'saved_models/agroguard_banana_resnet50.pth' on cuda
2026-03-12 11:14:03 | INFO     | app.models.model_loader | Creating ModelLoader singleton (path=saved_models/agroguard_banana_resnet50.pth)
2026-03-12 11:14:04 | INFO     | app.models.model_loader | Loading banana model weights from 'saved_models/agroguard_banana_resnet50.pth' on cuda
2026-03-12 11:14:14 | INFO     | app.main | ╔══════════════════════════════════════════════╗
2026-03-12 11:14:14 | INFO     | app.main | ║  AgroGuard-AI STARTING  ║
2026-03-12 11:14:14 | INFO     | app.main | ╚══════════════════════════════════════════════╝
2026-03-12 11:14:15 | INFO     | app.database.db | Database tables created / verified.
2026-03-12 11:14:15 | INFO     | app.main | ✓ Database tables ready.
2026-03-12 11:14:15 | INFO     | app.main | ✓ Banana disease model loaded and ready.
2026-03-12 11:14:15 | INFO     | app.main | ✓ AgroGuard-AI v1.2.0 is ready → base URL: /api/v1
2026-03-12 11:15:58 | INFO     | app.api.auth | POST /auth/login | phone='8667540547'
2026-03-12 11:15:59 | INFO     | app.services.auth_service | JWT token created for farmer_id=1
2026-03-12 11:15:59 | INFO     | app.services.auth_service | Farmer logged in → id=1 phone='8667540547'
2026-03-12 11:16:29 | INFO     | app.api.routes | POST /predict | farmer_id=1 phone='8667540547' file='1_jpeg.rf.0e0952f0980263d9d52e0f5eb0732537.jpg' lat=-90.0 lng=-180.0
2026-03-12 11:16:29 | INFO     | app.services.prediction_service | ── Prediction Pipeline START (farmer_id=1) ──
2026-03-12 11:16:29 | INFO     | app.services.prediction_service | Step 1 ✓ Image validated
2026-03-12 11:16:30 | INFO     | app.services.prediction_service | Step 2 ✓ Preprocessed → (1, 3, 224, 224)
2026-03-12 11:16:33 | INFO     | app.models.disease_classifier | Prediction → 'Banana - Yellow Sigatoka' confidence=0.8714 ✓
2026-03-12 11:16:33 | INFO     | app.services.prediction_service | Step 3 ✓ Disease='Banana - Yellow Sigatoka' Confidence=0.8714 is_confident=True is_banana=True
2026-03-12 11:16:33 | INFO     | app.models.severity_estimator | Severity estimated → High (disease='Banana - Yellow Sigatoka', confidence=0.8714)
2026-03-12 11:16:33 | INFO     | app.services.prediction_service | Step 4 ✓ Severity=High
2026-03-12 11:16:33 | ERROR    | app.services.advisory_service | ✗ Gemini initialisation failed: No API key was provided. Please pass a valid API key. Learn how to create an API key at https://ai.google.dev/gemini-api/docs/api-key.
2026-03-12 11:16:33 | WARNING  | app.services.advisory_service | Gemini unavailable — using fallback KB for disease='Banana - Yellow Sigatoka' severity='High'
2026-03-12 11:16:33 | INFO     | app.services.advisory_service | Fallback KB matched keyword='yellow sigatoka' severity='High'
2026-03-12 11:16:33 | INFO     | app.services.prediction_service | Step 5 ✓ Advisory generated (254 chars)
2026-03-12 11:16:33 | WARNING  | app.services.location_service | GOOGLE_MAPS_API_KEY not set — skipping Maps API.
2026-03-12 11:16:33 | WARNING  | app.services.location_service | Google Maps API failed — using fallback centres.
2026-03-12 11:16:33 | INFO     | app.services.location_service | Fallback centre: Tirunelveli Horticulture Office (State Horticulture Office) — 10976.5 km away
2026-03-12 11:16:33 | INFO     | app.services.prediction_service | Step 6 ✓ Nearest centre: Tirunelveli Horticulture Office (State Horticulture Office) — 10976.5 km away
2026-03-12 11:16:33 | INFO     | app.database.crud | Prediction saved → id=2 farmer_id=1 disease='Banana - Yellow Sigatoka'
2026-03-12 11:16:33 | INFO     | app.services.prediction_service | Step 7 ✓ Saved to database
2026-03-12 11:16:33 | INFO     | app.services.prediction_service | ── Prediction Pipeline COMPLETE → Banana - Yellow Sigatoka | High | 87.14% ──
2026-03-12 11:17:08 | INFO     | app.api.routes | POST /predict | farmer_id=1 phone='8667540547' file='48_jpeg.rf.0361f14177f03609db4f3677db948ada.jpg' lat=-90.0 lng=-180.0
2026-03-12 11:17:08 | INFO     | app.services.prediction_service | ── Prediction Pipeline START (farmer_id=1) ──
2026-03-12 11:17:08 | INFO     | app.services.prediction_service | Step 1 ✓ Image validated
2026-03-12 11:17:08 | INFO     | app.services.prediction_service | Step 2 ✓ Preprocessed → (1, 3, 224, 224)
2026-03-12 11:17:08 | WARNING  | app.models.disease_classifier | Low confidence prediction rejected (confidence=0.6465 < threshold=0.7500)
2026-03-12 11:17:08 | INFO     | app.services.prediction_service | Step 3 ✓ Disease='Banana - Yellow Sigatoka' Confidence=0.6465 is_confident=False is_banana=True
2026-03-12 11:17:08 | INFO     | app.models.severity_estimator | Severity estimated → Medium (disease='Banana - Yellow Sigatoka', confidence=0.6465)
2026-03-12 11:17:08 | INFO     | app.services.prediction_service | Step 4 ✓ Severity=Medium
2026-03-12 11:17:08 | INFO     | app.services.prediction_service | Step 5 ✓ Advisory generated (83 chars)
2026-03-12 11:17:08 | WARNING  | app.services.location_service | GOOGLE_MAPS_API_KEY not set — skipping Maps API.
2026-03-12 11:17:08 | WARNING  | app.services.location_service | Google Maps API failed — using fallback centres.
2026-03-12 11:17:08 | INFO     | app.services.location_service | Fallback centre: Tirunelveli Horticulture Office (State Horticulture Office) — 10976.5 km away
2026-03-12 11:17:08 | INFO     | app.services.prediction_service | Step 6 ✓ Nearest centre: Tirunelveli Horticulture Office (State Horticulture Office) — 10976.5 km away
2026-03-12 11:17:08 | INFO     | app.database.crud | Prediction saved → id=3 farmer_id=1 disease='Banana - Yellow Sigatoka'
2026-03-12 11:17:08 | INFO     | app.services.prediction_service | Step 7 ✓ Saved to database
2026-03-12 11:17:08 | INFO     | app.services.prediction_service | ── Prediction Pipeline COMPLETE → Banana - Yellow Sigatoka | Medium | 64.65% ──
2026-03-12 11:17:40 | INFO     | app.api.routes | POST /predict | farmer_id=1 phone='8667540547' file='aug_0_18.jpg' lat=-90.0 lng=-180.0
2026-03-12 11:17:40 | INFO     | app.services.prediction_service | ── Prediction Pipeline START (farmer_id=1) ──
2026-03-12 11:17:40 | INFO     | app.services.prediction_service | Step 1 ✓ Image validated
2026-03-12 11:17:40 | INFO     | app.services.prediction_service | Step 2 ✓ Preprocessed → (1, 3, 224, 224)
2026-03-12 11:17:40 | INFO     | app.models.disease_classifier | Prediction → 'Banana - Yellow Sigatoka' confidence=0.9051 ✓
2026-03-12 11:17:40 | INFO     | app.services.prediction_service | Step 3 ✓ Disease='Banana - Yellow Sigatoka' Confidence=0.9051 is_confident=True is_banana=True
2026-03-12 11:17:40 | INFO     | app.models.severity_estimator | Severity estimated → High (disease='Banana - Yellow Sigatoka', confidence=0.9051)
2026-03-12 11:17:40 | INFO     | app.services.prediction_service | Step 4 ✓ Severity=High
2026-03-12 11:17:40 | ERROR    | app.services.advisory_service | ✗ Gemini initialisation failed: No API key was provided. Please pass a valid API key. Learn how to create an API key at https://ai.google.dev/gemini-api/docs/api-key.
2026-03-12 11:17:40 | WARNING  | app.services.advisory_service | Gemini unavailable — using fallback KB for disease='Banana - Yellow Sigatoka' severity='High'
2026-03-12 11:17:40 | INFO     | app.services.advisory_service | Fallback KB matched keyword='yellow sigatoka' severity='High'
2026-03-12 11:17:40 | INFO     | app.services.prediction_service | Step 5 ✓ Advisory generated (254 chars)
2026-03-12 11:17:40 | WARNING  | app.services.location_service | GOOGLE_MAPS_API_KEY not set — skipping Maps API.
2026-03-12 11:17:40 | WARNING  | app.services.location_service | Google Maps API failed — using fallback centres.
2026-03-12 11:17:40 | INFO     | app.services.location_service | Fallback centre: Tirunelveli Horticulture Office (State Horticulture Office) — 10976.5 km away
2026-03-12 11:17:40 | INFO     | app.services.prediction_service | Step 6 ✓ Nearest centre: Tirunelveli Horticulture Office (State Horticulture Office) — 10976.5 km away
2026-03-12 11:17:40 | INFO     | app.database.crud | Prediction saved → id=4 farmer_id=1 disease='Banana - Yellow Sigatoka'
2026-03-12 11:17:40 | INFO     | app.services.prediction_service | Step 7 ✓ Saved to database
2026-03-12 11:17:40 | INFO     | app.services.prediction_service | ── Prediction Pipeline COMPLETE → Banana - Yellow Sigatoka | High | 90.51% ──
2026-03-12 11:20:24 | INFO     | app.main | AgroGuard-AI shutting down gracefully.
2026-03-12 11:27:08 | INFO     | app.models.model_loader | Creating ModelLoader singleton (path=saved_models/agroguard_banana_resnet50.pth)
2026-03-12 11:27:09 | INFO     | app.models.model_loader | Loading banana model weights from 'saved_models/agroguard_banana_resnet50.pth' on cuda
2026-03-12 11:27:12 | INFO     | app.main | ╔══════════════════════════════════════════════╗
2026-03-12 11:27:12 | INFO     | app.main | ║  AgroGuard-AI STARTING  ║
2026-03-12 11:27:12 | INFO     | app.main | ╚══════════════════════════════════════════════╝
2026-03-12 11:27:13 | INFO     | app.database.db | Database tables created / verified.
2026-03-12 11:27:13 | INFO     | app.main | ✓ Database tables ready.
2026-03-12 11:27:13 | INFO     | app.main | ✓ Banana disease model loaded and ready.
2026-03-12 11:27:13 | INFO     | app.main | ✓ AgroGuard-AI v1.2.0 is ready → base URL: /api/v1
2026-03-12 11:27:13 | INFO     | app.api.routes | POST /predict | farmer_id=1 phone='8667540547' file='download.jpg' lat=-90.0 lng=-180.0
2026-03-12 11:27:13 | INFO     | app.services.prediction_service | ── Prediction Pipeline START (farmer_id=1) ──
2026-03-12 11:27:13 | INFO     | app.services.prediction_service | Step 1 ✓ Image validated
2026-03-12 11:27:13 | INFO     | app.services.prediction_service | Step 2 ✓ Preprocessed → (1, 3, 224, 224)
2026-03-12 11:27:14 | INFO     | app.models.disease_classifier | Prediction → 'Banana - Anthracnose' confidence=0.8910 ✓
2026-03-12 11:27:14 | INFO     | app.services.prediction_service | Step 3 ✓ Disease='Banana - Anthracnose' Confidence=0.8910 is_confident=True is_banana=True
2026-03-12 11:27:14 | INFO     | app.models.severity_estimator | Severity estimated → High (disease='Banana - Anthracnose', confidence=0.8910)
2026-03-12 11:27:14 | INFO     | app.services.prediction_service | Step 4 ✓ Severity=High
2026-03-12 11:27:14 | ERROR    | app.services.advisory_service | ✗ Gemini initialisation failed: No API key was provided. Please pass a valid API key. Learn how to create an API key at https://ai.google.dev/gemini-api/docs/api-key.
2026-03-12 11:27:14 | WARNING  | app.services.advisory_service | Gemini unavailable — using fallback KB for disease='Banana - Anthracnose' severity='High'
2026-03-12 11:27:14 | INFO     | app.services.advisory_service | Fallback KB matched keyword='anthracnose' severity='High'
2026-03-12 11:27:14 | INFO     | app.services.prediction_service | Step 5 ✓ Advisory generated (233 chars)
2026-03-12 11:27:14 | WARNING  | app.services.location_service | GOOGLE_MAPS_API_KEY not set — skipping Maps API.
2026-03-12 11:27:14 | WARNING  | app.services.location_service | Google Maps API failed — using fallback centres.
2026-03-12 11:27:14 | INFO     | app.services.location_service | Fallback centre: Tirunelveli Horticulture Office (State Horticulture Office) — 10976.5 km away
2026-03-12 11:27:14 | INFO     | app.services.prediction_service | Step 6 ✓ Nearest centre: Tirunelveli Horticulture Office (State Horticulture Office) — 10976.5 km away
2026-03-12 11:27:15 | INFO     | app.database.crud | Prediction saved → id=5 farmer_id=1 disease='Banana - Anthracnose'
2026-03-12 11:27:15 | INFO     | app.services.prediction_service | Step 7 ✓ Saved to database
2026-03-12 11:27:15 | INFO     | app.services.prediction_service | ── Prediction Pipeline COMPLETE → Banana - Anthracnose | High | 89.10% ──
2026-03-12 11:27:35 | INFO     | app.api.routes | POST /predict | farmer_id=1 phone='8667540547' file='download (8).jpg' lat=-90.0 lng=-180.0
2026-03-12 11:27:35 | INFO     | app.services.prediction_service | ── Prediction Pipeline START (farmer_id=1) ──
2026-03-12 11:27:35 | INFO     | app.services.prediction_service | Step 1 ✓ Image validated
2026-03-12 11:27:35 | INFO     | app.services.prediction_service | Step 2 ✓ Preprocessed → (1, 3, 224, 224)
2026-03-12 11:27:35 | INFO     | app.models.disease_classifier | Prediction → 'Banana - Anthracnose' confidence=0.8561 ✓
2026-03-12 11:27:35 | INFO     | app.services.prediction_service | Step 3 ✓ Disease='Banana - Anthracnose' Confidence=0.8561 is_confident=True is_banana=True
2026-03-12 11:27:35 | INFO     | app.models.severity_estimator | Severity estimated → High (disease='Banana - Anthracnose', confidence=0.8561)
2026-03-12 11:27:35 | INFO     | app.services.prediction_service | Step 4 ✓ Severity=High
2026-03-12 11:27:35 | ERROR    | app.services.advisory_service | ✗ Gemini initialisation failed: No API key was provided. Please pass a valid API key. Learn how to create an API key at https://ai.google.dev/gemini-api/docs/api-key.
2026-03-12 11:27:35 | WARNING  | app.services.advisory_service | Gemini unavailable — using fallback KB for disease='Banana - Anthracnose' severity='High'
2026-03-12 11:27:35 | INFO     | app.services.advisory_service | Fallback KB matched keyword='anthracnose' severity='High'
2026-03-12 11:27:35 | INFO     | app.services.prediction_service | Step 5 ✓ Advisory generated (233 chars)
2026-03-12 11:27:35 | WARNING  | app.services.location_service | GOOGLE_MAPS_API_KEY not set — skipping Maps API.
2026-03-12 11:27:35 | WARNING  | app.services.location_service | Google Maps API failed — using fallback centres.
2026-03-12 11:27:35 | INFO     | app.services.location_service | Fallback centre: Tirunelveli Horticulture Office (State Horticulture Office) — 10976.5 km away
2026-03-12 11:27:35 | INFO     | app.services.prediction_service | Step 6 ✓ Nearest centre: Tirunelveli Horticulture Office (State Horticulture Office) — 10976.5 km away
2026-03-12 11:27:36 | INFO     | app.database.crud | Prediction saved → id=6 farmer_id=1 disease='Banana - Anthracnose'
2026-03-12 11:27:36 | INFO     | app.services.prediction_service | Step 7 ✓ Saved to database
2026-03-12 11:27:36 | INFO     | app.services.prediction_service | ── Prediction Pipeline COMPLETE → Banana - Anthracnose | High | 85.61% ──
2026-03-12 11:28:13 | INFO     | app.main | AgroGuard-AI shutting down gracefully.
2026-03-12 11:28:43 | INFO     | app.models.model_loader | Creating ModelLoader singleton (path=saved_models/agroguard_banana_resnet50.pth)
2026-03-12 11:28:44 | INFO     | app.models.model_loader | Loading banana model weights from 'saved_models/agroguard_banana_resnet50.pth' on cuda
2026-03-12 11:28:47 | INFO     | app.main | ╔══════════════════════════════════════════════╗
2026-03-12 11:28:47 | INFO     | app.main | ║  AgroGuard-AI STARTING  ║
2026-03-12 11:28:47 | INFO     | app.main | ╚══════════════════════════════════════════════╝
2026-03-12 11:28:47 | INFO     | app.database.db | Database tables created / verified.
2026-03-12 11:28:47 | INFO     | app.main | ✓ Database tables ready.
2026-03-12 11:28:47 | INFO     | app.main | ✓ Banana disease model loaded and ready.
2026-03-12 11:28:47 | INFO     | app.main | ✓ AgroGuard-AI v1.2.0 is ready → base URL: /api/v1
2026-03-12 11:29:46 | INFO     | app.api.auth | POST /auth/login | phone='8667540547'
2026-03-12 11:29:46 | INFO     | app.services.auth_service | JWT token created for farmer_id=1
2026-03-12 11:29:46 | INFO     | app.services.auth_service | Farmer logged in → id=1 phone='8667540547'
2026-03-12 11:30:24 | INFO     | app.api.routes | POST /predict | farmer_id=1 phone='8667540547' file='A (21).jpg' lat=-90.0 lng=-180.0
2026-03-12 11:30:24 | INFO     | app.services.prediction_service | ── Prediction Pipeline START (farmer_id=1) ──
2026-03-12 11:30:24 | INFO     | app.services.prediction_service | Step 1 ✓ Image validated
2026-03-12 11:30:24 | INFO     | app.services.prediction_service | Step 2 ✓ Preprocessed → (1, 3, 224, 224)
2026-03-12 11:30:26 | INFO     | app.models.disease_classifier | Prediction → 'Banana - Anthracnose' confidence=0.8235 ✓
2026-03-12 11:30:26 | INFO     | app.services.prediction_service | Step 3 ✓ Disease='Banana - Anthracnose' Confidence=0.8235 is_confident=True is_banana=True
2026-03-12 11:30:26 | INFO     | app.models.severity_estimator | Severity estimated → Medium (disease='Banana - Anthracnose', confidence=0.8235)
2026-03-12 11:30:26 | INFO     | app.services.prediction_service | Step 4 ✓ Severity=Medium
2026-03-12 11:30:26 | ERROR    | app.services.advisory_service | ✗ Gemini initialisation failed: No API key was provided. Please pass a valid API key. Learn how to create an API key at https://ai.google.dev/gemini-api/docs/api-key.
2026-03-12 11:30:26 | WARNING  | app.services.advisory_service | Gemini unavailable — using fallback KB for disease='Banana - Anthracnose' severity='Medium'
2026-03-12 11:30:26 | INFO     | app.services.advisory_service | Fallback KB matched keyword='anthracnose' severity='Medium'
2026-03-12 11:30:26 | INFO     | app.services.prediction_service | Step 5 ✓ Advisory generated (159 chars)
2026-03-12 11:30:26 | WARNING  | app.services.location_service | GOOGLE_MAPS_API_KEY not set — skipping Maps API.
2026-03-12 11:30:26 | WARNING  | app.services.location_service | Google Maps API failed — using fallback centres.
2026-03-12 11:30:26 | INFO     | app.services.location_service | Fallback centre: Tirunelveli Horticulture Office (State Horticulture Office) — 10976.5 km away
2026-03-12 11:30:26 | INFO     | app.services.prediction_service | Step 6 ✓ Nearest centre: Tirunelveli Horticulture Office (State Horticulture Office) — 10976.5 km away
2026-03-12 11:30:26 | INFO     | app.database.crud | Prediction saved → id=7 farmer_id=1 disease='Banana - Anthracnose'
2026-03-12 11:30:26 | INFO     | app.services.prediction_service | Step 7 ✓ Saved to database
2026-03-12 11:30:26 | INFO     | app.services.prediction_service | ── Prediction Pipeline COMPLETE → Banana - Anthracnose | Medium | 82.35% ──
2026-03-12 11:31:20 | INFO     | app.main | AgroGuard-AI shutting down gracefully.
2026-03-12 14:36:51 | INFO     | app.models.model_loader | Creating ModelLoader singleton (path=saved_models/agroguard_banana_resnet50.pth)
2026-03-12 14:36:52 | INFO     | app.models.model_loader | Loading banana model weights from 'saved_models/agroguard_banana_resnet50.pth' on cuda
2026-03-12 14:36:56 | INFO     | app.main | ╔══════════════════════════════════════════════╗
2026-03-12 14:36:56 | INFO     | app.main | ║  AgroGuard-AI STARTING  ║
2026-03-12 14:36:56 | INFO     | app.main | ╚══════════════════════════════════════════════╝
2026-03-12 14:36:56 | INFO     | app.database.db | Database tables created / verified.
2026-03-12 14:36:56 | INFO     | app.main | ✓ Database tables ready.
2026-03-12 14:36:56 | INFO     | app.main | ✓ Banana disease model loaded and ready.
2026-03-12 14:36:56 | INFO     | app.main | ✓ AgroGuard-AI v1.2.0 is ready → base URL: /api/v1
2026-03-12 14:37:59 | INFO     | app.api.auth | POST /auth/login | phone='8667540547'
2026-03-12 14:37:59 | INFO     | app.services.auth_service | JWT token created for farmer_id=1
2026-03-12 14:37:59 | INFO     | app.services.auth_service | Farmer logged in → id=1 phone='8667540547'
2026-03-12 14:38:53 | INFO     | app.api.routes | POST /predict | farmer_id=1 phone='8667540547' file='aug_0_5037.jpg' lat=-90.0 lng=-180.0
2026-03-12 14:38:53 | INFO     | app.services.prediction_service | ── Prediction Pipeline START (farmer_id=1) ──
2026-03-12 14:38:53 | INFO     | app.services.prediction_service | Step 1 ✓ Image validated
2026-03-12 14:38:53 | INFO     | app.services.prediction_service | Step 2 ✓ Preprocessed → (1, 3, 224, 224)
2026-03-12 14:38:55 | INFO     | app.models.disease_classifier | Prediction → 'Banana - Anthracnose' confidence=0.9818 ✓
2026-03-12 14:38:55 | INFO     | app.services.prediction_service | Step 3 ✓ Disease='Banana - Anthracnose' Confidence=0.9818 is_confident=True is_banana=True
2026-03-12 14:38:55 | INFO     | app.models.severity_estimator | Severity estimated → High (disease='Banana - Anthracnose', confidence=0.9818)
2026-03-12 14:38:55 | INFO     | app.services.prediction_service | Step 4 ✓ Severity=High
2026-03-12 14:38:55 | ERROR    | app.services.advisory_service | ✗ Gemini initialisation failed: No API key was provided. Please pass a valid API key. Learn how to create an API key at https://ai.google.dev/gemini-api/docs/api-key.
2026-03-12 14:38:55 | WARNING  | app.services.advisory_service | Gemini unavailable — using fallback KB for disease='Banana - Anthracnose' severity='High'
2026-03-12 14:38:55 | INFO     | app.services.advisory_service | Fallback KB matched keyword='anthracnose' severity='High'
2026-03-12 14:38:55 | INFO     | app.services.prediction_service | Step 5 ✓ Advisory generated (233 chars)
2026-03-12 14:38:55 | WARNING  | app.services.location_service | GOOGLE_MAPS_API_KEY not set — skipping Maps API.
2026-03-12 14:38:55 | WARNING  | app.services.location_service | Google Maps API failed — using fallback centres.
2026-03-12 14:38:55 | INFO     | app.services.location_service | Fallback centre: Tirunelveli Horticulture Office (State Horticulture Office) — 10976.5 km away
2026-03-12 14:38:55 | INFO     | app.services.prediction_service | Step 6 ✓ Nearest centre: Tirunelveli Horticulture Office (State Horticulture Office) — 10976.5 km away
2026-03-12 14:38:55 | INFO     | app.database.crud | Prediction saved → id=8 farmer_id=1 disease='Banana - Anthracnose'
2026-03-12 14:38:55 | INFO     | app.services.prediction_service | Step 7 ✓ Saved to database
2026-03-12 14:38:55 | INFO     | app.services.prediction_service | ── Prediction Pipeline COMPLETE → Banana - Anthracnose | High | 98.18% ──
2026-03-12 14:39:53 | INFO     | app.api.routes | POST /predict | farmer_id=1 phone='8667540547' file='aug_0_8565.jpg' lat=-90.0 lng=-180.0
2026-03-12 14:39:53 | INFO     | app.services.prediction_service | ── Prediction Pipeline START (farmer_id=1) ──
2026-03-12 14:39:53 | INFO     | app.services.prediction_service | Step 1 ✓ Image validated
2026-03-12 14:39:53 | INFO     | app.services.prediction_service | Step 2 ✓ Preprocessed → (1, 3, 224, 224)
2026-03-12 14:39:53 | INFO     | app.models.disease_classifier | Prediction → 'Banana - Anthracnose' confidence=0.9736 ✓
2026-03-12 14:39:53 | INFO     | app.services.prediction_service | Step 3 ✓ Disease='Banana - Anthracnose' Confidence=0.9736 is_confident=True is_banana=True
2026-03-12 14:39:53 | INFO     | app.models.severity_estimator | Severity estimated → High (disease='Banana - Anthracnose', confidence=0.9736)
2026-03-12 14:39:53 | INFO     | app.services.prediction_service | Step 4 ✓ Severity=High
2026-03-12 14:39:53 | ERROR    | app.services.advisory_service | ✗ Gemini initialisation failed: No API key was provided. Please pass a valid API key. Learn how to create an API key at https://ai.google.dev/gemini-api/docs/api-key.
2026-03-12 14:39:53 | WARNING  | app.services.advisory_service | Gemini unavailable — using fallback KB for disease='Banana - Anthracnose' severity='High'
2026-03-12 14:39:53 | INFO     | app.services.advisory_service | Fallback KB matched keyword='anthracnose' severity='High'
2026-03-12 14:39:53 | INFO     | app.services.prediction_service | Step 5 ✓ Advisory generated (233 chars)
2026-03-12 14:39:53 | WARNING  | app.services.location_service | GOOGLE_MAPS_API_KEY not set — skipping Maps API.
2026-03-12 14:39:53 | WARNING  | app.services.location_service | Google Maps API failed — using fallback centres.
2026-03-12 14:39:53 | INFO     | app.services.location_service | Fallback centre: Tirunelveli Horticulture Office (State Horticulture Office) — 10976.5 km away
2026-03-12 14:39:53 | INFO     | app.services.prediction_service | Step 6 ✓ Nearest centre: Tirunelveli Horticulture Office (State Horticulture Office) — 10976.5 km away
2026-03-12 14:39:53 | INFO     | app.database.crud | Prediction saved → id=9 farmer_id=1 disease='Banana - Anthracnose'
2026-03-12 14:39:53 | INFO     | app.services.prediction_service | Step 7 ✓ Saved to database
2026-03-12 14:39:53 | INFO     | app.services.prediction_service | ── Prediction Pipeline COMPLETE → Banana - Anthracnose | High | 97.36% ──
2026-03-12 14:40:52 | INFO     | app.api.routes | POST /predict | farmer_id=1 phone='8667540547' file='20210219_112433.jpg' lat=-90.0 lng=-180.0
2026-03-12 14:40:52 | INFO     | app.services.prediction_service | ── Prediction Pipeline START (farmer_id=1) ──
2026-03-12 14:40:52 | INFO     | app.services.prediction_service | Step 1 ✓ Image validated
2026-03-12 14:40:52 | INFO     | app.services.prediction_service | Step 2 ✓ Preprocessed → (1, 3, 224, 224)
2026-03-12 14:40:52 | INFO     | app.models.disease_classifier | Prediction → 'Banana - Anthracnose' confidence=0.9027 ✓
2026-03-12 14:40:52 | INFO     | app.services.prediction_service | Step 3 ✓ Disease='Banana - Anthracnose' Confidence=0.9027 is_confident=True is_banana=True
2026-03-12 14:40:52 | INFO     | app.models.severity_estimator | Severity estimated → High (disease='Banana - Anthracnose', confidence=0.9027)
2026-03-12 14:40:52 | INFO     | app.services.prediction_service | Step 4 ✓ Severity=High
2026-03-12 14:40:52 | ERROR    | app.services.advisory_service | ✗ Gemini initialisation failed: No API key was provided. Please pass a valid API key. Learn how to create an API key at https://ai.google.dev/gemini-api/docs/api-key.
2026-03-12 14:40:52 | WARNING  | app.services.advisory_service | Gemini unavailable — using fallback KB for disease='Banana - Anthracnose' severity='High'
2026-03-12 14:40:52 | INFO     | app.services.advisory_service | Fallback KB matched keyword='anthracnose' severity='High'
2026-03-12 14:40:52 | INFO     | app.services.prediction_service | Step 5 ✓ Advisory generated (233 chars)
2026-03-12 14:40:52 | WARNING  | app.services.location_service | GOOGLE_MAPS_API_KEY not set — skipping Maps API.
2026-03-12 14:40:52 | WARNING  | app.services.location_service | Google Maps API failed — using fallback centres.
2026-03-12 14:40:52 | INFO     | app.services.location_service | Fallback centre: Tirunelveli Horticulture Office (State Horticulture Office) — 10976.5 km away
2026-03-12 14:40:52 | INFO     | app.services.prediction_service | Step 6 ✓ Nearest centre: Tirunelveli Horticulture Office (State Horticulture Office) — 10976.5 km away
2026-03-12 14:40:52 | INFO     | app.database.crud | Prediction saved → id=10 farmer_id=1 disease='Banana - Anthracnose'
2026-03-12 14:40:52 | INFO     | app.services.prediction_service | Step 7 ✓ Saved to database
2026-03-12 14:40:52 | INFO     | app.services.prediction_service | ── Prediction Pipeline COMPLETE → Banana - Anthracnose | High | 90.27% ──
2026-03-12 14:45:56 | INFO     | app.main | AgroGuard-AI shutting down gracefully.
2026-03-12 21:45:14 | INFO     | app.models.model_loader | Creating ModelLoader singleton (path=saved_models/agroguard_banana_resnet50.pth)
2026-03-12 21:45:14 | INFO     | app.models.model_loader | Loading banana model weights from 'saved_models/agroguard_banana_resnet50.pth' on cuda
2026-03-12 21:45:19 | INFO     | app.main | ╔══════════════════════════════════════════════╗
2026-03-12 21:45:19 | INFO     | app.main | ║  AgroGuard-AI STARTING  ║
2026-03-12 21:45:19 | INFO     | app.main | ╚══════════════════════════════════════════════╝
2026-03-12 21:45:20 | INFO     | app.database.db | Database tables created / verified.
2026-03-12 21:45:20 | INFO     | app.main | ✓ Database tables ready.
2026-03-12 21:45:20 | INFO     | app.main | ✓ Banana disease model loaded and ready.
2026-03-12 21:45:20 | INFO     | app.main | ✓ AgroGuard-AI v1.2.0 is ready → base URL: /api/v1
2026-03-12 21:45:52 | INFO     | app.api.auth | POST /auth/login | phone='8667540547'
2026-03-12 21:45:53 | INFO     | app.services.auth_service | JWT token created for farmer_id=1
2026-03-12 21:45:53 | INFO     | app.services.auth_service | Farmer logged in → id=1 phone='8667540547'
2026-03-12 21:46:28 | INFO     | app.api.routes | POST /predict | farmer_id=1 phone='8667540547' file='20210219_112433.jpg' lat=-90.0 lng=-180.0
2026-03-12 21:46:28 | INFO     | app.services.prediction_service | ── Prediction Pipeline START (farmer_id=1) ──
2026-03-12 21:46:28 | INFO     | app.services.prediction_service | Step 1 ✓ Image validated
2026-03-12 21:46:28 | INFO     | app.services.prediction_service | Step 2 ✓ Preprocessed → (1, 3, 224, 224)
2026-03-12 21:46:31 | INFO     | app.models.disease_classifier | Prediction → 'Banana - Black Sigatoka' confidence=0.9996 ✓
2026-03-12 21:46:31 | INFO     | app.services.prediction_service | Step 3 ✓ Disease='Banana - Black Sigatoka' Confidence=0.9996 is_confident=True is_banana=True
2026-03-12 21:46:31 | INFO     | app.models.severity_estimator | Severity estimated → High (disease='Banana - Black Sigatoka', confidence=0.9996)
2026-03-12 21:46:31 | INFO     | app.services.prediction_service | Step 4 ✓ Severity=High
2026-03-12 21:46:31 | ERROR    | app.services.advisory_service | ✗ Gemini initialisation failed: No API key was provided. Please pass a valid API key. Learn how to create an API key at https://ai.google.dev/gemini-api/docs/api-key.
2026-03-12 21:46:31 | WARNING  | app.services.advisory_service | Gemini unavailable — using fallback KB for disease='Banana - Black Sigatoka' severity='High'
2026-03-12 21:46:31 | INFO     | app.services.advisory_service | Fallback KB matched keyword='black sigatoka' severity='High'
2026-03-12 21:46:31 | INFO     | app.services.prediction_service | Step 5 ✓ Advisory generated (295 chars)
2026-03-12 21:46:31 | WARNING  | app.services.location_service | GOOGLE_MAPS_API_KEY not set — skipping Maps API.
2026-03-12 21:46:31 | WARNING  | app.services.location_service | Google Maps API failed — using fallback centres.
2026-03-12 21:46:31 | INFO     | app.services.location_service | Fallback centre: Tirunelveli Horticulture Office (State Horticulture Office) — 10976.5 km away
2026-03-12 21:46:31 | INFO     | app.services.prediction_service | Step 6 ✓ Nearest centre: Tirunelveli Horticulture Office (State Horticulture Office) — 10976.5 km away
2026-03-12 21:46:31 | INFO     | app.database.crud | Prediction saved → id=11 farmer_id=1 disease='Banana - Black Sigatoka'
2026-03-12 21:46:31 | INFO     | app.services.prediction_service | Step 7 ✓ Saved to database
2026-03-12 21:46:31 | INFO     | app.services.prediction_service | ── Prediction Pipeline COMPLETE → Banana - Black Sigatoka | High | 99.96% ──
2026-03-12 21:46:54 | INFO     | app.api.routes | POST /predict | farmer_id=1 phone='8667540547' file='2.jpg' lat=-90.0 lng=-180.0
2026-03-12 21:46:54 | INFO     | app.services.prediction_service | ── Prediction Pipeline START (farmer_id=1) ──
2026-03-12 21:46:54 | INFO     | app.services.prediction_service | Step 1 ✓ Image validated
2026-03-12 21:46:54 | INFO     | app.services.prediction_service | Step 2 ✓ Preprocessed → (1, 3, 224, 224)
2026-03-12 21:46:54 | INFO     | app.models.disease_classifier | Prediction → 'Banana - Black Sigatoka' confidence=0.9997 ✓
2026-03-12 21:46:54 | INFO     | app.services.prediction_service | Step 3 ✓ Disease='Banana - Black Sigatoka' Confidence=0.9997 is_confident=True is_banana=True
2026-03-12 21:46:54 | INFO     | app.models.severity_estimator | Severity estimated → High (disease='Banana - Black Sigatoka', confidence=0.9997)
2026-03-12 21:46:54 | INFO     | app.services.prediction_service | Step 4 ✓ Severity=High
2026-03-12 21:46:54 | ERROR    | app.services.advisory_service | ✗ Gemini initialisation failed: No API key was provided. Please pass a valid API key. Learn how to create an API key at https://ai.google.dev/gemini-api/docs/api-key.
2026-03-12 21:46:54 | WARNING  | app.services.advisory_service | Gemini unavailable — using fallback KB for disease='Banana - Black Sigatoka' severity='High'
2026-03-12 21:46:54 | INFO     | app.services.advisory_service | Fallback KB matched keyword='black sigatoka' severity='High'
2026-03-12 21:46:54 | INFO     | app.services.prediction_service | Step 5 ✓ Advisory generated (295 chars)
2026-03-12 21:46:54 | WARNING  | app.services.location_service | GOOGLE_MAPS_API_KEY not set — skipping Maps API.
2026-03-12 21:46:54 | WARNING  | app.services.location_service | Google Maps API failed — using fallback centres.
2026-03-12 21:46:54 | INFO     | app.services.location_service | Fallback centre: Tirunelveli Horticulture Office (State Horticulture Office) — 10976.5 km away
2026-03-12 21:46:54 | INFO     | app.services.prediction_service | Step 6 ✓ Nearest centre: Tirunelveli Horticulture Office (State Horticulture Office) — 10976.5 km away
2026-03-12 21:46:54 | INFO     | app.database.crud | Prediction saved → id=12 farmer_id=1 disease='Banana - Black Sigatoka'
2026-03-12 21:46:54 | INFO     | app.services.prediction_service | Step 7 ✓ Saved to database
2026-03-12 21:46:54 | INFO     | app.services.prediction_service | ── Prediction Pipeline COMPLETE → Banana - Black Sigatoka | High | 99.97% ──
2026-03-12 21:51:05 | INFO     | app.main | AgroGuard-AI shutting down gracefully.
2026-03-12 21:53:16 | INFO     | app.models.model_loader | Creating ModelLoader singleton (path=saved_models/agroguard_banana_resnet50.pth)
2026-03-12 21:53:17 | INFO     | app.models.model_loader | Loading banana model weights from 'saved_models/agroguard_banana_resnet50.pth' on cuda
2026-03-12 21:53:17 | INFO     | app.models.model_loader | Banana disease model loaded successfully (7 classes).
2026-03-12 21:53:18 | INFO     | app.main | ╔══════════════════════════════════════════════╗
2026-03-12 21:53:18 | INFO     | app.main | ║  AgroGuard-AI STARTING  ║
2026-03-12 21:53:18 | INFO     | app.main | ╚══════════════════════════════════════════════╝
2026-03-12 21:53:18 | INFO     | app.database.db | Database tables created / verified.
2026-03-12 21:53:18 | INFO     | app.main | ✓ Database tables ready.
2026-03-12 21:53:18 | INFO     | app.main | ✓ Banana disease model loaded and ready.
2026-03-12 21:53:18 | INFO     | app.main | ✓ AgroGuard-AI v1.2.0 is ready → base URL: /api/v1
2026-03-12 21:53:41 | INFO     | app.api.routes | POST /predict | farmer_id=1 phone='8667540547' file='aug_0_10.jpg' lat=-90.0 lng=-180.0
2026-03-12 21:53:41 | INFO     | app.services.prediction_service | ── Prediction Pipeline START (farmer_id=1) ──
2026-03-12 21:53:41 | INFO     | app.services.prediction_service | Step 1 ✓ Image validated
2026-03-12 21:53:41 | INFO     | app.services.prediction_service | Step 2 ✓ Preprocessed → (1, 3, 224, 224)
2026-03-12 21:53:42 | INFO     | app.models.disease_classifier | Prediction → 'Banana - Panama Disease (Fusarium Wilt)' confidence=1.0000 ✓
2026-03-12 21:53:42 | INFO     | app.services.prediction_service | Step 3 ✓ Disease='Banana - Panama Disease (Fusarium Wilt)' Confidence=1.0000 is_confident=True is_banana=True
2026-03-12 21:53:42 | INFO     | app.models.severity_estimator | Disease 'Banana - Panama Disease (Fusarium Wilt)' is always treated as High severity.
2026-03-12 21:53:42 | INFO     | app.services.prediction_service | Step 4 ✓ Severity=High
2026-03-12 21:53:42 | ERROR    | app.services.advisory_service | ✗ Gemini initialisation failed: No API key was provided. Please pass a valid API key. Learn how to create an API key at https://ai.google.dev/gemini-api/docs/api-key.
2026-03-12 21:53:42 | WARNING  | app.services.advisory_service | Gemini unavailable — using fallback KB for disease='Banana - Panama Disease (Fusarium Wilt)' severity='High'
2026-03-12 21:53:42 | INFO     | app.services.advisory_service | Fallback KB matched keyword='panama' severity='High'
2026-03-12 21:53:42 | INFO     | app.services.prediction_service | Step 5 ✓ Advisory generated (726 chars)
2026-03-12 21:53:42 | WARNING  | app.services.location_service | GOOGLE_MAPS_API_KEY not set — skipping Maps API.
2026-03-12 21:53:42 | WARNING  | app.services.location_service | Google Maps API failed — using fallback centres.
2026-03-12 21:53:42 | INFO     | app.services.location_service | Fallback centre: Tirunelveli Horticulture Office (State Horticulture Office) — 10976.5 km away
2026-03-12 21:53:42 | INFO     | app.services.prediction_service | Step 6 ✓ Nearest centre: Tirunelveli Horticulture Office (State Horticulture Office) — 10976.5 km away
2026-03-12 21:53:43 | INFO     | app.database.crud | Prediction saved → id=13 farmer_id=1 disease='Banana - Panama Disease (Fusarium Wilt)'
2026-03-12 21:53:43 | INFO     | app.services.prediction_service | Step 7 ✓ Saved to database
2026-03-12 21:53:43 | INFO     | app.services.prediction_service | ── Prediction Pipeline COMPLETE → Banana - Panama Disease (Fusarium Wilt) | High | 100.00% ──
2026-03-12 21:54:06 | INFO     | app.api.routes | POST /predict | farmer_id=1 phone='8667540547' file='20210219_112848.jpg' lat=-90.0 lng=-180.0
2026-03-12 21:54:06 | INFO     | app.services.prediction_service | ── Prediction Pipeline START (farmer_id=1) ──
2026-03-12 21:54:06 | INFO     | app.services.prediction_service | Step 1 ✓ Image validated
2026-03-12 21:54:06 | INFO     | app.services.prediction_service | Step 2 ✓ Preprocessed → (1, 3, 224, 224)
2026-03-12 21:54:06 | INFO     | app.models.disease_classifier | Prediction → 'Banana - Healthy' confidence=0.9992 ✓
2026-03-12 21:54:06 | INFO     | app.services.prediction_service | Step 3 ✓ Disease='Banana - Healthy' Confidence=0.9992 is_confident=True is_banana=True
2026-03-12 21:54:06 | INFO     | app.models.severity_estimator | Banana plant is healthy — no severity assigned.
2026-03-12 21:54:06 | INFO     | app.services.prediction_service | Step 4 ✓ Severity=None
2026-03-12 21:54:06 | ERROR    | app.services.advisory_service | ✗ Gemini initialisation failed: No API key was provided. Please pass a valid API key. Learn how to create an API key at https://ai.google.dev/gemini-api/docs/api-key.
2026-03-12 21:54:06 | WARNING  | app.services.advisory_service | Gemini unavailable — using fallback KB for disease='Banana - Healthy' severity='None'
2026-03-12 21:54:06 | INFO     | app.services.advisory_service | Fallback KB matched keyword='healthy' severity='None'
2026-03-12 21:54:06 | INFO     | app.services.prediction_service | Step 5 ✓ Advisory generated (398 chars)
2026-03-12 21:54:06 | WARNING  | app.services.location_service | GOOGLE_MAPS_API_KEY not set — skipping Maps API.
2026-03-12 21:54:06 | WARNING  | app.services.location_service | Google Maps API failed — using fallback centres.
2026-03-12 21:54:06 | INFO     | app.services.location_service | Fallback centre: Tirunelveli Horticulture Office (State Horticulture Office) — 10976.5 km away
2026-03-12 21:54:06 | INFO     | app.services.prediction_service | Step 6 ✓ Nearest centre: Tirunelveli Horticulture Office (State Horticulture Office) — 10976.5 km away
2026-03-12 21:54:06 | INFO     | app.database.crud | Prediction saved → id=14 farmer_id=1 disease='Banana - Healthy'
2026-03-12 21:54:06 | INFO     | app.services.prediction_service | Step 7 ✓ Saved to database
2026-03-12 21:54:06 | INFO     | app.services.prediction_service | ── Prediction Pipeline COMPLETE → Banana - Healthy | None | 99.92% ──
2026-03-12 21:55:45 | INFO     | app.api.routes | POST /predict | farmer_id=1 phone='8667540547' file='aug_0_53.jpg' lat=-90.0 lng=-180.0
2026-03-12 21:55:45 | INFO     | app.services.prediction_service | ── Prediction Pipeline START (farmer_id=1) ──
2026-03-12 21:55:45 | INFO     | app.services.prediction_service | Step 1 ✓ Image validated
2026-03-12 21:55:45 | INFO     | app.services.prediction_service | Step 2 ✓ Preprocessed → (1, 3, 224, 224)
2026-03-12 21:55:45 | INFO     | app.models.disease_classifier | Prediction → 'Banana - Anthracnose' confidence=1.0000 ✓
2026-03-12 21:55:45 | INFO     | app.services.prediction_service | Step 3 ✓ Disease='Banana - Anthracnose' Confidence=1.0000 is_confident=True is_banana=True
2026-03-12 21:55:45 | INFO     | app.models.severity_estimator | Severity estimated → High (disease='Banana - Anthracnose', confidence=1.0000)
2026-03-12 21:55:45 | INFO     | app.services.prediction_service | Step 4 ✓ Severity=High
2026-03-12 21:55:45 | ERROR    | app.services.advisory_service | ✗ Gemini initialisation failed: No API key was provided. Please pass a valid API key. Learn how to create an API key at https://ai.google.dev/gemini-api/docs/api-key.
2026-03-12 21:55:45 | WARNING  | app.services.advisory_service | Gemini unavailable — using fallback KB for disease='Banana - Anthracnose' severity='High'
2026-03-12 21:55:45 | INFO     | app.services.advisory_service | Fallback KB matched keyword='anthracnose' severity='High'
2026-03-12 21:55:45 | INFO     | app.services.prediction_service | Step 5 ✓ Advisory generated (233 chars)
2026-03-12 21:55:45 | WARNING  | app.services.location_service | GOOGLE_MAPS_API_KEY not set — skipping Maps API.
2026-03-12 21:55:45 | WARNING  | app.services.location_service | Google Maps API failed — using fallback centres.
2026-03-12 21:55:45 | INFO     | app.services.location_service | Fallback centre: Tirunelveli Horticulture Office (State Horticulture Office) — 10976.5 km away
2026-03-12 21:55:45 | INFO     | app.services.prediction_service | Step 6 ✓ Nearest centre: Tirunelveli Horticulture Office (State Horticulture Office) — 10976.5 km away
2026-03-12 21:55:45 | INFO     | app.database.crud | Prediction saved → id=15 farmer_id=1 disease='Banana - Anthracnose'
2026-03-12 21:55:45 | INFO     | app.services.prediction_service | Step 7 ✓ Saved to database
2026-03-12 21:55:45 | INFO     | app.services.prediction_service | ── Prediction Pipeline COMPLETE → Banana - Anthracnose | High | 100.00% ──
2026-03-12 21:56:09 | INFO     | app.api.routes | POST /predict | farmer_id=1 phone='8667540547' file='aug_0_53.jpg' lat=-90.0 lng=-180.0
2026-03-12 21:56:09 | INFO     | app.services.prediction_service | ── Prediction Pipeline START (farmer_id=1) ──
2026-03-12 21:56:09 | INFO     | app.services.prediction_service | Step 1 ✓ Image validated
2026-03-12 21:56:09 | INFO     | app.services.prediction_service | Step 2 ✓ Preprocessed → (1, 3, 224, 224)
2026-03-12 21:56:09 | INFO     | app.models.disease_classifier | Prediction → 'Banana - Bunchy Top Virus (BBTV)' confidence=1.0000 ✓
2026-03-12 21:56:09 | INFO     | app.services.prediction_service | Step 3 ✓ Disease='Banana - Bunchy Top Virus (BBTV)' Confidence=1.0000 is_confident=True is_banana=True
2026-03-12 21:56:09 | INFO     | app.models.severity_estimator | Disease 'Banana - Bunchy Top Virus (BBTV)' is always treated as High severity.
2026-03-12 21:56:09 | INFO     | app.services.prediction_service | Step 4 ✓ Severity=High
2026-03-12 21:56:09 | ERROR    | app.services.advisory_service | ✗ Gemini initialisation failed: No API key was provided. Please pass a valid API key. Learn how to create an API key at https://ai.google.dev/gemini-api/docs/api-key.
2026-03-12 21:56:09 | WARNING  | app.services.advisory_service | Gemini unavailable — using fallback KB for disease='Banana - Bunchy Top Virus (BBTV)' severity='High'
2026-03-12 21:56:09 | INFO     | app.services.advisory_service | Fallback KB matched keyword='bunchy' severity='High'
2026-03-12 21:56:09 | INFO     | app.services.prediction_service | Step 5 ✓ Advisory generated (341 chars)
2026-03-12 21:56:09 | WARNING  | app.services.location_service | GOOGLE_MAPS_API_KEY not set — skipping Maps API.
2026-03-12 21:56:09 | WARNING  | app.services.location_service | Google Maps API failed — using fallback centres.
2026-03-12 21:56:09 | INFO     | app.services.location_service | Fallback centre: Tirunelveli Horticulture Office (State Horticulture Office) — 10976.5 km away
2026-03-12 21:56:09 | INFO     | app.services.prediction_service | Step 6 ✓ Nearest centre: Tirunelveli Horticulture Office (State Horticulture Office) — 10976.5 km away
2026-03-12 21:56:09 | INFO     | app.database.crud | Prediction saved → id=16 farmer_id=1 disease='Banana - Bunchy Top Virus (BBTV)'
2026-03-12 21:56:09 | INFO     | app.services.prediction_service | Step 7 ✓ Saved to database
2026-03-12 21:56:09 | INFO     | app.services.prediction_service | ── Prediction Pipeline COMPLETE → Banana - Bunchy Top Virus (BBTV) | High | 100.00% ──
2026-03-12 21:58:57 | INFO     | app.api.routes | POST /predict | farmer_id=1 phone='8667540547' file='20210219_160954.jpg' lat=-90.0 lng=-180.0
2026-03-12 21:58:57 | INFO     | app.services.prediction_service | ── Prediction Pipeline START (farmer_id=1) ──
2026-03-12 21:58:57 | INFO     | app.services.prediction_service | Step 1 ✓ Image validated
2026-03-12 21:58:57 | INFO     | app.services.prediction_service | Step 2 ✓ Preprocessed → (1, 3, 224, 224)
2026-03-12 21:58:57 | INFO     | app.models.disease_classifier | Prediction → 'Banana - Yellow Sigatoka' confidence=0.9999 ✓
2026-03-12 21:58:57 | INFO     | app.services.prediction_service | Step 3 ✓ Disease='Banana - Yellow Sigatoka' Confidence=0.9999 is_confident=True is_banana=True
2026-03-12 21:58:57 | INFO     | app.models.severity_estimator | Severity estimated → High (disease='Banana - Yellow Sigatoka', confidence=0.9999)
2026-03-12 21:58:57 | INFO     | app.services.prediction_service | Step 4 ✓ Severity=High
2026-03-12 21:58:57 | ERROR    | app.services.advisory_service | ✗ Gemini initialisation failed: No API key was provided. Please pass a valid API key. Learn how to create an API key at https://ai.google.dev/gemini-api/docs/api-key.
2026-03-12 21:58:57 | WARNING  | app.services.advisory_service | Gemini unavailable — using fallback KB for disease='Banana - Yellow Sigatoka' severity='High'
2026-03-12 21:58:57 | INFO     | app.services.advisory_service | Fallback KB matched keyword='yellow sigatoka' severity='High'
2026-03-12 21:58:57 | INFO     | app.services.prediction_service | Step 5 ✓ Advisory generated (254 chars)
2026-03-12 21:58:57 | WARNING  | app.services.location_service | GOOGLE_MAPS_API_KEY not set — skipping Maps API.
2026-03-12 21:58:57 | WARNING  | app.services.location_service | Google Maps API failed — using fallback centres.
2026-03-12 21:58:57 | INFO     | app.services.location_service | Fallback centre: Tirunelveli Horticulture Office (State Horticulture Office) — 10976.5 km away
2026-03-12 21:58:57 | INFO     | app.services.prediction_service | Step 6 ✓ Nearest centre: Tirunelveli Horticulture Office (State Horticulture Office) — 10976.5 km away
2026-03-12 21:58:57 | INFO     | app.database.crud | Prediction saved → id=17 farmer_id=1 disease='Banana - Yellow Sigatoka'
2026-03-12 21:58:57 | INFO     | app.services.prediction_service | Step 7 ✓ Saved to database
2026-03-12 21:58:57 | INFO     | app.services.prediction_service | ── Prediction Pipeline COMPLETE → Banana - Yellow Sigatoka | High | 99.99% ──
2026-03-12 22:00:00 | INFO     | app.api.routes | POST /predict | farmer_id=1 phone='8667540547' file='Odoiporus-damage-NRCB.jpg' lat=-90.0 lng=-180.0
2026-03-12 22:00:00 | INFO     | app.services.prediction_service | ── Prediction Pipeline START (farmer_id=1) ──
2026-03-12 22:00:00 | INFO     | app.services.prediction_service | Step 1 ✓ Image validated
2026-03-12 22:00:00 | INFO     | app.services.prediction_service | Step 2 ✓ Preprocessed → (1, 3, 224, 224)
2026-03-12 22:00:00 | INFO     | app.models.disease_classifier | Prediction → 'Banana - Panama Disease (Fusarium Wilt)' confidence=0.9487 ✓
2026-03-12 22:00:00 | INFO     | app.services.prediction_service | Step 3 ✓ Disease='Banana - Panama Disease (Fusarium Wilt)' Confidence=0.9487 is_confident=True is_banana=True
2026-03-12 22:00:00 | INFO     | app.models.severity_estimator | Disease 'Banana - Panama Disease (Fusarium Wilt)' is always treated as High severity.
2026-03-12 22:00:00 | INFO     | app.services.prediction_service | Step 4 ✓ Severity=High
2026-03-12 22:00:00 | ERROR    | app.services.advisory_service | ✗ Gemini initialisation failed: No API key was provided. Please pass a valid API key. Learn how to create an API key at https://ai.google.dev/gemini-api/docs/api-key.
2026-03-12 22:00:00 | WARNING  | app.services.advisory_service | Gemini unavailable — using fallback KB for disease='Banana - Panama Disease (Fusarium Wilt)' severity='High'
2026-03-12 22:00:00 | INFO     | app.services.advisory_service | Fallback KB matched keyword='panama' severity='High'
2026-03-12 22:00:00 | INFO     | app.services.prediction_service | Step 5 ✓ Advisory generated (726 chars)
2026-03-12 22:00:00 | WARNING  | app.services.location_service | GOOGLE_MAPS_API_KEY not set — skipping Maps API.
2026-03-12 22:00:00 | WARNING  | app.services.location_service | Google Maps API failed — using fallback centres.
2026-03-12 22:00:00 | INFO     | app.services.location_service | Fallback centre: Tirunelveli Horticulture Office (State Horticulture Office) — 10976.5 km away
2026-03-12 22:00:00 | INFO     | app.services.prediction_service | Step 6 ✓ Nearest centre: Tirunelveli Horticulture Office (State Horticulture Office) — 10976.5 km away
2026-03-12 22:00:00 | INFO     | app.database.crud | Prediction saved → id=18 farmer_id=1 disease='Banana - Panama Disease (Fusarium Wilt)'
2026-03-12 22:00:01 | INFO     | app.services.prediction_service | Step 7 ✓ Saved to database
2026-03-12 22:00:01 | INFO     | app.services.prediction_service | ── Prediction Pipeline COMPLETE → Banana - Panama Disease (Fusarium Wilt) | High | 94.87% ──
2026-03-12 22:00:39 | INFO     | app.api.routes | POST /predict | farmer_id=1 phone='8667540547' file='A (260).jpg' lat=-90.0 lng=-180.0
2026-03-12 22:00:39 | INFO     | app.services.prediction_service | ── Prediction Pipeline START (farmer_id=1) ──
2026-03-12 22:00:39 | INFO     | app.services.prediction_service | Step 1 ✓ Image validated
2026-03-12 22:00:39 | INFO     | app.services.prediction_service | Step 2 ✓ Preprocessed → (1, 3, 224, 224)
2026-03-12 22:00:39 | INFO     | app.models.disease_classifier | Prediction → 'Banana - Pseudostem Weevil Infestation' confidence=1.0000 ✓
2026-03-12 22:00:39 | INFO     | app.services.prediction_service | Step 3 ✓ Disease='Banana - Pseudostem Weevil Infestation' Confidence=1.0000 is_confident=True is_banana=True
2026-03-12 22:00:39 | INFO     | app.models.severity_estimator | Severity estimated → High (disease='Banana - Pseudostem Weevil Infestation', confidence=1.0000)
2026-03-12 22:00:39 | INFO     | app.services.prediction_service | Step 4 ✓ Severity=High
2026-03-12 22:00:39 | ERROR    | app.services.advisory_service | ✗ Gemini initialisation failed: No API key was provided. Please pass a valid API key. Learn how to create an API key at https://ai.google.dev/gemini-api/docs/api-key.
2026-03-12 22:00:39 | WARNING  | app.services.advisory_service | Gemini unavailable — using fallback KB for disease='Banana - Pseudostem Weevil Infestation' severity='High'
2026-03-12 22:00:39 | INFO     | app.services.advisory_service | Fallback KB matched keyword='weevil' severity='High'
2026-03-12 22:00:39 | INFO     | app.services.prediction_service | Step 5 ✓ Advisory generated (271 chars)
2026-03-12 22:00:39 | WARNING  | app.services.location_service | GOOGLE_MAPS_API_KEY not set — skipping Maps API.
2026-03-12 22:00:39 | WARNING  | app.services.location_service | Google Maps API failed — using fallback centres.
2026-03-12 22:00:39 | INFO     | app.services.location_service | Fallback centre: Tirunelveli Horticulture Office (State Horticulture Office) — 10976.5 km away
2026-03-12 22:00:39 | INFO     | app.services.prediction_service | Step 6 ✓ Nearest centre: Tirunelveli Horticulture Office (State Horticulture Office) — 10976.5 km away
2026-03-12 22:00:40 | INFO     | app.database.crud | Prediction saved → id=19 farmer_id=1 disease='Banana - Pseudostem Weevil Infestation'
2026-03-12 22:00:40 | INFO     | app.services.prediction_service | Step 7 ✓ Saved to database
2026-03-12 22:00:40 | INFO     | app.services.prediction_service | ── Prediction Pipeline COMPLETE → Banana - Pseudostem Weevil Infestation | High | 100.00% ──
2026-03-12 22:01:24 | INFO     | app.api.routes | POST /predict | farmer_id=1 phone='8667540547' file='download (1).jpg' lat=-90.0 lng=-180.0
2026-03-12 22:01:24 | INFO     | app.services.prediction_service | ── Prediction Pipeline START (farmer_id=1) ──
2026-03-12 22:01:24 | INFO     | app.services.prediction_service | Step 1 ✓ Image validated
2026-03-12 22:01:24 | INFO     | app.services.prediction_service | Step 2 ✓ Preprocessed → (1, 3, 224, 224)
2026-03-12 22:01:24 | INFO     | app.models.disease_classifier | Prediction → 'Banana - Pseudostem Weevil Infestation' confidence=0.9533 ✓
2026-03-12 22:01:24 | INFO     | app.services.prediction_service | Step 3 ✓ Disease='Banana - Pseudostem Weevil Infestation' Confidence=0.9533 is_confident=True is_banana=True
2026-03-12 22:01:24 | INFO     | app.models.severity_estimator | Severity estimated → High (disease='Banana - Pseudostem Weevil Infestation', confidence=0.9533)
2026-03-12 22:01:24 | INFO     | app.services.prediction_service | Step 4 ✓ Severity=High
2026-03-12 22:01:24 | ERROR    | app.services.advisory_service | ✗ Gemini initialisation failed: No API key was provided. Please pass a valid API key. Learn how to create an API key at https://ai.google.dev/gemini-api/docs/api-key.
2026-03-12 22:01:24 | WARNING  | app.services.advisory_service | Gemini unavailable — using fallback KB for disease='Banana - Pseudostem Weevil Infestation' severity='High'
2026-03-12 22:01:24 | INFO     | app.services.advisory_service | Fallback KB matched keyword='weevil' severity='High'
2026-03-12 22:01:24 | INFO     | app.services.prediction_service | Step 5 ✓ Advisory generated (271 chars)
2026-03-12 22:01:24 | WARNING  | app.services.location_service | GOOGLE_MAPS_API_KEY not set — skipping Maps API.
2026-03-12 22:01:24 | WARNING  | app.services.location_service | Google Maps API failed — using fallback centres.
2026-03-12 22:01:24 | INFO     | app.services.location_service | Fallback centre: Tirunelveli Horticulture Office (State Horticulture Office) — 10976.5 km away
2026-03-12 22:01:24 | INFO     | app.services.prediction_service | Step 6 ✓ Nearest centre: Tirunelveli Horticulture Office (State Horticulture Office) — 10976.5 km away
2026-03-12 22:01:24 | INFO     | app.database.crud | Prediction saved → id=20 farmer_id=1 disease='Banana - Pseudostem Weevil Infestation'
2026-03-12 22:01:24 | INFO     | app.services.prediction_service | Step 7 ✓ Saved to database
2026-03-12 22:01:24 | INFO     | app.services.prediction_service | ── Prediction Pipeline COMPLETE → Banana - Pseudostem Weevil Infestation | High | 95.33% ──
2026-03-12 22:01:41 | INFO     | app.api.routes | POST /predict | farmer_id=1 phone='8667540547' file='download.jpg' lat=-90.0 lng=-180.0
2026-03-12 22:01:41 | INFO     | app.services.prediction_service | ── Prediction Pipeline START (farmer_id=1) ──
2026-03-12 22:01:41 | INFO     | app.services.prediction_service | Step 1 ✓ Image validated
2026-03-12 22:01:41 | INFO     | app.services.prediction_service | Step 2 ✓ Preprocessed → (1, 3, 224, 224)
2026-03-12 22:01:41 | WARNING  | app.models.disease_classifier | Low confidence prediction rejected (confidence=0.7110 < threshold=0.7500)
2026-03-12 22:01:41 | INFO     | app.services.prediction_service | Step 3 ✓ Disease='Banana - Panama Disease (Fusarium Wilt)' Confidence=0.7110 is_confident=False is_banana=True
2026-03-12 22:01:41 | INFO     | app.models.severity_estimator | Disease 'Banana - Panama Disease (Fusarium Wilt)' is always treated as High severity.
2026-03-12 22:01:41 | INFO     | app.services.prediction_service | Step 4 ✓ Severity=High
2026-03-12 22:01:41 | INFO     | app.services.prediction_service | Step 5 ✓ Advisory generated (83 chars)
2026-03-12 22:01:41 | WARNING  | app.services.location_service | GOOGLE_MAPS_API_KEY not set — skipping Maps API.
2026-03-12 22:01:41 | WARNING  | app.services.location_service | Google Maps API failed — using fallback centres.
2026-03-12 22:01:41 | INFO     | app.services.location_service | Fallback centre: Tirunelveli Horticulture Office (State Horticulture Office) — 10976.5 km away
2026-03-12 22:01:41 | INFO     | app.services.prediction_service | Step 6 ✓ Nearest centre: Tirunelveli Horticulture Office (State Horticulture Office) — 10976.5 km away
2026-03-12 22:01:41 | INFO     | app.database.crud | Prediction saved → id=21 farmer_id=1 disease='Banana - Panama Disease (Fusarium Wilt)'
2026-03-12 22:01:41 | INFO     | app.services.prediction_service | Step 7 ✓ Saved to database
2026-03-12 22:01:41 | INFO     | app.services.prediction_service | ── Prediction Pipeline COMPLETE → Banana - Panama Disease (Fusarium Wilt) | High | 71.10% ──
2026-03-12 22:01:49 | INFO     | app.api.routes | POST /predict | farmer_id=1 phone='8667540547' file='download.jpg' lat=-90.0 lng=-180.0
2026-03-12 22:01:49 | INFO     | app.services.prediction_service | ── Prediction Pipeline START (farmer_id=1) ──
2026-03-12 22:01:49 | INFO     | app.services.prediction_service | Step 1 ✓ Image validated
2026-03-12 22:01:49 | INFO     | app.services.prediction_service | Step 2 ✓ Preprocessed → (1, 3, 224, 224)
2026-03-12 22:01:49 | WARNING  | app.models.disease_classifier | Low confidence prediction rejected (confidence=0.7110 < threshold=0.7500)
2026-03-12 22:01:49 | INFO     | app.services.prediction_service | Step 3 ✓ Disease='Banana - Panama Disease (Fusarium Wilt)' Confidence=0.7110 is_confident=False is_banana=True
2026-03-12 22:01:49 | INFO     | app.models.severity_estimator | Disease 'Banana - Panama Disease (Fusarium Wilt)' is always treated as High severity.
2026-03-12 22:01:49 | INFO     | app.services.prediction_service | Step 4 ✓ Severity=High
2026-03-12 22:01:49 | INFO     | app.services.prediction_service | Step 5 ✓ Advisory generated (83 chars)
2026-03-12 22:01:49 | WARNING  | app.services.location_service | GOOGLE_MAPS_API_KEY not set — skipping Maps API.
2026-03-12 22:01:49 | WARNING  | app.services.location_service | Google Maps API failed — using fallback centres.
2026-03-12 22:01:49 | INFO     | app.services.location_service | Fallback centre: Tirunelveli Horticulture Office (State Horticulture Office) — 10976.5 km away
2026-03-12 22:01:49 | INFO     | app.services.prediction_service | Step 6 ✓ Nearest centre: Tirunelveli Horticulture Office (State Horticulture Office) — 10976.5 km away
2026-03-12 22:01:50 | INFO     | app.database.crud | Prediction saved → id=22 farmer_id=1 disease='Banana - Panama Disease (Fusarium Wilt)'
2026-03-12 22:01:50 | INFO     | app.services.prediction_service | Step 7 ✓ Saved to database
2026-03-12 22:01:50 | INFO     | app.services.prediction_service | ── Prediction Pipeline COMPLETE → Banana - Panama Disease (Fusarium Wilt) | High | 71.10% ──
2026-03-12 22:02:56 | INFO     | app.api.routes | POST /predict | farmer_id=1 phone='8667540547' file='114_jpeg.rf.b993a3bcded1a7c65793e16fd252b8a6.jpg' lat=-90.0 lng=-180.0
2026-03-12 22:02:56 | INFO     | app.services.prediction_service | ── Prediction Pipeline START (farmer_id=1) ──
2026-03-12 22:02:56 | INFO     | app.services.prediction_service | Step 1 ✓ Image validated
2026-03-12 22:02:56 | INFO     | app.services.prediction_service | Step 2 ✓ Preprocessed → (1, 3, 224, 224)
2026-03-12 22:02:56 | WARNING  | app.models.disease_classifier | Low confidence prediction rejected (confidence=0.7174 < threshold=0.7500)
2026-03-12 22:02:56 | INFO     | app.services.prediction_service | Step 3 ✓ Disease='Banana - Black Sigatoka' Confidence=0.7174 is_confident=False is_banana=True
2026-03-12 22:02:56 | INFO     | app.models.severity_estimator | Severity estimated → Medium (disease='Banana - Black Sigatoka', confidence=0.7174)
2026-03-12 22:02:56 | INFO     | app.services.prediction_service | Step 4 ✓ Severity=Medium
2026-03-12 22:02:56 | INFO     | app.services.prediction_service | Step 5 ✓ Advisory generated (83 chars)
2026-03-12 22:02:56 | WARNING  | app.services.location_service | GOOGLE_MAPS_API_KEY not set — skipping Maps API.
2026-03-12 22:02:56 | WARNING  | app.services.location_service | Google Maps API failed — using fallback centres.
2026-03-12 22:02:56 | INFO     | app.services.location_service | Fallback centre: Tirunelveli Horticulture Office (State Horticulture Office) — 10976.5 km away
2026-03-12 22:02:56 | INFO     | app.services.prediction_service | Step 6 ✓ Nearest centre: Tirunelveli Horticulture Office (State Horticulture Office) — 10976.5 km away
2026-03-12 22:02:56 | INFO     | app.database.crud | Prediction saved → id=23 farmer_id=1 disease='Banana - Black Sigatoka'
2026-03-12 22:02:56 | INFO     | app.services.prediction_service | Step 7 ✓ Saved to database
2026-03-12 22:02:56 | INFO     | app.services.prediction_service | ── Prediction Pipeline COMPLETE → Banana - Black Sigatoka | Medium | 71.74% ──
2026-03-12 22:09:23 | INFO     | app.api.auth | POST /auth/login | phone='8667540547'
2026-03-12 22:09:24 | INFO     | app.services.auth_service | JWT token created for farmer_id=1
2026-03-12 22:09:24 | INFO     | app.services.auth_service | Farmer logged in → id=1 phone='8667540547'
2026-03-12 22:12:26 | INFO     | app.api.speech | POST /speech/process | lang='en-IN'
2026-03-12 22:12:26 | INFO     | app.services.speech_service | Browser transcription | lang='en-IN' | keywords=[] | text='வாழை இலையில் மஞ்சள் புள்ளிகள்'
2026-03-12 22:12:44 | INFO     | app.api.speech | POST /speech/process | lang='en'
2026-03-12 22:12:44 | INFO     | app.services.speech_service | Browser transcription | lang='en' | keywords=[] | text='வாழை இலையில் மஞ்சள் புள்ளிகள்'
2026-03-12 22:29:47 | INFO     | app.main | AgroGuard-AI shutting down gracefully.
2026-03-12 22:36:09 | INFO     | app.models.model_loader | Creating ModelLoader singleton (path=saved_models/agroguard_banana_resnet50.pth)
2026-03-12 22:36:09 | INFO     | app.models.model_loader | Loading banana model weights from 'saved_models/agroguard_banana_resnet50.pth' on cuda
2026-03-12 22:36:09 | INFO     | app.models.model_loader | Banana disease model loaded successfully (7 classes).
2026-03-12 22:36:10 | INFO     | app.main | ╔══════════════════════════════════════════════╗
2026-03-12 22:36:10 | INFO     | app.main | ║  AgroGuard-AI STARTING  ║
2026-03-12 22:36:10 | INFO     | app.main | ╚══════════════════════════════════════════════╝
2026-03-12 22:36:10 | INFO     | app.database.db | Database tables created / verified.
2026-03-12 22:36:10 | INFO     | app.main | ✓ Database tables ready.
2026-03-12 22:36:10 | INFO     | app.main | ✓ Banana disease model loaded and ready.
2026-03-12 22:36:10 | INFO     | app.main | ✓ AgroGuard-AI v1.2.0 is ready → base URL: /api/v1
2026-03-12 22:40:32 | INFO     | app.api.auth | POST /auth/login | phone='8667540547'
2026-03-12 22:40:33 | INFO     | app.services.auth_service | JWT token created for farmer_id=1
2026-03-12 22:40:33 | INFO     | app.services.auth_service | Farmer logged in → id=1 phone='8667540547'
2026-03-12 22:41:00 | INFO     | app.api.routes | POST /predict | farmer_id=1 phone='8667540547' file='1_jpeg.rf.0e0952f0980263d9d52e0f5eb0732537.jpg' lat=-90.0 lng=-180.0
2026-03-12 22:41:00 | INFO     | app.services.prediction_service | ── Prediction Pipeline START (farmer_id=1) ──
2026-03-12 22:41:00 | INFO     | app.services.prediction_service | Step 1 ✓ Image validated
2026-03-12 22:41:00 | INFO     | app.services.prediction_service | Step 2 ✓ Preprocessed → (1, 3, 224, 224)
2026-03-12 22:41:01 | INFO     | app.models.disease_classifier | Prediction → 'Banana - Black Sigatoka' confidence=1.0000 ✓
2026-03-12 22:41:01 | INFO     | app.services.prediction_service | Step 3 ✓ Disease='Banana - Black Sigatoka' Confidence=1.0000 is_confident=True is_banana=True
2026-03-12 22:41:01 | INFO     | app.models.severity_estimator | Severity estimated → High (disease='Banana - Black Sigatoka', confidence=1.0000)
2026-03-12 22:41:01 | INFO     | app.services.prediction_service | Step 4 ✓ Severity=High
2026-03-12 22:41:04 | INFO     | app.services.advisory_service | ✓ Gemini 1.5 Flash client initialised.
2026-03-12 22:41:05 | ERROR    | app.services.advisory_service | Gemini API error: 404 NOT_FOUND. {'error': {'code': 404, 'message': 'models/gemini-1.5-flash is not found for API version v1beta, or is not supported for generateContent. Call ListModels to see the list of available models and their supported methods.', 'status': 'NOT_FOUND'}}
2026-03-12 22:41:05 | WARNING  | app.services.advisory_service | Gemini unavailable — using fallback KB for disease='Banana - Black Sigatoka' severity='High'
2026-03-12 22:41:05 | INFO     | app.services.advisory_service | Fallback KB matched keyword='black sigatoka' severity='High'
2026-03-12 22:41:05 | INFO     | app.services.prediction_service | Step 5 ✓ Advisory generated (295 chars)
2026-03-12 22:41:11 | WARNING  | app.services.location_service | Google Maps API failed — using fallback centres.
2026-03-12 22:41:11 | INFO     | app.services.location_service | Fallback centre: Tirunelveli Horticulture Office (State Horticulture Office) — 10976.5 km away
2026-03-12 22:41:11 | INFO     | app.services.prediction_service | Step 6 ✓ Nearest centre: Tirunelveli Horticulture Office (State Horticulture Office) — 10976.5 km away
2026-03-12 22:41:11 | INFO     | app.database.crud | Prediction saved → id=24 farmer_id=1 disease='Banana - Black Sigatoka'
2026-03-12 22:41:11 | INFO     | app.services.prediction_service | Step 7 ✓ Saved to database
2026-03-12 22:41:11 | INFO     | app.services.prediction_service | ── Prediction Pipeline COMPLETE → Banana - Black Sigatoka | High | 100.00% ──
2026-03-12 22:46:02 | INFO     | app.main | AgroGuard-AI shutting down gracefully.
2026-03-12 22:46:11 | INFO     | app.models.model_loader | Creating ModelLoader singleton (path=saved_models/agroguard_banana_resnet50.pth)
2026-03-12 22:46:11 | INFO     | app.models.model_loader | Loading banana model weights from 'saved_models/agroguard_banana_resnet50.pth' on cuda
2026-03-12 22:46:12 | INFO     | app.models.model_loader | Banana disease model loaded successfully (7 classes).
2026-03-12 22:46:12 | INFO     | app.main | ╔══════════════════════════════════════════════╗
2026-03-12 22:46:12 | INFO     | app.main | ║  AgroGuard-AI STARTING  ║
2026-03-12 22:46:12 | INFO     | app.main | ╚══════════════════════════════════════════════╝
2026-03-12 22:46:12 | INFO     | app.database.db | Database tables created / verified.
2026-03-12 22:46:12 | INFO     | app.main | ✓ Database tables ready.
2026-03-12 22:46:12 | INFO     | app.main | ✓ Banana disease model loaded and ready.
2026-03-12 22:46:12 | INFO     | app.main | ✓ AgroGuard-AI v1.2.0 is ready → base URL: /api/v1
2026-03-12 22:47:37 | INFO     | app.api.routes | POST /predict | farmer_id=1 phone='8667540547' file='20210219_160954.jpg' lat=-90.0 lng=-180.0
2026-03-12 22:47:37 | INFO     | app.services.prediction_service | ── Prediction Pipeline START (farmer_id=1) ──
2026-03-12 22:47:37 | INFO     | app.services.prediction_service | Step 1 ✓ Image validated
2026-03-12 22:47:37 | INFO     | app.services.prediction_service | Step 2 ✓ Preprocessed → (1, 3, 224, 224)
2026-03-12 22:47:38 | INFO     | app.models.disease_classifier | Prediction → 'Banana - Yellow Sigatoka' confidence=0.9999 ✓
2026-03-12 22:47:38 | INFO     | app.services.prediction_service | Step 3 ✓ Disease='Banana - Yellow Sigatoka' Confidence=0.9999 is_confident=True is_banana=True
2026-03-12 22:47:38 | INFO     | app.models.severity_estimator | Severity estimated → High (disease='Banana - Yellow Sigatoka', confidence=0.9999)
2026-03-12 22:47:38 | INFO     | app.services.prediction_service | Step 4 ✓ Severity=High
2026-03-12 22:47:40 | INFO     | app.services.advisory_service | ✓ Gemini 2.5 Flash client initialised.
2026-03-12 22:47:58 | INFO     | app.services.advisory_service | Gemini advisory generated for disease='Banana - Yellow Sigatoka' severity='High'
2026-03-12 22:47:58 | INFO     | app.services.prediction_service | Step 5 ✓ Advisory generated (4215 chars)
2026-03-12 22:48:05 | WARNING  | app.services.location_service | Google Maps API failed — using fallback centres.
2026-03-12 22:48:05 | INFO     | app.services.location_service | Fallback centre: Tirunelveli Horticulture Office (State Horticulture Office) — 10976.5 km away
2026-03-12 22:48:05 | INFO     | app.services.prediction_service | Step 6 ✓ Nearest centre: Tirunelveli Horticulture Office (State Horticulture Office) — 10976.5 km away
2026-03-12 22:48:06 | INFO     | app.database.crud | Prediction saved → id=25 farmer_id=1 disease='Banana - Yellow Sigatoka'
2026-03-12 22:48:06 | INFO     | app.services.prediction_service | Step 7 ✓ Saved to database
2026-03-12 22:48:06 | INFO     | app.services.prediction_service | ── Prediction Pipeline COMPLETE → Banana - Yellow Sigatoka | High | 99.99% ──
2026-03-12 22:58:52 | INFO     | app.main | AgroGuard-AI shutting down gracefully.
2026-03-14 22:14:08 | INFO     | app.models.model_loader | Creating ModelLoader singleton (path=saved_models/agroguard_banana_resnet50.pth)
2026-03-14 22:14:08 | INFO     | app.models.model_loader | Loading banana model weights from 'saved_models/agroguard_banana_resnet50.pth' on cuda
2026-03-14 22:15:52 | INFO     | app.models.model_loader | Creating ModelLoader singleton (path=saved_models/agroguard_banana_convnext_small.pth)
2026-03-14 22:15:53 | INFO     | app.models.model_loader | Loading banana model weights from 'saved_models/agroguard_banana_convnext_small.pth' on cuda
2026-03-14 22:15:53 | INFO     | app.models.model_loader | Banana disease model loaded successfully (7 classes).
2026-03-14 22:15:58 | INFO     | app.main | ╔══════════════════════════════════════════════╗
2026-03-14 22:15:58 | INFO     | app.main | ║  AgroGuard-AI STARTING  ║
2026-03-14 22:15:58 | INFO     | app.main | ╚══════════════════════════════════════════════╝
2026-03-14 22:15:59 | INFO     | app.database.db | Database tables created / verified.
2026-03-14 22:15:59 | INFO     | app.main | ✓ Database tables ready.
2026-03-14 22:15:59 | INFO     | app.main | ✓ Banana disease model loaded and ready.
2026-03-14 22:15:59 | INFO     | app.main | ✓ AgroGuard-AI v1.2.0 is ready → base URL: /api/v1
2026-03-14 22:16:47 | INFO     | app.api.auth | POST /auth/login | phone='8667540547'
2026-03-14 22:16:47 | INFO     | app.services.auth_service | JWT token created for farmer_id=1
2026-03-14 22:16:47 | INFO     | app.services.auth_service | Farmer logged in → id=1 phone='8667540547'
2026-03-14 22:17:24 | INFO     | app.api.routes | POST /predict | farmer_id=1 phone='8667540547' file='download.jpg' lat=-90.0 lng=-180.0
2026-03-14 22:17:24 | INFO     | app.services.prediction_service | ── Prediction Pipeline START (farmer_id=1) ──
2026-03-14 22:17:24 | INFO     | app.services.prediction_service | Step 1 ✓ Image validated
2026-03-14 22:17:24 | INFO     | app.services.prediction_service | Step 2 ✓ Preprocessed → (1, 3, 224, 224)
2026-03-14 22:17:25 | INFO     | app.models.disease_classifier | Prediction → 'Banana - Panama Disease (Fusarium Wilt)' confidence=0.9963 ✓
2026-03-14 22:17:25 | INFO     | app.services.prediction_service | Step 3 ✓ Disease='Banana - Panama Disease (Fusarium Wilt)' Confidence=0.9963 is_confident=True is_banana=True
2026-03-14 22:17:25 | INFO     | app.models.severity_estimator | Disease 'Banana - Panama Disease (Fusarium Wilt)' is always treated as High severity.
2026-03-14 22:17:25 | INFO     | app.services.prediction_service | Step 4 ✓ Severity=High
2026-03-14 22:17:26 | INFO     | app.services.advisory_service | ✓ Gemini 2.5 Flash client initialised.
2026-03-14 22:17:42 | INFO     | app.services.advisory_service | Gemini advisory generated for disease='Banana - Panama Disease (Fusarium Wilt)' severity='High'
2026-03-14 22:17:42 | INFO     | app.services.prediction_service | Step 5 ✓ Advisory generated (5563 chars)
2026-03-14 22:17:45 | WARNING  | app.services.location_service | Google Maps API failed — using fallback centres.
2026-03-14 22:17:45 | INFO     | app.services.location_service | Fallback centre: Tirunelveli Horticulture Office (State Horticulture Office) — 10976.5 km away
2026-03-14 22:17:45 | INFO     | app.services.prediction_service | Step 6 ✓ Nearest centre: Tirunelveli Horticulture Office (State Horticulture Office) — 10976.5 km away
2026-03-14 22:17:46 | INFO     | app.database.crud | Prediction saved → id=26 farmer_id=1 disease='Banana - Panama Disease (Fusarium Wilt)'
2026-03-14 22:17:46 | INFO     | app.services.prediction_service | Step 7 ✓ Saved to database
2026-03-14 22:17:46 | INFO     | app.services.prediction_service | ── Prediction Pipeline COMPLETE → Banana - Panama Disease (Fusarium Wilt) | High | 99.63% ──
2026-03-14 22:18:19 | INFO     | app.api.routes | POST /predict | farmer_id=1 phone='8667540547' file='download (1).jpg' lat=-90.0 lng=-180.0
2026-03-14 22:18:19 | INFO     | app.services.prediction_service | ── Prediction Pipeline START (farmer_id=1) ──
2026-03-14 22:18:19 | INFO     | app.services.prediction_service | Step 1 ✓ Image validated
2026-03-14 22:18:19 | INFO     | app.services.prediction_service | Step 2 ✓ Preprocessed → (1, 3, 224, 224)
2026-03-14 22:18:19 | INFO     | app.models.disease_classifier | Prediction → 'Banana - Pseudostem Weevil Infestation' confidence=1.0000 ✓
2026-03-14 22:18:19 | INFO     | app.services.prediction_service | Step 3 ✓ Disease='Banana - Pseudostem Weevil Infestation' Confidence=1.0000 is_confident=True is_banana=True
2026-03-14 22:18:19 | INFO     | app.models.severity_estimator | Severity estimated → High (disease='Banana - Pseudostem Weevil Infestation', confidence=1.0000)
2026-03-14 22:18:19 | INFO     | app.services.prediction_service | Step 4 ✓ Severity=High
2026-03-14 22:18:31 | INFO     | app.services.advisory_service | Gemini advisory generated for disease='Banana - Pseudostem Weevil Infestation' severity='High'
2026-03-14 22:18:31 | INFO     | app.services.prediction_service | Step 5 ✓ Advisory generated (3452 chars)
2026-03-14 22:18:34 | WARNING  | app.services.location_service | Google Maps API failed — using fallback centres.
2026-03-14 22:18:34 | INFO     | app.services.location_service | Fallback centre: Tirunelveli Horticulture Office (State Horticulture Office) — 10976.5 km away
2026-03-14 22:18:34 | INFO     | app.services.prediction_service | Step 6 ✓ Nearest centre: Tirunelveli Horticulture Office (State Horticulture Office) — 10976.5 km away
2026-03-14 22:18:34 | INFO     | app.database.crud | Prediction saved → id=27 farmer_id=1 disease='Banana - Pseudostem Weevil Infestation'
2026-03-14 22:18:34 | INFO     | app.services.prediction_service | Step 7 ✓ Saved to database
2026-03-14 22:18:34 | INFO     | app.services.prediction_service | ── Prediction Pipeline COMPLETE → Banana - Pseudostem Weevil Infestation | High | 100.00% ──
2026-03-14 22:19:10 | INFO     | app.api.routes | POST /predict | farmer_id=1 phone='8667540547' file='aug_0_15.jpg' lat=-90.0 lng=-180.0
2026-03-14 22:19:10 | INFO     | app.services.prediction_service | ── Prediction Pipeline START (farmer_id=1) ──
2026-03-14 22:19:10 | INFO     | app.services.prediction_service | Step 1 ✓ Image validated
2026-03-14 22:19:10 | INFO     | app.services.prediction_service | Step 2 ✓ Preprocessed → (1, 3, 224, 224)
2026-03-14 22:19:11 | INFO     | app.models.disease_classifier | Prediction → 'Banana - Bunchy Top Virus (BBTV)' confidence=1.0000 ✓
2026-03-14 22:19:11 | INFO     | app.services.prediction_service | Step 3 ✓ Disease='Banana - Bunchy Top Virus (BBTV)' Confidence=1.0000 is_confident=True is_banana=True
2026-03-14 22:19:11 | INFO     | app.models.severity_estimator | Disease 'Banana - Bunchy Top Virus (BBTV)' is always treated as High severity.
2026-03-14 22:19:11 | INFO     | app.services.prediction_service | Step 4 ✓ Severity=High
2026-03-14 22:19:30 | INFO     | app.services.advisory_service | Gemini advisory generated for disease='Banana - Bunchy Top Virus (BBTV)' severity='High'
2026-03-14 22:19:30 | INFO     | app.services.prediction_service | Step 5 ✓ Advisory generated (4059 chars)
2026-03-14 22:19:34 | WARNING  | app.services.location_service | Google Maps API failed — using fallback centres.
2026-03-14 22:19:34 | INFO     | app.services.location_service | Fallback centre: Tirunelveli Horticulture Office (State Horticulture Office) — 10976.5 km away
2026-03-14 22:19:34 | INFO     | app.services.prediction_service | Step 6 ✓ Nearest centre: Tirunelveli Horticulture Office (State Horticulture Office) — 10976.5 km away
2026-03-14 22:19:34 | INFO     | app.database.crud | Prediction saved → id=28 farmer_id=1 disease='Banana - Bunchy Top Virus (BBTV)'
2026-03-14 22:19:34 | INFO     | app.services.prediction_service | Step 7 ✓ Saved to database
2026-03-14 22:19:34 | INFO     | app.services.prediction_service | ── Prediction Pipeline COMPLETE → Banana - Bunchy Top Virus (BBTV) | High | 100.00% ──
2026-03-14 23:06:29 | INFO     | app.api.routes | POST /predict | farmer_id=1 phone='8667540547' file='20210220_105242.jpg' lat=-90.0 lng=-180.0
2026-03-14 23:06:29 | INFO     | app.services.prediction_service | ── Prediction Pipeline START (farmer_id=1) ──
2026-03-14 23:06:29 | INFO     | app.services.prediction_service | Step 1 ✓ Image validated
2026-03-14 23:06:29 | INFO     | app.services.prediction_service | Step 2 ✓ Preprocessed → (1, 3, 224, 224)
2026-03-14 23:06:29 | INFO     | app.models.disease_classifier | Prediction → 'Banana - Yellow Sigatoka' confidence=1.0000 ✓
2026-03-14 23:06:29 | INFO     | app.services.prediction_service | Step 3 ✓ Disease='Banana - Yellow Sigatoka' Confidence=1.0000 is_confident=True is_banana=True
2026-03-14 23:06:29 | INFO     | app.models.severity_estimator | Severity estimated → High (disease='Banana - Yellow Sigatoka', confidence=1.0000)
2026-03-14 23:06:29 | INFO     | app.services.prediction_service | Step 4 ✓ Severity=High
2026-03-14 23:06:48 | INFO     | app.services.advisory_service | Gemini advisory generated for disease='Banana - Yellow Sigatoka' severity='High'
2026-03-14 23:06:48 | INFO     | app.services.prediction_service | Step 5 ✓ Advisory generated (5699 chars)
2026-03-14 23:06:51 | WARNING  | app.services.location_service | Google Maps API failed — using fallback centres.
2026-03-14 23:06:51 | INFO     | app.services.location_service | Fallback centre: Tirunelveli Horticulture Office (State Horticulture Office) — 10976.5 km away
2026-03-14 23:06:51 | INFO     | app.services.prediction_service | Step 6 ✓ Nearest centre: Tirunelveli Horticulture Office (State Horticulture Office) — 10976.5 km away
2026-03-14 23:06:51 | INFO     | app.database.crud | Prediction saved → id=29 farmer_id=1 disease='Banana - Yellow Sigatoka'
2026-03-14 23:06:51 | INFO     | app.services.prediction_service | Step 7 ✓ Saved to database
2026-03-14 23:06:51 | INFO     | app.services.prediction_service | ── Prediction Pipeline COMPLETE → Banana - Yellow Sigatoka | High | 100.00% ──
2026-03-14 23:11:48 | INFO     | app.api.routes | POST /predict | farmer_id=1 phone='8667540547' file='20210220_105242.jpg' lat=-90.0 lng=-180.0
2026-03-14 23:11:48 | INFO     | app.services.prediction_service | ── Prediction Pipeline START (farmer_id=1) ──
2026-03-14 23:11:48 | INFO     | app.services.prediction_service | Step 1 ✓ Image validated
2026-03-14 23:11:48 | INFO     | app.services.prediction_service | Step 2 ✓ Preprocessed → (1, 3, 224, 224)
2026-03-14 23:11:48 | INFO     | app.models.disease_classifier | Prediction → 'Banana - Yellow Sigatoka' confidence=1.0000 ✓
2026-03-14 23:11:48 | INFO     | app.services.prediction_service | Step 3 ✓ Disease='Banana - Yellow Sigatoka' Confidence=1.0000 is_confident=True is_banana=True
2026-03-14 23:11:48 | INFO     | app.models.severity_estimator | Severity estimated → High (disease='Banana - Yellow Sigatoka', confidence=1.0000)
2026-03-14 23:11:48 | INFO     | app.services.prediction_service | Step 4 ✓ Severity=High
2026-03-14 23:12:04 | INFO     | app.services.advisory_service | Gemini advisory generated for disease='Banana - Yellow Sigatoka' severity='High'
2026-03-14 23:12:04 | INFO     | app.services.prediction_service | Step 5 ✓ Advisory generated (5054 chars)
2026-03-14 23:12:07 | WARNING  | app.services.location_service | Google Maps API failed — using fallback centres.
2026-03-14 23:12:07 | INFO     | app.services.location_service | Fallback centre: Tirunelveli Horticulture Office (State Horticulture Office) — 10976.5 km away
2026-03-14 23:12:07 | INFO     | app.services.prediction_service | Step 6 ✓ Nearest centre: Tirunelveli Horticulture Office (State Horticulture Office) — 10976.5 km away
2026-03-14 23:12:07 | INFO     | app.database.crud | Prediction saved → id=30 farmer_id=1 disease='Banana - Yellow Sigatoka'
2026-03-14 23:12:07 | INFO     | app.services.prediction_service | Step 7 ✓ Saved to database
2026-03-14 23:12:07 | INFO     | app.services.prediction_service | ── Prediction Pipeline COMPLETE → Banana - Yellow Sigatoka | High | 100.00% ──
2026-03-14 23:17:47 | INFO     | app.api.routes | POST /predict | farmer_id=1 phone='8667540547' file='aug_0_5.jpg' lat=-90.0 lng=-180.0
2026-03-14 23:17:47 | INFO     | app.services.prediction_service | ── Prediction Pipeline START (farmer_id=1) ──
2026-03-14 23:17:47 | INFO     | app.services.prediction_service | Step 1 ✓ Image validated
2026-03-14 23:17:47 | INFO     | app.services.prediction_service | Step 2 ✓ Preprocessed → (1, 3, 224, 224)
2026-03-14 23:17:47 | INFO     | app.models.disease_classifier | Prediction → 'Banana - Panama Disease (Fusarium Wilt)' confidence=1.0000 ✓
2026-03-14 23:17:47 | INFO     | app.services.prediction_service | Step 3 ✓ Disease='Banana - Panama Disease (Fusarium Wilt)' Confidence=1.0000 is_confident=True is_banana=True
2026-03-14 23:17:47 | INFO     | app.models.severity_estimator | Disease 'Banana - Panama Disease (Fusarium Wilt)' is always treated as High severity.
2026-03-14 23:17:47 | INFO     | app.services.prediction_service | Step 4 ✓ Severity=High
2026-03-14 23:18:02 | INFO     | app.services.advisory_service | Gemini advisory generated for disease='Banana - Panama Disease (Fusarium Wilt)' severity='High'
2026-03-14 23:18:02 | INFO     | app.services.prediction_service | Step 5 ✓ Advisory generated (5177 chars)
2026-03-14 23:18:05 | WARNING  | app.services.location_service | Google Maps API failed — using fallback centres.
2026-03-14 23:18:05 | INFO     | app.services.location_service | Fallback centre: Tirunelveli Horticulture Office (State Horticulture Office) — 10976.5 km away
2026-03-14 23:18:05 | INFO     | app.services.prediction_service | Step 6 ✓ Nearest centre: Tirunelveli Horticulture Office (State Horticulture Office) — 10976.5 km away
2026-03-14 23:18:05 | INFO     | app.database.crud | Prediction saved → id=31 farmer_id=1 disease='Banana - Panama Disease (Fusarium Wilt)'
2026-03-14 23:18:05 | INFO     | app.services.prediction_service | Step 7 ✓ Saved to database
2026-03-14 23:18:05 | INFO     | app.services.prediction_service | ── Prediction Pipeline COMPLETE → Banana - Panama Disease (Fusarium Wilt) | High | 100.00% ──
2026-03-14 23:18:36 | INFO     | app.api.routes | POST /predict | farmer_id=1 phone='8667540547' file='aug_0_34.jpg' lat=-90.0 lng=-180.0
2026-03-14 23:18:36 | INFO     | app.services.prediction_service | ── Prediction Pipeline START (farmer_id=1) ──
2026-03-14 23:18:36 | INFO     | app.services.prediction_service | Step 1 ✓ Image validated
2026-03-14 23:18:36 | INFO     | app.services.prediction_service | Step 2 ✓ Preprocessed → (1, 3, 224, 224)
2026-03-14 23:18:36 | INFO     | app.models.disease_classifier | Prediction → 'Banana - Healthy' confidence=1.0000 ✓
2026-03-14 23:18:36 | INFO     | app.services.prediction_service | Step 3 ✓ Disease='Banana - Healthy' Confidence=1.0000 is_confident=True is_banana=True
2026-03-14 23:18:36 | INFO     | app.models.severity_estimator | Banana plant is healthy — no severity assigned.
2026-03-14 23:18:36 | INFO     | app.services.prediction_service | Step 4 ✓ Severity=None
2026-03-14 23:18:51 | INFO     | app.services.advisory_service | Gemini advisory generated for disease='Banana - Healthy' severity='None'
2026-03-14 23:18:51 | INFO     | app.services.prediction_service | Step 5 ✓ Advisory generated (3426 chars)
2026-03-14 23:18:54 | WARNING  | app.services.location_service | Google Maps API failed — using fallback centres.
2026-03-14 23:18:54 | INFO     | app.services.location_service | Fallback centre: Tirunelveli Horticulture Office (State Horticulture Office) — 10976.5 km away
2026-03-14 23:18:54 | INFO     | app.services.prediction_service | Step 6 ✓ Nearest centre: Tirunelveli Horticulture Office (State Horticulture Office) — 10976.5 km away
2026-03-14 23:18:54 | INFO     | app.database.crud | Prediction saved → id=32 farmer_id=1 disease='Banana - Healthy'
2026-03-14 23:18:54 | INFO     | app.services.prediction_service | Step 7 ✓ Saved to database
2026-03-14 23:18:54 | INFO     | app.services.prediction_service | ── Prediction Pipeline COMPLETE → Banana - Healthy | None | 100.00% ──
2026-03-15 10:49:52 | INFO     | app.models.model_loader | Creating ModelLoader singleton (path=saved_models/agroguard_banana_convnext_small.pth)
2026-03-15 10:49:54 | INFO     | app.models.model_loader | Loading banana model weights from 'saved_models/agroguard_banana_convnext_small.pth' on cuda
2026-03-15 10:49:55 | INFO     | app.models.model_loader | Banana disease model loaded successfully (7 classes).
2026-03-15 10:49:59 | INFO     | app.main | ╔══════════════════════════════════════════════╗
2026-03-15 10:49:59 | INFO     | app.main | ║  AgroGuard-AI STARTING  ║
2026-03-15 10:49:59 | INFO     | app.main | ╚══════════════════════════════════════════════╝
2026-03-15 10:49:59 | INFO     | app.database.db | Database tables created / verified.
2026-03-15 10:49:59 | INFO     | app.main | ✓ Database tables ready.
2026-03-15 10:49:59 | INFO     | app.main | ✓ Banana disease model loaded and ready.
2026-03-15 10:49:59 | INFO     | app.main | ✓ AgroGuard-AI v1.2.0 is ready → base URL: /api/v1
2026-03-16 10:07:13 | INFO     | app.models.model_loader | Creating ModelLoader singleton (path=saved_models/agroguard_banana_convnext_small.pth)
2026-03-16 10:07:15 | INFO     | app.models.model_loader | Loading banana model weights from 'saved_models/agroguard_banana_convnext_small.pth' on cuda
2026-03-16 10:07:15 | INFO     | app.models.model_loader | Banana disease model loaded successfully (7 classes).
2026-03-16 10:07:19 | INFO     | app.main | ╔══════════════════════════════════════════════╗
2026-03-16 10:07:19 | INFO     | app.main | ║  AgroGuard-AI STARTING  ║
2026-03-16 10:07:19 | INFO     | app.main | ╚══════════════════════════════════════════════╝
2026-03-16 10:07:19 | INFO     | app.database.db | Database tables created / verified.
2026-03-16 10:07:19 | INFO     | app.main | ✓ Database tables ready.
2026-03-16 10:07:19 | INFO     | app.main | ✓ Banana disease model loaded and ready.
2026-03-16 10:07:19 | INFO     | app.main | ✓ AgroGuard-AI v1.2.0 is ready → base URL: /api/v1
2026-03-16 10:08:11 | INFO     | app.api.auth | POST /auth/login | phone='8667540547'
2026-03-16 10:08:12 | INFO     | app.services.auth_service | JWT token created for farmer_id=1
2026-03-16 10:08:12 | INFO     | app.services.auth_service | Farmer logged in → id=1 phone='8667540547'
2026-03-16 10:08:47 | INFO     | app.api.routes | POST /predict | farmer_id=1 phone='8667540547' file='download (1).jpg' lat=-90.0 lng=-180.0
2026-03-16 10:08:47 | INFO     | app.services.prediction_service | ── Prediction Pipeline START (farmer_id=1) ──
2026-03-16 10:08:47 | INFO     | app.services.prediction_service | Step 1 ✓ Image validated
2026-03-16 10:08:47 | INFO     | app.services.prediction_service | Step 2 ✓ Preprocessed → (1, 3, 224, 224)
2026-03-16 10:08:49 | INFO     | app.models.disease_classifier | Prediction → 'Banana - Pseudostem Weevil Infestation' confidence=1.0000 ✓
2026-03-16 10:08:49 | INFO     | app.services.prediction_service | Step 3 ✓ Disease='Banana - Pseudostem Weevil Infestation' Confidence=1.0000 is_confident=True is_banana=True
2026-03-16 10:08:49 | INFO     | app.models.severity_estimator | Severity estimated → High (disease='Banana - Pseudostem Weevil Infestation', confidence=1.0000)
2026-03-16 10:08:49 | INFO     | app.services.prediction_service | Step 4 ✓ Severity=High
2026-03-16 10:08:50 | INFO     | app.services.advisory_service | ✓ Gemini 2.5 Flash client initialised.
2026-03-16 10:09:05 | INFO     | app.services.advisory_service | Gemini advisory generated for disease='Banana - Pseudostem Weevil Infestation' severity='High'
2026-03-16 10:09:05 | INFO     | app.services.prediction_service | Step 5 ✓ Advisory generated (3098 chars)
2026-03-16 10:09:09 | WARNING  | app.services.location_service | Google Maps API failed — using fallback centres.
2026-03-16 10:09:09 | INFO     | app.services.location_service | Fallback centre: Tirunelveli Horticulture Office (State Horticulture Office) — 10976.5 km away
2026-03-16 10:09:09 | INFO     | app.services.prediction_service | Step 6 ✓ Nearest centre: Tirunelveli Horticulture Office (State Horticulture Office) — 10976.5 km away
2026-03-16 10:09:09 | INFO     | app.database.crud | Prediction saved → id=33 farmer_id=1 disease='Banana - Pseudostem Weevil Infestation'
2026-03-16 10:09:09 | INFO     | app.services.prediction_service | Step 7 ✓ Saved to database
2026-03-16 10:09:09 | INFO     | app.services.prediction_service | ── Prediction Pipeline COMPLETE → Banana - Pseudostem Weevil Infestation | High | 100.00% ──
2026-03-16 10:12:11 | INFO     | app.main | AgroGuard-AI shutting down gracefully.
2026-03-16 11:20:01 | INFO     | app.models.model_loader | Creating ModelLoader singleton (path=saved_models/agroguard_banana_convnext_small.pth)
2026-03-16 11:20:03 | INFO     | app.models.model_loader | Loading banana model weights from 'saved_models/agroguard_banana_convnext_small.pth' on cuda
2026-03-16 11:20:04 | INFO     | app.models.model_loader | Banana disease model loaded successfully (7 classes).
2026-03-16 11:20:08 | INFO     | app.main | ╔══════════════════════════════════════════════╗
2026-03-16 11:20:08 | INFO     | app.main | ║  AgroGuard-AI STARTING  ║
2026-03-16 11:20:08 | INFO     | app.main | ╚══════════════════════════════════════════════╝
2026-03-16 11:20:08 | INFO     | app.database.db | Database tables created / verified.
2026-03-16 11:20:08 | INFO     | app.main | ✓ Database tables ready.
2026-03-16 11:20:08 | INFO     | app.main | ✓ Banana disease model loaded and ready.
2026-03-16 11:20:08 | INFO     | app.main | ✓ AgroGuard-AI v1.2.0 is ready → base URL: /api/v1
2026-03-16 11:21:23 | INFO     | app.api.auth | POST /auth/login | phone='8667540547'
2026-03-16 11:21:24 | INFO     | app.services.auth_service | JWT token created for farmer_id=1
2026-03-16 11:21:24 | INFO     | app.services.auth_service | Farmer logged in → id=1 phone='8667540547'
2026-03-16 11:22:00 | INFO     | app.api.routes | POST /predict | farmer_id=1 phone='8667540547' file='download (1).jpg' lat=-90.0 lng=-180.0
2026-03-16 11:22:00 | INFO     | app.services.prediction_service | ── Prediction Pipeline START (farmer_id=1) ──
2026-03-16 11:22:00 | INFO     | app.services.prediction_service | Step 1 ✓ Image validated
2026-03-16 11:22:00 | INFO     | app.services.prediction_service | Step 2 ✓ Preprocessed → (1, 3, 224, 224)
2026-03-16 11:22:02 | INFO     | app.models.disease_classifier | Prediction → 'Banana - Pseudostem Weevil Infestation' confidence=1.0000 ✓
2026-03-16 11:22:02 | INFO     | app.services.prediction_service | Step 3 ✓ Disease='Banana - Pseudostem Weevil Infestation' Confidence=1.0000 is_confident=True is_banana=True
2026-03-16 11:22:02 | INFO     | app.models.severity_estimator | Severity estimated → High (disease='Banana - Pseudostem Weevil Infestation', confidence=1.0000)
2026-03-16 11:22:02 | INFO     | app.services.prediction_service | Step 4 ✓ Severity=High
2026-03-16 11:22:04 | INFO     | app.services.advisory_service | ✓ Gemini 2.5 Flash client initialised.
2026-03-16 11:22:17 | INFO     | app.services.advisory_service | Gemini advisory generated for disease='Banana - Pseudostem Weevil Infestation' severity='High'
2026-03-16 11:22:17 | INFO     | app.services.prediction_service | Step 5 ✓ Advisory generated (3573 chars)
2026-03-16 11:22:22 | WARNING  | app.services.location_service | Google Maps API failed — using fallback centres.
2026-03-16 11:22:22 | INFO     | app.services.location_service | Fallback centre: Tirunelveli Horticulture Office (State Horticulture Office) — 10976.5 km away
2026-03-16 11:22:22 | INFO     | app.services.prediction_service | Step 6 ✓ Nearest centre: Tirunelveli Horticulture Office (State Horticulture Office) — 10976.5 km away
2026-03-16 11:22:22 | INFO     | app.database.crud | Prediction saved → id=34 farmer_id=1 disease='Banana - Pseudostem Weevil Infestation'
2026-03-16 11:22:22 | INFO     | app.services.prediction_service | Step 7 ✓ Saved to database
2026-03-16 11:22:22 | INFO     | app.services.prediction_service | ── Prediction Pipeline COMPLETE → Banana - Pseudostem Weevil Infestation | High | 100.00% ──
2026-03-16 11:46:01 | INFO     | app.main | AgroGuard-AI shutting down gracefully.
2026-03-16 20:40:37 | INFO     | app.models.model_loader | Creating ModelLoader singleton (path=saved_models/agroguard_banana_convnext_small.pth)
2026-03-16 20:40:39 | INFO     | app.models.model_loader | Loading banana model weights from 'saved_models/agroguard_banana_convnext_small.pth' on cuda
2026-03-16 20:40:40 | INFO     | app.models.model_loader | Banana disease model loaded successfully (7 classes).
2026-03-16 20:40:44 | INFO     | app.main | ╔══════════════════════════════════════════════╗
2026-03-16 20:40:44 | INFO     | app.main | ║  AgroGuard-AI STARTING  ║
2026-03-16 20:40:44 | INFO     | app.main | ╚══════════════════════════════════════════════╝
2026-03-16 20:40:44 | INFO     | app.database.db | Database tables created / verified.
2026-03-16 20:40:44 | INFO     | app.main | ✓ Database tables ready.
2026-03-16 20:40:44 | INFO     | app.main | ✓ Banana disease model loaded and ready.
2026-03-16 20:40:44 | INFO     | app.main | ✓ AgroGuard-AI v1.2.0 is ready → base URL: /api/v1
2026-03-16 22:01:29 | INFO     | app.models.model_loader | Creating ModelLoader singleton (path=saved_models/agroguard_banana_convnext_small.pth)
2026-03-16 22:01:30 | INFO     | app.models.model_loader | Loading banana model weights from 'saved_models/agroguard_banana_convnext_small.pth' on cuda
2026-03-16 22:01:31 | INFO     | app.models.model_loader | Banana disease model loaded successfully (7 classes).
2026-03-16 22:01:35 | INFO     | app.main | ╔══════════════════════════════════════════════╗
2026-03-16 22:01:35 | INFO     | app.main | ║  AgroGuard-AI STARTING  ║
2026-03-16 22:01:35 | INFO     | app.main | ╚══════════════════════════════════════════════╝
2026-03-16 22:01:35 | INFO     | app.database.db | Database tables created / verified.
2026-03-16 22:01:35 | INFO     | app.main | ✓ Database tables ready.
2026-03-16 22:01:35 | INFO     | app.main | ✓ Banana disease model loaded and ready.
2026-03-16 22:01:35 | INFO     | app.main | ✓ AgroGuard-AI v1.2.0 is ready → base URL: /api/v1
2026-03-16 22:02:06 | INFO     | app.api.auth | POST /auth/login | phone='8667540547'
2026-03-16 22:02:07 | INFO     | app.services.auth_service | JWT token created for farmer_id=1
2026-03-16 22:02:07 | INFO     | app.services.auth_service | Farmer logged in → id=1 phone='8667540547'
2026-03-16 22:02:19 | INFO     | app.api.routes | POST /predict | farmer_id=1 phone='8667540547' file='image.jpg' lat=None lng=None
2026-03-16 22:02:19 | INFO     | app.services.prediction_service | ── Prediction Pipeline START (farmer_id=1) ──
2026-03-16 22:02:19 | INFO     | app.services.prediction_service | Step 1 ✓ Image validated
2026-03-16 22:02:19 | INFO     | app.services.prediction_service | Step 2 ✓ Preprocessed → (1, 3, 224, 224)
2026-03-16 22:02:21 | INFO     | app.models.disease_classifier | Prediction → 'Banana - Pseudostem Weevil Infestation' confidence=1.0000 ✓
2026-03-16 22:02:21 | INFO     | app.services.prediction_service | Step 3 ✓ Disease='Banana - Pseudostem Weevil Infestation' Confidence=1.0000 is_confident=True is_banana=True
2026-03-16 22:02:21 | INFO     | app.models.severity_estimator | Severity estimated → High (disease='Banana - Pseudostem Weevil Infestation', confidence=1.0000)
2026-03-16 22:02:21 | INFO     | app.services.prediction_service | Step 4 ✓ Severity=High
2026-03-16 22:02:23 | INFO     | app.services.advisory_service | ✓ Gemini 2.5 Flash client initialised.
2026-03-16 22:02:41 | INFO     | app.services.advisory_service | Gemini advisory generated for disease='Banana - Pseudostem Weevil Infestation' severity='High'
2026-03-16 22:02:41 | INFO     | app.services.prediction_service | Step 5 ✓ Advisory generated (4359 chars)
2026-03-16 22:02:41 | INFO     | app.services.location_service | No GPS coordinates — returning default ICAR-NRCB centre.
2026-03-16 22:02:41 | INFO     | app.services.prediction_service | Step 6 ✓ Nearest centre: ICAR-NRCB (National Research Centre for Banana), Trichy — Contact: 0431-2616214 | nrcb@icar.gov.in
2026-03-16 22:02:42 | INFO     | app.database.crud | Prediction saved → id=35 farmer_id=1 disease='Banana - Pseudostem Weevil Infestation'
2026-03-16 22:02:42 | INFO     | app.services.prediction_service | Step 7 ✓ Saved to database
2026-03-16 22:02:42 | INFO     | app.services.prediction_service | ── Prediction Pipeline COMPLETE → Banana - Pseudostem Weevil Infestation | High | 100.00% ──
2026-03-16 22:04:09 | INFO     | app.api.routes | POST /predict | farmer_id=1 phone='8667540547' file='image.jpg' lat=None lng=None
2026-03-16 22:04:09 | INFO     | app.services.prediction_service | ── Prediction Pipeline START (farmer_id=1) ──
2026-03-16 22:04:09 | INFO     | app.services.prediction_service | Step 1 ✓ Image validated
2026-03-16 22:04:09 | INFO     | app.services.prediction_service | Step 2 ✓ Preprocessed → (1, 3, 224, 224)
2026-03-16 22:04:09 | INFO     | app.models.disease_classifier | Prediction → 'Banana - Panama Disease (Fusarium Wilt)' confidence=1.0000 ✓
2026-03-16 22:04:09 | INFO     | app.services.prediction_service | Step 3 ✓ Disease='Banana - Panama Disease (Fusarium Wilt)' Confidence=1.0000 is_confident=True is_banana=True
2026-03-16 22:04:09 | INFO     | app.models.severity_estimator | Disease 'Banana - Panama Disease (Fusarium Wilt)' is always treated as High severity.
2026-03-16 22:04:09 | INFO     | app.services.prediction_service | Step 4 ✓ Severity=High
2026-03-16 22:04:30 | INFO     | app.services.advisory_service | Gemini advisory generated for disease='Banana - Panama Disease (Fusarium Wilt)' severity='High'
2026-03-16 22:04:30 | INFO     | app.services.prediction_service | Step 5 ✓ Advisory generated (6159 chars)
2026-03-16 22:04:30 | INFO     | app.services.location_service | No GPS coordinates — returning default ICAR-NRCB centre.
2026-03-16 22:04:30 | INFO     | app.services.prediction_service | Step 6 ✓ Nearest centre: ICAR-NRCB (National Research Centre for Banana), Trichy — Contact: 0431-2616214 | nrcb@icar.gov.in
2026-03-16 22:04:30 | INFO     | app.database.crud | Prediction saved → id=36 farmer_id=1 disease='Banana - Panama Disease (Fusarium Wilt)'
2026-03-16 22:04:30 | INFO     | app.services.prediction_service | Step 7 ✓ Saved to database
2026-03-16 22:04:30 | INFO     | app.services.prediction_service | ── Prediction Pipeline COMPLETE → Banana - Panama Disease (Fusarium Wilt) | High | 100.00% ──
2026-03-16 22:05:43 | INFO     | app.api.routes | POST /predict | farmer_id=1 phone='8667540547' file='image.jpg' lat=None lng=None
2026-03-16 22:05:43 | INFO     | app.services.prediction_service | ── Prediction Pipeline START (farmer_id=1) ──
2026-03-16 22:05:43 | INFO     | app.services.prediction_service | Step 1 ✓ Image validated
2026-03-16 22:05:43 | INFO     | app.services.prediction_service | Step 2 ✓ Preprocessed → (1, 3, 224, 224)
2026-03-16 22:05:44 | INFO     | app.models.disease_classifier | Prediction → 'Banana - Yellow Sigatoka' confidence=1.0000 ✓
2026-03-16 22:05:44 | INFO     | app.services.prediction_service | Step 3 ✓ Disease='Banana - Yellow Sigatoka' Confidence=1.0000 is_confident=True is_banana=True
2026-03-16 22:05:44 | INFO     | app.models.severity_estimator | Severity estimated → High (disease='Banana - Yellow Sigatoka', confidence=1.0000)
2026-03-16 22:05:44 | INFO     | app.services.prediction_service | Step 4 ✓ Severity=High
2026-03-16 22:06:04 | INFO     | app.services.advisory_service | Gemini advisory generated for disease='Banana - Yellow Sigatoka' severity='High'
2026-03-16 22:06:04 | INFO     | app.services.prediction_service | Step 5 ✓ Advisory generated (5459 chars)
2026-03-16 22:06:04 | INFO     | app.services.location_service | No GPS coordinates — returning default ICAR-NRCB centre.
2026-03-16 22:06:04 | INFO     | app.services.prediction_service | Step 6 ✓ Nearest centre: ICAR-NRCB (National Research Centre for Banana), Trichy — Contact: 0431-2616214 | nrcb@icar.gov.in
2026-03-16 22:06:05 | INFO     | app.database.crud | Prediction saved → id=37 farmer_id=1 disease='Banana - Yellow Sigatoka'
2026-03-16 22:06:05 | INFO     | app.services.prediction_service | Step 7 ✓ Saved to database
2026-03-16 22:06:05 | INFO     | app.services.prediction_service | ── Prediction Pipeline COMPLETE → Banana - Yellow Sigatoka | High | 100.00% ──
2026-03-16 22:06:18 | INFO     | app.main | AgroGuard-AI shutting down gracefully.
2026-03-16 22:23:42 | INFO     | app.models.model_loader | Creating ModelLoader singleton (path=saved_models/agroguard_banana_convnext_small.pth)
2026-03-16 22:23:44 | INFO     | app.models.model_loader | Loading banana model weights from 'saved_models/agroguard_banana_convnext_small.pth' on cuda
2026-03-16 22:23:45 | INFO     | app.models.model_loader | Banana disease model loaded successfully (7 classes).
2026-03-16 22:23:50 | INFO     | app.main | ╔══════════════════════════════════════════════╗
2026-03-16 22:23:50 | INFO     | app.main | ║  AgroGuard-AI STARTING  ║
2026-03-16 22:23:50 | INFO     | app.main | ╚══════════════════════════════════════════════╝
2026-03-16 22:23:50 | INFO     | app.database.db | Database tables created / verified.
2026-03-16 22:23:50 | INFO     | app.main | ✓ Database tables ready.
2026-03-16 22:23:50 | INFO     | app.main | ✓ Banana disease model loaded and ready.
2026-03-16 22:23:50 | INFO     | app.main | ✓ AgroGuard-AI v1.2.0 is ready → base URL: /api/v1
2026-03-16 22:26:39 | INFO     | app.api.auth | POST /auth/login | phone='8667540547'
2026-03-16 22:26:40 | INFO     | app.services.auth_service | JWT token created for farmer_id=1
2026-03-16 22:26:40 | INFO     | app.services.auth_service | Farmer logged in → id=1 phone='8667540547'
2026-03-16 22:26:50 | INFO     | app.api.routes | POST /predict | farmer_id=1 phone='8667540547' file='image.jpg' lat=None lng=None
2026-03-16 22:26:50 | INFO     | app.services.prediction_service | ── Prediction Pipeline START (farmer_id=1) ──
2026-03-16 22:26:50 | INFO     | app.services.prediction_service | Step 1 ✓ Image validated
2026-03-16 22:26:50 | INFO     | app.services.prediction_service | Step 2 ✓ Preprocessed → (1, 3, 224, 224)
2026-03-16 22:26:52 | INFO     | app.models.disease_classifier | Prediction → 'Banana - Yellow Sigatoka' confidence=1.0000 ✓
2026-03-16 22:26:52 | INFO     | app.services.prediction_service | Step 3 ✓ Disease='Banana - Yellow Sigatoka' Confidence=1.0000 is_confident=True is_banana=True
2026-03-16 22:26:52 | INFO     | app.models.severity_estimator | Severity estimated → High (disease='Banana - Yellow Sigatoka', confidence=1.0000)
2026-03-16 22:26:52 | INFO     | app.services.prediction_service | Step 4 ✓ Severity=High
2026-03-16 22:26:53 | INFO     | app.services.advisory_service | ✓ Gemini 2.5 Flash client initialised.
2026-03-16 22:27:05 | INFO     | app.services.advisory_service | Gemini advisory generated — disease='Banana - Yellow Sigatoka' severity='High' language='english'
2026-03-16 22:27:05 | INFO     | app.services.prediction_service | Step 5 ✓ Advisory generated (1648 chars)
2026-03-16 22:27:05 | INFO     | app.services.location_service | No GPS coordinates — returning default ICAR-NRCB centre.
2026-03-16 22:27:05 | INFO     | app.services.prediction_service | Step 6 ✓ Nearest centre: ICAR-NRCB (National Research Centre for Banana), Trichy — Contact: 0431-2616214 | nrcb@icar.gov.in
2026-03-16 22:27:06 | INFO     | app.database.crud | Prediction saved → id=38 farmer_id=1 disease='Banana - Yellow Sigatoka'
2026-03-16 22:27:06 | INFO     | app.services.prediction_service | Step 7 ✓ Saved to database
2026-03-16 22:27:06 | INFO     | app.services.prediction_service | ── Prediction Pipeline COMPLETE → Banana - Yellow Sigatoka | High | 100.00% ──
2026-03-16 22:34:34 | INFO     | app.api.auth | POST /auth/login | phone='8667540547'
2026-03-16 22:34:34 | INFO     | app.services.auth_service | JWT token created for farmer_id=1
2026-03-16 22:34:34 | INFO     | app.services.auth_service | Farmer logged in → id=1 phone='8667540547'
2026-03-16 22:35:03 | INFO     | app.api.routes | POST /predict | farmer_id=1 phone='8667540547' file='20210219_160954.jpg' lat=-90.0 lng=-180.0
2026-03-16 22:35:03 | INFO     | app.services.prediction_service | ── Prediction Pipeline START (farmer_id=1) ──
2026-03-16 22:35:03 | INFO     | app.services.prediction_service | Step 1 ✓ Image validated
2026-03-16 22:35:03 | INFO     | app.services.prediction_service | Step 2 ✓ Preprocessed → (1, 3, 224, 224)
2026-03-16 22:35:04 | INFO     | app.models.disease_classifier | Prediction → 'Banana - Yellow Sigatoka' confidence=1.0000 ✓
2026-03-16 22:35:04 | INFO     | app.services.prediction_service | Step 3 ✓ Disease='Banana - Yellow Sigatoka' Confidence=1.0000 is_confident=True is_banana=True
2026-03-16 22:35:04 | INFO     | app.models.severity_estimator | Severity estimated → High (disease='Banana - Yellow Sigatoka', confidence=1.0000)
2026-03-16 22:35:04 | INFO     | app.services.prediction_service | Step 4 ✓ Severity=High
2026-03-16 22:35:14 | INFO     | app.services.advisory_service | Gemini advisory generated — disease='Banana - Yellow Sigatoka' severity='High' language='english'
2026-03-16 22:35:14 | INFO     | app.services.prediction_service | Step 5 ✓ Advisory generated (1440 chars)
2026-03-16 22:35:19 | WARNING  | app.services.location_service | Google Maps API failed — using fallback centres.
2026-03-16 22:35:19 | INFO     | app.services.location_service | Fallback centre: Tirunelveli Horticulture Office (State Horticulture Office) — 10976.5 km away
2026-03-16 22:35:19 | INFO     | app.services.prediction_service | Step 6 ✓ Nearest centre: Tirunelveli Horticulture Office (State Horticulture Office) — 10976.5 km away
2026-03-16 22:35:19 | INFO     | app.database.crud | Prediction saved → id=39 farmer_id=1 disease='Banana - Yellow Sigatoka'
2026-03-16 22:35:19 | INFO     | app.services.prediction_service | Step 7 ✓ Saved to database
2026-03-16 22:35:19 | INFO     | app.services.prediction_service | ── Prediction Pipeline COMPLETE → Banana - Yellow Sigatoka | High | 100.00% ──
2026-03-16 22:45:16 | INFO     | app.main | AgroGuard-AI shutting down gracefully.
2026-03-16 22:45:26 | INFO     | app.models.model_loader | Creating ModelLoader singleton (path=saved_models/agroguard_banana_convnext_small.pth)
2026-03-16 22:45:27 | INFO     | app.models.model_loader | Loading banana model weights from 'saved_models/agroguard_banana_convnext_small.pth' on cuda
2026-03-16 22:45:27 | INFO     | app.models.model_loader | Banana disease model loaded successfully (7 classes).
2026-03-16 22:45:27 | INFO     | app.main | ╔══════════════════════════════════════════════╗
2026-03-16 22:45:27 | INFO     | app.main | ║  AgroGuard-AI STARTING  ║
2026-03-16 22:45:27 | INFO     | app.main | ╚══════════════════════════════════════════════╝
2026-03-16 22:45:28 | INFO     | app.database.db | Database tables created / verified.
2026-03-16 22:45:28 | INFO     | app.main | ✓ Database tables ready.
2026-03-16 22:45:28 | INFO     | app.main | ✓ Banana disease model loaded and ready.
2026-03-16 22:45:28 | INFO     | app.main | ✓ AgroGuard-AI v1.2.0 is ready → base URL: /api/v1
2026-03-16 22:45:35 | INFO     | app.models.model_loader | Creating ModelLoader singleton (path=saved_models/agroguard_banana_convnext_small.pth)
2026-03-16 22:45:36 | INFO     | app.models.model_loader | Loading banana model weights from 'saved_models/agroguard_banana_convnext_small.pth' on cuda
2026-03-16 22:45:36 | INFO     | app.models.model_loader | Banana disease model loaded successfully (7 classes).
2026-03-16 22:45:37 | INFO     | app.main | ╔══════════════════════════════════════════════╗
2026-03-16 22:45:37 | INFO     | app.main | ║  AgroGuard-AI STARTING  ║
2026-03-16 22:45:37 | INFO     | app.main | ╚══════════════════════════════════════════════╝
2026-03-16 22:45:37 | INFO     | app.database.db | Database tables created / verified.
2026-03-16 22:45:37 | INFO     | app.main | ✓ Database tables ready.
2026-03-16 22:45:37 | INFO     | app.main | ✓ Banana disease model loaded and ready.
2026-03-16 22:45:37 | INFO     | app.main | ✓ AgroGuard-AI v1.2.0 is ready → base URL: /api/v1
2026-03-16 22:46:58 | INFO     | app.api.auth | POST /auth/login | phone='8667540547'
2026-03-16 22:46:58 | INFO     | app.services.auth_service | JWT token created for farmer_id=1
2026-03-16 22:46:58 | INFO     | app.services.auth_service | Farmer logged in → id=1 phone='8667540547'
2026-03-16 22:47:03 | INFO     | app.api.auth | POST /auth/login | phone='8667540547'
2026-03-16 22:47:04 | INFO     | app.services.auth_service | JWT token created for farmer_id=1
2026-03-16 22:47:04 | INFO     | app.services.auth_service | Farmer logged in → id=1 phone='8667540547'
2026-03-16 22:47:35 | INFO     | app.api.routes | POST /predict | farmer_id=1 phone='8667540547' file='20210220_105644.jpg' lat=-90.0 lng=-180.0
2026-03-16 22:47:35 | INFO     | app.services.prediction_service | ── Prediction Pipeline START (farmer_id=1) ──
2026-03-16 22:47:35 | INFO     | app.services.prediction_service | Step 1 ✓ Image validated
2026-03-16 22:47:35 | INFO     | app.services.prediction_service | Step 2 ✓ Preprocessed → (1, 3, 224, 224)
2026-03-16 22:47:36 | INFO     | app.models.disease_classifier | Prediction → 'Banana - Yellow Sigatoka' confidence=1.0000 ✓
2026-03-16 22:47:36 | INFO     | app.services.prediction_service | Step 3 ✓ Disease='Banana - Yellow Sigatoka' Confidence=1.0000 is_confident=True is_banana=True
2026-03-16 22:47:36 | INFO     | app.models.severity_estimator | Severity estimated → High (disease='Banana - Yellow Sigatoka', confidence=1.0000)
2026-03-16 22:47:36 | INFO     | app.services.prediction_service | Step 4 ✓ Severity=High
2026-03-16 22:47:38 | INFO     | app.services.advisory_service | ✓ Gemini 2.5 Flash client initialised.
2026-03-16 22:47:46 | INFO     | app.services.advisory_service | Gemini advisory generated — disease='Banana - Yellow Sigatoka' severity='High' language='english'
2026-03-16 22:47:46 | INFO     | app.services.prediction_service | Step 5 ✓ Advisory generated (1038 chars)
2026-03-16 22:47:50 | WARNING  | app.services.location_service | Google Maps API failed — using fallback centres.
2026-03-16 22:47:50 | INFO     | app.services.location_service | Fallback centre: Tirunelveli Horticulture Office (State Horticulture Office) — 10976.5 km away
2026-03-16 22:47:50 | INFO     | app.services.prediction_service | Step 6 ✓ Nearest centre: Tirunelveli Horticulture Office (State Horticulture Office) — 10976.5 km away
2026-03-16 22:47:51 | INFO     | app.database.crud | Prediction saved → id=40 farmer_id=1 disease='Banana - Yellow Sigatoka'
2026-03-16 22:47:51 | INFO     | app.services.prediction_service | Step 7 ✓ Saved to database
2026-03-16 22:47:51 | INFO     | app.services.prediction_service | ── Prediction Pipeline COMPLETE → Banana - Yellow Sigatoka | High | 100.00% ──
2026-03-16 22:49:36 | INFO     | app.api.auth | POST /auth/login | phone='8667540547'
2026-03-16 22:49:36 | INFO     | app.services.auth_service | JWT token created for farmer_id=1
2026-03-16 22:49:36 | INFO     | app.services.auth_service | Farmer logged in → id=1 phone='8667540547'
2026-03-16 22:49:42 | INFO     | app.api.routes | POST /predict | farmer_id=1 phone='8667540547' file='image.jpg' lat=None lng=None
2026-03-16 22:49:42 | INFO     | app.services.prediction_service | ── Prediction Pipeline START (farmer_id=1) ──
2026-03-16 22:49:42 | INFO     | app.services.prediction_service | Step 1 ✓ Image validated
2026-03-16 22:49:42 | INFO     | app.services.prediction_service | Step 2 ✓ Preprocessed → (1, 3, 224, 224)
2026-03-16 22:49:42 | INFO     | app.models.disease_classifier | Prediction → 'Banana - Yellow Sigatoka' confidence=1.0000 ✓
2026-03-16 22:49:42 | INFO     | app.services.prediction_service | Step 3 ✓ Disease='Banana - Yellow Sigatoka' Confidence=1.0000 is_confident=True is_banana=True
2026-03-16 22:49:42 | INFO     | app.models.severity_estimator | Severity estimated → High (disease='Banana - Yellow Sigatoka', confidence=1.0000)
2026-03-16 22:49:42 | INFO     | app.services.prediction_service | Step 4 ✓ Severity=High
2026-03-16 22:49:50 | INFO     | app.services.advisory_service | Gemini advisory generated — disease='Banana - Yellow Sigatoka' severity='High' language='english'
2026-03-16 22:49:50 | INFO     | app.services.prediction_service | Step 5 ✓ Advisory generated (1586 chars)
2026-03-16 22:49:50 | INFO     | app.services.location_service | No GPS coordinates — returning default ICAR-NRCB centre.
2026-03-16 22:49:50 | INFO     | app.services.prediction_service | Step 6 ✓ Nearest centre: ICAR-NRCB (National Research Centre for Banana), Trichy — Contact: 0431-2616214 | nrcb@icar.gov.in
2026-03-16 22:49:51 | INFO     | app.database.crud | Prediction saved → id=41 farmer_id=1 disease='Banana - Yellow Sigatoka'
2026-03-16 22:49:51 | INFO     | app.services.prediction_service | Step 7 ✓ Saved to database
2026-03-16 22:49:51 | INFO     | app.services.prediction_service | ── Prediction Pipeline COMPLETE → Banana - Yellow Sigatoka | High | 100.00% ──
2026-03-16 22:53:03 | INFO     | app.api.auth | POST /auth/register | phone='8667540547' name='Ragul RG'
2026-03-16 22:53:08 | INFO     | app.api.auth | POST /auth/register | phone='8667540547' name='Ragul RG'
2026-03-16 22:53:15 | INFO     | app.api.auth | POST /auth/register | phone='8667540548' name='Ragul RG'
2026-03-16 22:53:15 | INFO     | app.services.auth_service | New farmer registered → id=2 name='Ragul RG' phone='8667540548'
2026-03-16 22:53:16 | INFO     | app.services.auth_service | JWT token created for farmer_id=2
2026-03-16 22:53:16 | INFO     | app.services.auth_service | Farmer logged in → id=2 phone='8667540548'
2026-03-16 22:53:35 | INFO     | app.api.routes | POST /predict | farmer_id=2 phone='8667540548' file='image.jpg' lat=None lng=None
2026-03-16 22:53:35 | INFO     | app.services.prediction_service | ── Prediction Pipeline START (farmer_id=2) ──
2026-03-16 22:53:35 | INFO     | app.services.prediction_service | Step 1 ✓ Image validated
2026-03-16 22:53:35 | INFO     | app.services.prediction_service | Step 2 ✓ Preprocessed → (1, 3, 224, 224)
2026-03-16 22:53:35 | INFO     | app.models.disease_classifier | Prediction → 'Banana - Bunchy Top Virus (BBTV)' confidence=1.0000 ✓
2026-03-16 22:53:35 | INFO     | app.services.prediction_service | Step 3 ✓ Disease='Banana - Bunchy Top Virus (BBTV)' Confidence=1.0000 is_confident=True is_banana=True
2026-03-16 22:53:35 | INFO     | app.models.severity_estimator | Disease 'Banana - Bunchy Top Virus (BBTV)' is always treated as High severity.
2026-03-16 22:53:35 | INFO     | app.services.prediction_service | Step 4 ✓ Severity=High
2026-03-16 22:53:46 | INFO     | app.services.advisory_service | Gemini advisory generated — disease='Banana - Bunchy Top Virus (BBTV)' severity='High' language='english'
2026-03-16 22:53:46 | INFO     | app.services.prediction_service | Step 5 ✓ Advisory generated (1505 chars)
2026-03-16 22:53:46 | INFO     | app.services.location_service | No GPS coordinates — returning default ICAR-NRCB centre.
2026-03-16 22:53:46 | INFO     | app.services.prediction_service | Step 6 ✓ Nearest centre: ICAR-NRCB (National Research Centre for Banana), Trichy — Contact: 0431-2616214 | nrcb@icar.gov.in
2026-03-16 22:53:46 | INFO     | app.database.crud | Prediction saved → id=42 farmer_id=2 disease='Banana - Bunchy Top Virus (BBTV)'
2026-03-16 22:53:46 | INFO     | app.services.prediction_service | Step 7 ✓ Saved to database
2026-03-16 22:53:46 | INFO     | app.services.prediction_service | ── Prediction Pipeline COMPLETE → Banana - Bunchy Top Virus (BBTV) | High | 100.00% ──
2026-03-16 22:54:05 | INFO     | app.main | AgroGuard-AI shutting down gracefully.
2026-03-17 22:18:14 | INFO     | app.models.model_loader | Creating ModelLoader singleton (path=saved_models/agroguard_banana_convnext_small.pth)
2026-03-17 22:18:16 | INFO     | app.models.model_loader | Loading banana model weights from 'saved_models/agroguard_banana_convnext_small.pth' on cuda
2026-03-17 22:18:17 | INFO     | app.models.model_loader | Banana disease model loaded successfully (7 classes).
2026-03-17 22:18:21 | INFO     | app.main | ╔══════════════════════════════════════════════╗
2026-03-17 22:18:21 | INFO     | app.main | ║  AgroGuard-AI STARTING  ║
2026-03-17 22:18:21 | INFO     | app.main | ╚══════════════════════════════════════════════╝
2026-03-17 22:18:21 | INFO     | app.database.db | Database tables created / verified.
2026-03-17 22:18:21 | INFO     | app.main | ✓ Database tables ready.
2026-03-17 22:18:21 | INFO     | app.main | ✓ Banana disease model loaded and ready.
2026-03-17 22:18:21 | INFO     | app.main | ✓ AgroGuard-AI v1.2.0 is ready → base URL: /api/v1
2026-03-17 22:19:06 | INFO     | app.api.auth | POST /auth/login | phone='8667540547'
2026-03-17 22:19:07 | INFO     | app.services.auth_service | JWT token created for farmer_id=1
2026-03-17 22:19:07 | INFO     | app.services.auth_service | Farmer logged in → id=1 phone='8667540547'
2026-03-17 22:20:05 | INFO     | app.api.routes | POST /predict | farmer_id=1 phone='8667540547' file='download.jpg' lat=-90.0 lng=-180.0 language='tamil'
2026-03-17 22:20:05 | INFO     | app.services.prediction_service | ── Prediction Pipeline START (farmer_id=1, language=tamil) ──
2026-03-17 22:20:05 | INFO     | app.services.prediction_service | Step 1 ✓ Image validated
2026-03-17 22:20:05 | INFO     | app.services.prediction_service | Step 2 ✓ Preprocessed → (1, 3, 224, 224)
2026-03-17 22:20:07 | INFO     | app.models.disease_classifier | Prediction → 'Banana - Panama Disease (Fusarium Wilt)' confidence=0.9963 ✓
2026-03-17 22:20:07 | INFO     | app.services.prediction_service | Step 3 ✓ Disease='Banana - Panama Disease (Fusarium Wilt)' Confidence=0.9963 is_confident=True is_banana=True
2026-03-17 22:20:07 | INFO     | app.models.severity_estimator | Disease 'Banana - Panama Disease (Fusarium Wilt)' is always treated as High severity.
2026-03-17 22:20:07 | INFO     | app.services.prediction_service | Step 4 ✓ Severity=High
2026-03-17 22:20:09 | INFO     | app.services.advisory_service | ✓ Gemini 2.5 Flash client initialised.
2026-03-17 22:20:34 | INFO     | app.services.advisory_service | Gemini advisory generated — disease='Banana - Panama Disease (Fusarium Wilt)' severity='High' language='tamil'
2026-03-17 22:20:34 | INFO     | app.services.prediction_service | Step 5 ✓ Advisory generated (2366 chars) in language='tamil'
2026-03-17 22:20:39 | WARNING  | app.services.location_service | Google Maps API failed — using fallback centres.
2026-03-17 22:20:39 | INFO     | app.services.location_service | Fallback centre: Tirunelveli Horticulture Office (State Horticulture Office) — 10976.5 km away
2026-03-17 22:20:39 | INFO     | app.services.prediction_service | Step 6 ✓ Nearest centre: Tirunelveli Horticulture Office (State Horticulture Office) — 10976.5 km away
2026-03-17 22:20:39 | INFO     | app.database.crud | Prediction saved → id=43 farmer_id=1 disease='Banana - Panama Disease (Fusarium Wilt)'
2026-03-17 22:20:39 | INFO     | app.services.prediction_service | Step 7 ✓ Saved to database
2026-03-17 22:20:39 | INFO     | app.services.prediction_service | ── Prediction Pipeline COMPLETE → Banana - Panama Disease (Fusarium Wilt) | High | 99.63% | lang=tamil ──
2026-03-17 22:22:13 | INFO     | app.api.routes | POST /predict | farmer_id=1 phone='8667540547' file='download.jpg' lat=-90.0 lng=-180.0 language='hindi'
2026-03-17 22:22:13 | INFO     | app.services.prediction_service | ── Prediction Pipeline START (farmer_id=1, language=hindi) ──
2026-03-17 22:22:13 | INFO     | app.services.prediction_service | Step 1 ✓ Image validated
2026-03-17 22:22:13 | INFO     | app.services.prediction_service | Step 2 ✓ Preprocessed → (1, 3, 224, 224)
2026-03-17 22:22:14 | INFO     | app.models.disease_classifier | Prediction → 'Banana - Panama Disease (Fusarium Wilt)' confidence=0.9963 ✓
2026-03-17 22:22:14 | INFO     | app.services.prediction_service | Step 3 ✓ Disease='Banana - Panama Disease (Fusarium Wilt)' Confidence=0.9963 is_confident=True is_banana=True
2026-03-17 22:22:14 | INFO     | app.models.severity_estimator | Disease 'Banana - Panama Disease (Fusarium Wilt)' is always treated as High severity.
2026-03-17 22:22:14 | INFO     | app.services.prediction_service | Step 4 ✓ Severity=High
2026-03-17 22:22:25 | INFO     | app.services.advisory_service | Gemini advisory generated — disease='Banana - Panama Disease (Fusarium Wilt)' severity='High' language='hindi'
2026-03-17 22:22:25 | INFO     | app.services.prediction_service | Step 5 ✓ Advisory generated (1377 chars) in language='hindi'
2026-03-17 22:22:30 | WARNING  | app.services.location_service | Google Maps API failed — using fallback centres.
2026-03-17 22:22:30 | INFO     | app.services.location_service | Fallback centre: Tirunelveli Horticulture Office (State Horticulture Office) — 10976.5 km away
2026-03-17 22:22:30 | INFO     | app.services.prediction_service | Step 6 ✓ Nearest centre: Tirunelveli Horticulture Office (State Horticulture Office) — 10976.5 km away
2026-03-17 22:22:30 | INFO     | app.database.crud | Prediction saved → id=44 farmer_id=1 disease='Banana - Panama Disease (Fusarium Wilt)'
2026-03-17 22:22:30 | INFO     | app.services.prediction_service | Step 7 ✓ Saved to database
2026-03-17 22:22:30 | INFO     | app.services.prediction_service | ── Prediction Pipeline COMPLETE → Banana - Panama Disease (Fusarium Wilt) | High | 99.63% | lang=hindi ──
2026-03-17 22:23:14 | INFO     | app.api.routes | POST /predict | farmer_id=1 phone='8667540547' file='download.jpg' lat=-90.0 lng=-180.0 language='bodo'
2026-03-17 22:23:14 | INFO     | app.services.prediction_service | ── Prediction Pipeline START (farmer_id=1, language=bodo) ──
2026-03-17 22:23:14 | INFO     | app.services.prediction_service | Step 1 ✓ Image validated
2026-03-17 22:23:14 | INFO     | app.services.prediction_service | Step 2 ✓ Preprocessed → (1, 3, 224, 224)
2026-03-17 22:23:14 | INFO     | app.models.disease_classifier | Prediction → 'Banana - Panama Disease (Fusarium Wilt)' confidence=0.9963 ✓
2026-03-17 22:23:14 | INFO     | app.services.prediction_service | Step 3 ✓ Disease='Banana - Panama Disease (Fusarium Wilt)' Confidence=0.9963 is_confident=True is_banana=True
2026-03-17 22:23:14 | INFO     | app.models.severity_estimator | Disease 'Banana - Panama Disease (Fusarium Wilt)' is always treated as High severity.
2026-03-17 22:23:14 | INFO     | app.services.prediction_service | Step 4 ✓ Severity=High
2026-03-17 22:23:39 | INFO     | app.services.advisory_service | Gemini advisory generated — disease='Banana - Panama Disease (Fusarium Wilt)' severity='High' language='bodo'
2026-03-17 22:23:39 | INFO     | app.services.prediction_service | Step 5 ✓ Advisory generated (1672 chars) in language='bodo'
2026-03-17 22:23:43 | WARNING  | app.services.location_service | Google Maps API failed — using fallback centres.
2026-03-17 22:23:43 | INFO     | app.services.location_service | Fallback centre: Tirunelveli Horticulture Office (State Horticulture Office) — 10976.5 km away
2026-03-17 22:23:43 | INFO     | app.services.prediction_service | Step 6 ✓ Nearest centre: Tirunelveli Horticulture Office (State Horticulture Office) — 10976.5 km away
2026-03-17 22:23:44 | INFO     | app.database.crud | Prediction saved → id=45 farmer_id=1 disease='Banana - Panama Disease (Fusarium Wilt)'
2026-03-17 22:23:44 | INFO     | app.services.prediction_service | Step 7 ✓ Saved to database
2026-03-17 22:23:44 | INFO     | app.services.prediction_service | ── Prediction Pipeline COMPLETE → Banana - Panama Disease (Fusarium Wilt) | High | 99.63% | lang=bodo ──
2026-03-17 22:25:04 | INFO     | app.api.auth | POST /auth/login | phone='8667540547'
2026-03-17 22:25:04 | INFO     | app.services.auth_service | JWT token created for farmer_id=1
2026-03-17 22:25:04 | INFO     | app.services.auth_service | Farmer logged in → id=1 phone='8667540547'
2026-03-17 22:25:10 | INFO     | app.api.routes | POST /predict | farmer_id=1 phone='8667540547' file='image.jpg' lat=None lng=None language='english'
2026-03-17 22:25:10 | INFO     | app.services.prediction_service | ── Prediction Pipeline START (farmer_id=1, language=english) ──
2026-03-17 22:25:10 | INFO     | app.services.prediction_service | Step 1 ✓ Image validated
2026-03-17 22:25:10 | INFO     | app.services.prediction_service | Step 2 ✓ Preprocessed → (1, 3, 224, 224)
2026-03-17 22:25:10 | INFO     | app.models.disease_classifier | Prediction → 'Banana - Bunchy Top Virus (BBTV)' confidence=1.0000 ✓
2026-03-17 22:25:10 | INFO     | app.services.prediction_service | Step 3 ✓ Disease='Banana - Bunchy Top Virus (BBTV)' Confidence=1.0000 is_confident=True is_banana=True
2026-03-17 22:25:10 | INFO     | app.models.severity_estimator | Disease 'Banana - Bunchy Top Virus (BBTV)' is always treated as High severity.
2026-03-17 22:25:10 | INFO     | app.services.prediction_service | Step 4 ✓ Severity=High
2026-03-17 22:25:19 | INFO     | app.services.advisory_service | Gemini advisory generated — disease='Banana - Bunchy Top Virus (BBTV)' severity='High' language='english'
2026-03-17 22:25:19 | INFO     | app.services.prediction_service | Step 5 ✓ Advisory generated (1324 chars) in language='english'
2026-03-17 22:25:19 | INFO     | app.services.location_service | No GPS coordinates — returning default ICAR-NRCB centre.
2026-03-17 22:25:19 | INFO     | app.services.prediction_service | Step 6 ✓ Nearest centre: ICAR-NRCB (National Research Centre for Banana), Trichy — Contact: 0431-2616214 | nrcb@icar.gov.in
2026-03-17 22:25:19 | INFO     | app.database.crud | Prediction saved → id=46 farmer_id=1 disease='Banana - Bunchy Top Virus (BBTV)'
2026-03-17 22:25:19 | INFO     | app.services.prediction_service | Step 7 ✓ Saved to database
2026-03-17 22:25:19 | INFO     | app.services.prediction_service | ── Prediction Pipeline COMPLETE → Banana - Bunchy Top Virus (BBTV) | High | 100.00% | lang=english ──
2026-03-17 23:01:46 | INFO     | app.api.routes | POST /predict | farmer_id=1 phone='8667540547' file='download.jpg' lat=-90.0 lng=-180.0 language='bengali'
2026-03-17 23:01:46 | INFO     | app.services.prediction_service | ── Prediction Pipeline START (farmer_id=1, language=bengali) ──
2026-03-17 23:01:46 | INFO     | app.services.prediction_service | Step 1 ✓ Image validated
2026-03-17 23:01:46 | INFO     | app.services.prediction_service | Step 2 ✓ Preprocessed → (1, 3, 224, 224)
2026-03-17 23:01:46 | INFO     | app.models.disease_classifier | Prediction → 'Banana - Panama Disease (Fusarium Wilt)' confidence=0.9963 ✓
2026-03-17 23:01:46 | INFO     | app.services.prediction_service | Step 3 ✓ Disease='Banana - Panama Disease (Fusarium Wilt)' Confidence=0.9963 is_confident=True is_banana=True
2026-03-17 23:01:46 | INFO     | app.models.severity_estimator | Disease 'Banana - Panama Disease (Fusarium Wilt)' is always treated as High severity.
2026-03-17 23:01:46 | INFO     | app.services.prediction_service | Step 4 ✓ Severity=High
2026-03-17 23:02:05 | INFO     | app.services.advisory_service | Gemini advisory generated — disease='Banana - Panama Disease (Fusarium Wilt)' severity='High' language='bengali'
2026-03-17 23:02:05 | INFO     | app.services.prediction_service | Step 5 ✓ Advisory generated (1577 chars) in language='bengali'
2026-03-17 23:02:11 | WARNING  | app.services.location_service | Google Maps API failed — using fallback centres.
2026-03-17 23:02:11 | INFO     | app.services.location_service | Fallback centre: Tirunelveli Horticulture Office (State Horticulture Office) — 10976.5 km away
2026-03-17 23:02:11 | INFO     | app.services.prediction_service | Step 6 ✓ Nearest centre: Tirunelveli Horticulture Office (State Horticulture Office) — 10976.5 km away
2026-03-17 23:02:11 | INFO     | app.database.crud | Prediction saved → id=47 farmer_id=1 disease='Banana - Panama Disease (Fusarium Wilt)'
2026-03-17 23:02:11 | INFO     | app.services.prediction_service | Step 7 ✓ Saved to database
2026-03-17 23:02:11 | INFO     | app.services.prediction_service | ── Prediction Pipeline COMPLETE → Banana - Panama Disease (Fusarium Wilt) | High | 99.63% | lang=bengali ──
2026-03-17 23:03:09 | INFO     | app.main | AgroGuard-AI shutting down gracefully.
2026-03-19 13:48:38 | INFO     | app.models.model_loader | Creating ModelLoader singleton (path=saved_models/agroguard_banana_convnext_small.pth)
2026-03-19 13:48:40 | INFO     | app.models.model_loader | Loading banana model weights from 'saved_models/agroguard_banana_convnext_small.pth' on cuda
2026-03-19 13:48:41 | INFO     | app.models.model_loader | Banana disease model loaded successfully (7 classes).
2026-03-19 13:48:46 | INFO     | app.main | ╔══════════════════════════════════════════════╗
2026-03-19 13:48:46 | INFO     | app.main | ║  AgroGuard-AI STARTING  ║
2026-03-19 13:48:46 | INFO     | app.main | ╚══════════════════════════════════════════════╝
2026-03-19 13:48:47 | INFO     | app.database.db | Database tables created / verified.
2026-03-19 13:48:47 | INFO     | app.main | ✓ Database tables ready.
2026-03-19 13:48:47 | INFO     | app.main | ✓ Banana disease model loaded and ready.
2026-03-19 13:48:47 | INFO     | app.main | ✓ AgroGuard-AI v1.2.0 is ready → base URL: /api/v1
2026-03-19 13:50:06 | INFO     | app.api.auth | POST /auth/login | phone='8667540547'
2026-03-19 13:50:07 | INFO     | app.services.auth_service | JWT token created for farmer_id=1
2026-03-19 13:50:07 | INFO     | app.services.auth_service | Farmer logged in → id=1 phone='8667540547'
2026-03-19 14:02:15 | INFO     | app.api.routes | POST /predict | farmer_id=1 phone='8667540547' file='WhatsApp Image 2026-03-19 at 2.01.32 PM.jpeg' lat=-90.0 lng=-180.0 language='tamil'
2026-03-19 14:02:15 | INFO     | app.services.prediction_service | ── Prediction Pipeline START (farmer_id=1, language=tamil) ──
2026-03-19 14:02:15 | INFO     | app.services.prediction_service | Step 1 ✓ Image validated
2026-03-19 14:02:16 | INFO     | app.services.prediction_service | Step 2 ✓ Preprocessed → (1, 3, 224, 224)
2026-03-19 14:02:18 | INFO     | app.models.disease_classifier | Prediction → 'Banana - Panama Disease (Fusarium Wilt)' confidence=0.9998 ✓
2026-03-19 14:02:18 | INFO     | app.services.prediction_service | Step 3 ✓ Disease='Banana - Panama Disease (Fusarium Wilt)' Confidence=0.9998 is_confident=True is_banana=True
2026-03-19 14:02:18 | INFO     | app.models.severity_estimator | Disease 'Banana - Panama Disease (Fusarium Wilt)' is always treated as High severity.
2026-03-19 14:02:18 | INFO     | app.services.prediction_service | Step 4 ✓ Severity=High
2026-03-19 14:02:18 | INFO     | app.services.advisory_service | Regional KB advisory — disease='Banana - Panama Disease (Fusarium Wilt)' severity='High' language='tamil'
2026-03-19 14:02:18 | INFO     | app.services.prediction_service | Step 5 ✓ Advisory generated (1208 chars) in language='tamil'
2026-03-19 14:02:24 | WARNING  | app.services.location_service | Google Maps API failed — using fallback centres.
2026-03-19 14:02:24 | INFO     | app.services.location_service | Fallback centre: Tirunelveli Horticulture Office (State Horticulture Office) — 10976.5 km away
2026-03-19 14:02:24 | INFO     | app.services.prediction_service | Step 6 ✓ Nearest centre: Tirunelveli Horticulture Office (State Horticulture Office) — 10976.5 km away
2026-03-19 14:02:24 | INFO     | app.database.crud | Prediction saved → id=48 farmer_id=1 disease='Banana - Panama Disease (Fusarium Wilt)'
2026-03-19 14:02:24 | INFO     | app.services.prediction_service | Step 7 ✓ Saved to database
2026-03-19 14:02:24 | INFO     | app.services.prediction_service | ── Prediction Pipeline COMPLETE → Banana - Panama Disease (Fusarium Wilt) | High | 99.98% | lang=tamil ──
2026-03-19 14:05:10 | INFO     | app.main | AgroGuard-AI shutting down gracefully.
2026-03-20 09:52:40 | INFO     | app.models.model_loader | Creating ModelLoader singleton (path=saved_models/agroguard_banana_convnext_small.pth)
2026-03-20 09:52:42 | INFO     | app.models.model_loader | Loading banana model weights from 'saved_models/agroguard_banana_convnext_small.pth' on cuda
2026-03-20 09:52:43 | INFO     | app.models.model_loader | Banana disease model loaded successfully (7 classes).
2026-03-20 09:52:46 | INFO     | app.main | ╔══════════════════════════════════════════════╗
2026-03-20 09:52:46 | INFO     | app.main | ║  AgroGuard-AI STARTING  ║
2026-03-20 09:52:46 | INFO     | app.main | ╚══════════════════════════════════════════════╝
2026-03-20 09:52:46 | INFO     | app.database.db | Database tables created / verified.
2026-03-20 09:52:46 | INFO     | app.main | ✓ Database tables ready.
2026-03-20 09:52:46 | INFO     | app.main | ✓ Banana disease model loaded and ready.
2026-03-20 09:52:46 | INFO     | app.main | ✓ AgroGuard-AI is ready → base URL: /api/v1
2026-03-20 09:53:36 | INFO     | app.api.auth | POST /auth/login | phone='8667540547'
2026-03-20 09:53:37 | INFO     | app.services.auth_service | JWT token created for farmer_id=1
2026-03-20 09:53:37 | INFO     | app.services.auth_service | Farmer logged in → id=1 phone='8667540547'
2026-03-20 09:54:08 | INFO     | app.api.routes | POST /predict | farmer_id=1 phone='8667540547' file='WhatsApp Image 2026-03-19 at 2.01.32 PM.jpeg' lat=-90.0 lng=-180.0 language='english'
2026-03-20 09:54:08 | INFO     | app.services.prediction_service | ── Prediction Pipeline START (farmer_id=1, language=english) ──
2026-03-20 09:54:08 | INFO     | app.services.prediction_service | Step 1 ✓ Image validated
2026-03-20 09:54:08 | INFO     | app.services.prediction_service | Step 2 ✓ Preprocessed → (1, 3, 224, 224)
2026-03-20 09:54:10 | INFO     | app.models.disease_classifier | Prediction → 'Banana - Panama Disease (Fusarium Wilt)' confidence=0.9998 ✓
2026-03-20 09:54:10 | INFO     | app.services.prediction_service | Step 3 ✓ Disease='Banana - Panama Disease (Fusarium Wilt)' Confidence=0.9998 is_confident=True is_banana=True
2026-03-20 09:54:10 | INFO     | app.models.severity_estimator | Disease 'Banana - Panama Disease (Fusarium Wilt)' is always treated as High severity.
2026-03-20 09:54:10 | INFO     | app.services.prediction_service | Step 4 ✓ Severity=High
2026-03-20 09:54:10 | INFO     | app.services.advisory_service | ICAR KB matched keyword='panama' severity='High'
2026-03-20 09:54:10 | INFO     | app.services.advisory_service | ICAR KB advisory — disease='Banana - Panama Disease (Fusarium Wilt)' severity='High'
2026-03-20 09:54:10 | INFO     | app.services.prediction_service | Step 5 ✓ Advisory generated (1878 chars) in language='english'
2026-03-20 09:54:16 | WARNING  | app.services.location_service | Google Maps API failed — using fallback centres.
2026-03-20 09:54:16 | INFO     | app.services.location_service | Fallback centre: Tirunelveli Horticulture Office (State Horticulture Office) — 10976.5 km away
2026-03-20 09:54:16 | INFO     | app.services.prediction_service | Step 6 ✓ Nearest centre: Tirunelveli Horticulture Office (State Horticulture Office) — 10976.5 km away
2026-03-20 09:54:16 | INFO     | app.database.crud | Prediction saved → id=49 farmer_id=1 disease='Banana - Panama Disease (Fusarium Wilt)'
2026-03-20 09:54:16 | INFO     | app.services.prediction_service | Step 7 ✓ Saved to database
2026-03-20 09:54:16 | INFO     | app.services.prediction_service | ── Prediction Pipeline COMPLETE → Banana - Panama Disease (Fusarium Wilt) | High | 99.98% | lang=english ──
2026-03-20 09:55:11 | INFO     | app.api.routes | POST /predict | farmer_id=1 phone='8667540547' file='OIP.webp' lat=-90.0 lng=-180.0 language='tamil'
2026-03-20 09:55:11 | INFO     | app.services.prediction_service | ── Prediction Pipeline START (farmer_id=1, language=tamil) ──
2026-03-20 09:55:11 | INFO     | app.services.prediction_service | Step 1 ✓ Image validated
2026-03-20 09:55:12 | INFO     | app.services.prediction_service | Step 2 ✓ Preprocessed → (1, 3, 224, 224)
2026-03-20 09:55:12 | INFO     | app.models.disease_classifier | Prediction → 'Banana - Bunchy Top Virus (BBTV)' confidence=1.0000 ✓
2026-03-20 09:55:12 | INFO     | app.services.prediction_service | Step 3 ✓ Disease='Banana - Bunchy Top Virus (BBTV)' Confidence=1.0000 is_confident=True is_banana=True
2026-03-20 09:55:12 | INFO     | app.models.severity_estimator | Disease 'Banana - Bunchy Top Virus (BBTV)' is always treated as High severity.
2026-03-20 09:55:12 | INFO     | app.services.prediction_service | Step 4 ✓ Severity=High
2026-03-20 09:55:12 | INFO     | app.services.advisory_service | ICAR KB matched keyword='bunchy' severity='High'
2026-03-20 09:55:14 | INFO     | app.services.advisory_service | ✓ Gemini 2.5 Flash client initialised.
2026-03-20 09:55:28 | INFO     | app.services.advisory_service | Gemini advisory — disease='Banana - Bunchy Top Virus (BBTV)' severity='High' language='tamil'
2026-03-20 09:55:28 | INFO     | app.services.prediction_service | Step 5 ✓ Advisory generated (3322 chars) in language='tamil'
2026-03-20 09:55:33 | WARNING  | app.services.location_service | Google Maps API failed — using fallback centres.
2026-03-20 09:55:33 | INFO     | app.services.location_service | Fallback centre: Tirunelveli Horticulture Office (State Horticulture Office) — 10976.5 km away
2026-03-20 09:55:33 | INFO     | app.services.prediction_service | Step 6 ✓ Nearest centre: Tirunelveli Horticulture Office (State Horticulture Office) — 10976.5 km away
2026-03-20 09:55:33 | INFO     | app.database.crud | Prediction saved → id=50 farmer_id=1 disease='Banana - Bunchy Top Virus (BBTV)'
2026-03-20 09:55:33 | INFO     | app.services.prediction_service | Step 7 ✓ Saved to database
2026-03-20 09:55:33 | INFO     | app.services.prediction_service | ── Prediction Pipeline COMPLETE → Banana - Bunchy Top Virus (BBTV) | High | 100.00% | lang=tamil ──
2026-03-20 10:06:48 | INFO     | app.main | AgroGuard-AI shutting down gracefully.
2026-03-20 10:07:09 | INFO     | app.models.model_loader | Creating ModelLoader singleton (path=saved_models/agroguard_banana_convnext_small.pth)
2026-03-20 10:07:09 | INFO     | app.models.model_loader | Loading banana model weights from 'saved_models/agroguard_banana_convnext_small.pth' on cuda
2026-03-20 10:07:10 | INFO     | app.models.model_loader | Banana disease model loaded successfully (7 classes).
2026-03-20 10:07:11 | INFO     | app.main | ╔══════════════════════════════════════════════╗
2026-03-20 10:07:11 | INFO     | app.main | ║  AgroGuard-AI STARTING  ║
2026-03-20 10:07:11 | INFO     | app.main | ╚══════════════════════════════════════════════╝
2026-03-20 10:07:11 | INFO     | app.database.db | Database tables created / verified.
2026-03-20 10:07:11 | INFO     | app.main | ✓ Database tables ready.
2026-03-20 10:07:11 | INFO     | app.main | ✓ Banana disease model loaded and ready.
2026-03-20 10:07:11 | INFO     | app.main | ✓ AgroGuard-AI is ready → base URL: /api/v1
2026-03-20 10:07:56 | INFO     | app.api.auth | POST /auth/login | phone='8667540547'
2026-03-20 10:07:56 | INFO     | app.services.auth_service | JWT token created for farmer_id=1
2026-03-20 10:07:56 | INFO     | app.services.auth_service | Farmer logged in → id=1 phone='8667540547'
2026-03-20 10:08:21 | INFO     | app.api.routes | POST /predict | farmer_id=1 phone='8667540547' file='OIP.webp' lat=-90.0 lng=-180.0 language='english'
2026-03-20 10:08:21 | INFO     | app.services.prediction_service | ── Prediction Pipeline START (farmer_id=1, language=english) ──
2026-03-20 10:08:21 | INFO     | app.services.prediction_service | Step 1 ✓ Image validated
2026-03-20 10:08:22 | INFO     | app.services.prediction_service | Step 2 ✓ Preprocessed → (1, 3, 224, 224)
2026-03-20 10:08:24 | INFO     | app.models.disease_classifier | Prediction → 'Banana - Bunchy Top Virus (BBTV)' confidence=1.0000 ✓
2026-03-20 10:08:24 | INFO     | app.services.prediction_service | Step 3 ✓ Disease='Banana - Bunchy Top Virus (BBTV)' Confidence=1.0000 is_confident=True is_banana=True
2026-03-20 10:08:24 | INFO     | app.models.severity_estimator | Disease 'Banana - Bunchy Top Virus (BBTV)' is always treated as High severity.
2026-03-20 10:08:24 | INFO     | app.services.prediction_service | Step 4 ✓ Severity=High
2026-03-20 10:08:26 | INFO     | app.services.advisory_service | ✓ Gemini 2.5 Flash client initialised.
2026-03-20 10:08:33 | INFO     | app.services.advisory_service | Gemini+ICAR advisory generated — disease='Banana - Bunchy Top Virus (BBTV)' severity='High' language='english'
2026-03-20 10:08:33 | INFO     | app.services.prediction_service | Step 5 ✓ Advisory generated (1769 chars) in language='english'
2026-03-20 10:08:38 | WARNING  | app.services.location_service | Google Maps API failed — using fallback centres.
2026-03-20 10:08:38 | INFO     | app.services.location_service | Fallback centre: Tirunelveli Horticulture Office (State Horticulture Office) — 10976.5 km away
2026-03-20 10:08:38 | INFO     | app.services.prediction_service | Step 6 ✓ Nearest centre: Tirunelveli Horticulture Office (State Horticulture Office) — 10976.5 km away
2026-03-20 10:08:38 | INFO     | app.database.crud | Prediction saved → id=51 farmer_id=1 disease='Banana - Bunchy Top Virus (BBTV)'
2026-03-20 10:08:38 | INFO     | app.services.prediction_service | Step 7 ✓ Saved to database
2026-03-20 10:08:38 | INFO     | app.services.prediction_service | ── Prediction Pipeline COMPLETE → Banana - Bunchy Top Virus (BBTV) | High | 100.00% | lang=english ──
2026-03-20 10:47:45 | INFO     | app.main | AgroGuard-AI shutting down gracefully.
2026-03-20 18:54:50 | INFO     | app.models.model_loader | Creating ModelLoader singleton (path=saved_models/agroguard_banana_convnext_small.pth)
2026-03-20 18:54:53 | INFO     | app.models.model_loader | Loading banana model weights from 'saved_models/agroguard_banana_convnext_small.pth' on cuda
2026-03-20 18:54:54 | INFO     | app.models.model_loader | Banana disease model loaded successfully (7 classes).
2026-03-20 18:55:00 | INFO     | app.main | ╔══════════════════════════════════════════════╗
2026-03-20 18:55:00 | INFO     | app.main | ║  AgroGuard-AI STARTING  ║
2026-03-20 18:55:00 | INFO     | app.main | ╚══════════════════════════════════════════════╝
2026-03-20 18:55:00 | INFO     | app.database.db | Database tables created / verified.
2026-03-20 18:55:00 | INFO     | app.main | ✓ Database tables ready.
2026-03-20 18:55:00 | INFO     | app.main | ✓ Banana disease model loaded and ready.
2026-03-20 18:55:00 | INFO     | app.main | ✓ AgroGuard-AI is ready → base URL: /api/v1
2026-03-20 18:59:45 | INFO     | app.main | AgroGuard-AI shutting down gracefully.
2026-03-20 19:01:29 | INFO     | app.models.model_loader | Creating ModelLoader singleton (path=saved_models/agroguard_banana_convnext_small.pth)
2026-03-20 19:01:30 | INFO     | app.models.model_loader | Loading banana model weights from 'saved_models/agroguard_banana_convnext_small.pth' on cuda
2026-03-20 19:01:31 | INFO     | app.models.model_loader | Banana disease model loaded successfully (7 classes).
2026-03-20 19:01:32 | INFO     | app.main | ╔══════════════════════════════════════════════╗
2026-03-20 19:01:32 | INFO     | app.main | ║  AgroGuard-AI STARTING  ║
2026-03-20 19:01:32 | INFO     | app.main | ╚══════════════════════════════════════════════╝
2026-03-20 19:01:33 | INFO     | app.database.db | Database tables created / verified.
2026-03-20 19:01:33 | INFO     | app.main | ✓ Database tables ready.
2026-03-20 19:01:33 | INFO     | app.main | ✓ Banana disease model loaded and ready.
2026-03-20 19:01:33 | INFO     | app.main | ✓ AgroGuard-AI is ready → base URL: /api/v1
2026-03-20 19:02:20 | INFO     | app.api.auth | POST /auth/login | phone='8667540547'
2026-03-20 19:02:21 | INFO     | app.services.auth_service | JWT token created for farmer_id=1
2026-03-20 19:02:21 | INFO     | app.services.auth_service | Farmer logged in → id=1 phone='8667540547'
2026-03-20 19:02:57 | INFO     | app.api.auth | POST /auth/login | phone='8667540547'
2026-03-20 19:02:58 | INFO     | app.services.auth_service | JWT token created for farmer_id=1
2026-03-20 19:02:58 | INFO     | app.services.auth_service | Farmer logged in → id=1 phone='8667540547'
2026-03-20 19:03:42 | INFO     | app.api.routes | POST /predict | farmer_id=1 phone='8667540547' file='OIP.webp' lat=-90.0 lng=-180.0 language='tamil'
2026-03-20 19:03:42 | INFO     | app.services.prediction_service | ── Prediction Pipeline START (farmer_id=1, language=tamil) ──
2026-03-20 19:03:42 | INFO     | app.services.prediction_service | Step 1 ✓ Image validated
2026-03-20 19:03:44 | INFO     | app.services.prediction_service | Step 2 ✓ Preprocessed → (1, 3, 224, 224)
2026-03-20 19:03:45 | INFO     | app.models.disease_classifier | Prediction → 'Banana - Bunchy Top Virus (BBTV)' confidence=1.0000 ✓
2026-03-20 19:03:45 | INFO     | app.services.prediction_service | Step 3 ✓ Disease='Banana - Bunchy Top Virus (BBTV)' Confidence=1.0000 is_confident=True is_banana=True
2026-03-20 19:03:45 | INFO     | app.models.severity_estimator | Disease 'Banana - Bunchy Top Virus (BBTV)' is always treated as High severity.
2026-03-20 19:03:45 | INFO     | app.services.prediction_service | Step 4 ✓ Severity=High
2026-03-20 19:03:47 | INFO     | app.services.advisory_service | ✓ Gemini 2.5 Flash client initialised.
2026-03-20 19:03:59 | INFO     | app.services.advisory_service | Gemini+ICAR advisory generated — disease='Banana - Bunchy Top Virus (BBTV)' severity='High' language='tamil'
2026-03-20 19:03:59 | INFO     | app.services.prediction_service | Step 5 ✓ Advisory generated (2257 chars) in language='tamil'
2026-03-20 19:04:05 | WARNING  | app.services.location_service | Google Maps API failed — using fallback centres.
2026-03-20 19:04:05 | INFO     | app.services.location_service | Fallback centre: Tirunelveli Horticulture Office (State Horticulture Office) — 10976.5 km away
2026-03-20 19:04:05 | INFO     | app.services.prediction_service | Step 6 ✓ Nearest centre: Tirunelveli Horticulture Office (State Horticulture Office) — 10976.5 km away
2026-03-20 19:04:05 | INFO     | app.database.crud | Prediction saved → id=52 farmer_id=1 disease='Banana - Bunchy Top Virus (BBTV)'
2026-03-20 19:04:05 | INFO     | app.services.prediction_service | Step 7 ✓ Saved to database
2026-03-20 19:04:05 | INFO     | app.services.prediction_service | ── Prediction Pipeline COMPLETE → Banana - Bunchy Top Virus (BBTV) | High | 100.00% | lang=tamil ──
2026-03-20 19:20:05 | INFO     | app.api.auth | POST /auth/login | phone='0123456789'
2026-03-20 19:28:36 | INFO     | app.api.auth | POST /auth/login | phone='8667540547'
2026-03-20 19:28:37 | INFO     | app.services.auth_service | JWT token created for farmer_id=1
2026-03-20 19:28:37 | INFO     | app.services.auth_service | Farmer logged in → id=1 phone='8667540547'
2026-03-20 19:28:56 | INFO     | app.api.routes | POST /predict | farmer_id=1 phone='8667540547' file='OIP.webp' lat=-90.0 lng=-180.0 language='tamil'
2026-03-20 19:28:56 | INFO     | app.services.prediction_service | ── Prediction Pipeline START (farmer_id=1, language=tamil) ──
2026-03-20 19:28:56 | INFO     | app.services.prediction_service | Step 1 ✓ Image validated
2026-03-20 19:28:56 | INFO     | app.services.prediction_service | Step 2 ✓ Preprocessed → (1, 3, 224, 224)
2026-03-20 19:28:56 | INFO     | app.models.disease_classifier | Prediction → 'Banana - Bunchy Top Virus (BBTV)' confidence=1.0000 ✓
2026-03-20 19:28:56 | INFO     | app.services.prediction_service | Step 3 ✓ Disease='Banana - Bunchy Top Virus (BBTV)' Confidence=1.0000 is_confident=True is_banana=True
2026-03-20 19:28:56 | INFO     | app.models.severity_estimator | Disease 'Banana - Bunchy Top Virus (BBTV)' is always treated as High severity.
2026-03-20 19:28:56 | INFO     | app.services.prediction_service | Step 4 ✓ Severity=High
2026-03-20 19:29:08 | INFO     | app.services.advisory_service | Gemini+ICAR advisory generated — disease='Banana - Bunchy Top Virus (BBTV)' severity='High' language='tamil'
2026-03-20 19:29:08 | INFO     | app.services.prediction_service | Step 5 ✓ Advisory generated (2281 chars) in language='tamil'
2026-03-20 19:29:14 | WARNING  | app.services.location_service | Google Maps API failed — using fallback centres.
2026-03-20 19:29:14 | INFO     | app.services.location_service | Fallback centre: Tirunelveli Horticulture Office (State Horticulture Office) — 10976.5 km away
2026-03-20 19:29:14 | INFO     | app.services.prediction_service | Step 6 ✓ Nearest centre: Tirunelveli Horticulture Office (State Horticulture Office) — 10976.5 km away
2026-03-20 19:29:14 | INFO     | app.database.crud | Prediction saved → id=53 farmer_id=1 disease='Banana - Bunchy Top Virus (BBTV)'
2026-03-20 19:29:14 | INFO     | app.services.prediction_service | Step 7 ✓ Saved to database
2026-03-20 19:29:14 | INFO     | app.services.prediction_service | ── Prediction Pipeline COMPLETE → Banana - Bunchy Top Virus (BBTV) | High | 100.00% | lang=tamil ──
2026-03-20 19:35:11 | INFO     | app.main | AgroGuard-AI shutting down gracefully.
2026-03-23 14:46:21 | INFO     | app.models.model_loader | Creating ModelLoader singleton (path=saved_models/agroguard_banana_convnext_small.pth)
2026-03-23 14:46:24 | INFO     | app.models.model_loader | Loading banana model weights from 'saved_models/agroguard_banana_convnext_small.pth' on cuda
2026-03-23 14:46:24 | INFO     | app.models.model_loader | Banana disease model loaded successfully (7 classes).
2026-03-23 14:46:28 | INFO     | app.main | ╔══════════════════════════════════════════════╗
2026-03-23 14:46:28 | INFO     | app.main | ║  AgroGuard-AI STARTING  ║
2026-03-23 14:46:28 | INFO     | app.main | ╚══════════════════════════════════════════════╝
2026-03-23 14:46:29 | INFO     | app.database.db | Database tables created / verified.
2026-03-23 14:46:29 | INFO     | app.main | ✓ Database tables ready.
2026-03-23 14:46:29 | INFO     | app.main | ✓ Banana disease model loaded and ready.
2026-03-23 14:46:29 | INFO     | app.main | ✓ AgroGuard-AI is ready → base URL: /api/v1
2026-03-23 14:50:09 | INFO     | app.api.auth | POST /auth/login | phone='8667540547'
2026-03-23 14:50:10 | INFO     | app.services.auth_service | JWT token created for farmer_id=1
2026-03-23 14:50:10 | INFO     | app.services.auth_service | Farmer logged in → id=1 phone='8667540547'
2026-03-23 14:56:31 | INFO     | app.api.routes | POST /predict | farmer_id=1 phone='8667540547' file='OIP.webp' lat=-90.0 lng=-180.0 language='english'
2026-03-23 14:56:31 | INFO     | app.services.prediction_service | ── Prediction Pipeline START (farmer_id=1, language=english) ──
2026-03-23 14:56:31 | INFO     | app.services.prediction_service | Step 1 ✓ Image validated
2026-03-23 14:56:33 | INFO     | app.services.prediction_service | Step 2 ✓ Preprocessed → (1, 3, 224, 224)
2026-03-23 14:56:35 | INFO     | app.models.disease_classifier | Prediction → 'Banana - Bunchy Top Virus (BBTV)' confidence=1.0000 ✓
2026-03-23 14:56:35 | INFO     | app.services.prediction_service | Step 3 ✓ Disease='Banana - Bunchy Top Virus (BBTV)' Confidence=1.0000 is_confident=True is_banana=True
2026-03-23 14:56:35 | INFO     | app.models.severity_estimator | Disease 'Banana - Bunchy Top Virus (BBTV)' is always treated as High severity.
2026-03-23 14:56:35 | INFO     | app.services.prediction_service | Step 4 ✓ Severity=High
2026-03-23 14:56:38 | INFO     | app.services.advisory_service | ✓ Gemini 2.5 Flash client initialised.
2026-03-23 14:56:47 | INFO     | app.services.advisory_service | Gemini+ICAR advisory generated — disease='Banana - Bunchy Top Virus (BBTV)' severity='High' language='english'
2026-03-23 14:56:47 | INFO     | app.services.prediction_service | Step 5 ✓ Advisory generated (1672 chars) in language='english'
2026-03-23 14:56:57 | WARNING  | app.services.location_service | Google Maps API failed — using fallback centres.
2026-03-23 14:56:57 | INFO     | app.services.location_service | Fallback centre: Tirunelveli Horticulture Office (State Horticulture Office) — 10976.5 km away
2026-03-23 14:56:57 | INFO     | app.services.prediction_service | Step 6 ✓ Nearest centre: Tirunelveli Horticulture Office (State Horticulture Office) — 10976.5 km away
2026-03-23 14:56:57 | INFO     | app.database.crud | Prediction saved → id=54 farmer_id=1 disease='Banana - Bunchy Top Virus (BBTV)'
2026-03-23 14:56:57 | INFO     | app.services.prediction_service | Step 7 ✓ Saved to database
2026-03-23 14:56:57 | INFO     | app.services.prediction_service | ── Prediction Pipeline COMPLETE → Banana - Bunchy Top Virus (BBTV) | High | 100.00% | lang=english ──
2026-03-23 15:06:31 | INFO     | app.api.routes | POST /predict | farmer_id=1 phone='8667540547' file='download.jpg' lat=-90.0 lng=-180.0 language='english'
2026-03-23 15:06:31 | INFO     | app.services.prediction_service | ── Prediction Pipeline START (farmer_id=1, language=english) ──
2026-03-23 15:06:31 | INFO     | app.services.prediction_service | Step 1 ✓ Image validated
2026-03-23 15:06:32 | INFO     | app.services.prediction_service | Step 2 ✓ Preprocessed → (1, 3, 224, 224)
2026-03-23 15:06:32 | INFO     | app.models.disease_classifier | Prediction → 'Banana - Anthracnose' confidence=0.9705 ✓
2026-03-23 15:06:32 | INFO     | app.services.prediction_service | Step 3 ✓ Disease='Banana - Anthracnose' Confidence=0.9705 is_confident=True is_banana=True
2026-03-23 15:06:33 | INFO     | app.models.severity_estimator | Severity estimated → High (disease='Banana - Anthracnose', confidence=0.9705)
2026-03-23 15:06:33 | INFO     | app.services.prediction_service | Step 4 ✓ Severity=High
2026-03-23 15:06:40 | INFO     | app.services.advisory_service | Gemini+ICAR advisory generated — disease='Banana - Anthracnose' severity='High' language='english'
2026-03-23 15:06:40 | INFO     | app.services.prediction_service | Step 5 ✓ Advisory generated (1849 chars) in language='english'
2026-03-23 15:06:48 | WARNING  | app.services.location_service | Google Maps API failed — using fallback centres.
2026-03-23 15:06:48 | INFO     | app.services.location_service | Fallback centre: Tirunelveli Horticulture Office (State Horticulture Office) — 10976.5 km away
2026-03-23 15:06:48 | INFO     | app.services.prediction_service | Step 6 ✓ Nearest centre: Tirunelveli Horticulture Office (State Horticulture Office) — 10976.5 km away
2026-03-23 15:06:48 | INFO     | app.database.crud | Prediction saved → id=55 farmer_id=1 disease='Banana - Anthracnose'
2026-03-23 15:06:48 | INFO     | app.services.prediction_service | Step 7 ✓ Saved to database
2026-03-23 15:06:48 | INFO     | app.services.prediction_service | ── Prediction Pipeline COMPLETE → Banana - Anthracnose | High | 97.05% | lang=english ──
2026-03-23 15:07:16 | INFO     | app.api.routes | POST /predict | farmer_id=1 phone='8667540547' file='download (1).jpg' lat=-90.0 lng=-180.0 language='english'
2026-03-23 15:07:16 | INFO     | app.services.prediction_service | ── Prediction Pipeline START (farmer_id=1, language=english) ──
2026-03-23 15:07:16 | INFO     | app.services.prediction_service | Step 1 ✓ Image validated
2026-03-23 15:07:17 | INFO     | app.services.prediction_service | Step 2 ✓ Preprocessed → (1, 3, 224, 224)
2026-03-23 15:07:17 | INFO     | app.models.disease_classifier | Prediction → 'Banana - Pseudostem Weevil Infestation' confidence=1.0000 ✓
2026-03-23 15:07:17 | INFO     | app.services.prediction_service | Step 3 ✓ Disease='Banana - Pseudostem Weevil Infestation' Confidence=1.0000 is_confident=True is_banana=True
2026-03-23 15:07:17 | INFO     | app.models.severity_estimator | Severity estimated → High (disease='Banana - Pseudostem Weevil Infestation', confidence=1.0000)
2026-03-23 15:07:17 | INFO     | app.services.prediction_service | Step 4 ✓ Severity=High
2026-03-23 15:07:26 | INFO     | app.services.advisory_service | Gemini+ICAR advisory generated — disease='Banana - Pseudostem Weevil Infestation' severity='High' language='english'
2026-03-23 15:07:26 | INFO     | app.services.prediction_service | Step 5 ✓ Advisory generated (1840 chars) in language='english'
2026-03-23 15:07:35 | WARNING  | app.services.location_service | Google Maps API failed — using fallback centres.
2026-03-23 15:07:35 | INFO     | app.services.location_service | Fallback centre: Tirunelveli Horticulture Office (State Horticulture Office) — 10976.5 km away
2026-03-23 15:07:35 | INFO     | app.services.prediction_service | Step 6 ✓ Nearest centre: Tirunelveli Horticulture Office (State Horticulture Office) — 10976.5 km away
2026-03-23 15:07:35 | INFO     | app.database.crud | Prediction saved → id=56 farmer_id=1 disease='Banana - Pseudostem Weevil Infestation'
2026-03-23 15:07:35 | INFO     | app.services.prediction_service | Step 7 ✓ Saved to database
2026-03-23 15:07:35 | INFO     | app.services.prediction_service | ── Prediction Pipeline COMPLETE → Banana - Pseudostem Weevil Infestation | High | 100.00% | lang=english ──
2026-03-23 15:08:34 | INFO     | app.api.routes | POST /predict | farmer_id=1 phone='8667540547' file='OIP (1).webp' lat=-90.0 lng=-180.0 language='english'
2026-03-23 15:08:34 | INFO     | app.services.prediction_service | ── Prediction Pipeline START (farmer_id=1, language=english) ──
2026-03-23 15:08:34 | INFO     | app.services.prediction_service | Step 1 ✓ Image validated
2026-03-23 15:08:35 | INFO     | app.services.prediction_service | Step 2 ✓ Preprocessed → (1, 3, 224, 224)
2026-03-23 15:08:36 | INFO     | app.models.disease_classifier | Prediction → 'Banana - Healthy' confidence=1.0000 ✓
2026-03-23 15:08:36 | INFO     | app.services.prediction_service | Step 3 ✓ Disease='Banana - Healthy' Confidence=1.0000 is_confident=True is_banana=True
2026-03-23 15:08:36 | INFO     | app.models.severity_estimator | Banana plant is healthy — no severity assigned.
2026-03-23 15:08:36 | INFO     | app.services.prediction_service | Step 4 ✓ Severity=None
2026-03-23 15:08:49 | INFO     | app.services.advisory_service | Gemini+ICAR advisory generated — disease='Banana - Healthy' severity='None' language='english'
2026-03-23 15:08:49 | INFO     | app.services.prediction_service | Step 5 ✓ Advisory generated (2369 chars) in language='english'
2026-03-23 15:08:57 | WARNING  | app.services.location_service | Google Maps API failed — using fallback centres.
2026-03-23 15:08:57 | INFO     | app.services.location_service | Fallback centre: Tirunelveli Horticulture Office (State Horticulture Office) — 10976.5 km away
2026-03-23 15:08:57 | INFO     | app.services.prediction_service | Step 6 ✓ Nearest centre: Tirunelveli Horticulture Office (State Horticulture Office) — 10976.5 km away
2026-03-23 15:08:57 | INFO     | app.database.crud | Prediction saved → id=57 farmer_id=1 disease='Banana - Healthy'
2026-03-23 15:08:57 | INFO     | app.services.prediction_service | Step 7 ✓ Saved to database
2026-03-23 15:08:57 | INFO     | app.services.prediction_service | ── Prediction Pipeline COMPLETE → Banana - Healthy | None | 100.00% | lang=english ──
2026-03-23 15:10:21 | INFO     | app.api.routes | POST /predict | farmer_id=1 phone='8667540547' file='OIP (2).webp' lat=-90.0 lng=-180.0 language='english'
2026-03-23 15:10:21 | INFO     | app.services.prediction_service | ── Prediction Pipeline START (farmer_id=1, language=english) ──
2026-03-23 15:10:21 | INFO     | app.services.prediction_service | Step 1 ✓ Image validated
2026-03-23 15:10:23 | INFO     | app.services.prediction_service | Step 2 ✓ Preprocessed → (1, 3, 224, 224)
2026-03-23 15:10:23 | INFO     | app.models.disease_classifier | Prediction → 'Banana - Panama Disease (Fusarium Wilt)' confidence=1.0000 ✓
2026-03-23 15:10:23 | INFO     | app.services.prediction_service | Step 3 ✓ Disease='Banana - Panama Disease (Fusarium Wilt)' Confidence=1.0000 is_confident=True is_banana=True
2026-03-23 15:10:23 | INFO     | app.models.severity_estimator | Disease 'Banana - Panama Disease (Fusarium Wilt)' is always treated as High severity.
2026-03-23 15:10:23 | INFO     | app.services.prediction_service | Step 4 ✓ Severity=High
2026-03-23 15:10:31 | INFO     | app.services.advisory_service | Gemini+ICAR advisory generated — disease='Banana - Panama Disease (Fusarium Wilt)' severity='High' language='english'
2026-03-23 15:10:31 | INFO     | app.services.prediction_service | Step 5 ✓ Advisory generated (2278 chars) in language='english'
2026-03-23 15:10:38 | WARNING  | app.services.location_service | Google Maps API failed — using fallback centres.
2026-03-23 15:10:38 | INFO     | app.services.location_service | Fallback centre: Tirunelveli Horticulture Office (State Horticulture Office) — 10976.5 km away
2026-03-23 15:10:38 | INFO     | app.services.prediction_service | Step 6 ✓ Nearest centre: Tirunelveli Horticulture Office (State Horticulture Office) — 10976.5 km away
2026-03-23 15:10:39 | INFO     | app.database.crud | Prediction saved → id=58 farmer_id=1 disease='Banana - Panama Disease (Fusarium Wilt)'
2026-03-23 15:10:39 | INFO     | app.services.prediction_service | Step 7 ✓ Saved to database
2026-03-23 15:10:39 | INFO     | app.services.prediction_service | ── Prediction Pipeline COMPLETE → Banana - Panama Disease (Fusarium Wilt) | High | 100.00% | lang=english ──
2026-03-23 15:12:35 | INFO     | app.api.routes | POST /predict | farmer_id=1 phone='8667540547' file='Panama-disease-affects-bananas-and-is-caused-by-the-soil-borne-fungus-Fusarium-oxysporum_Q320.webp' lat=-90.0 lng=-180.0 language='english'
2026-03-23 15:12:35 | INFO     | app.services.prediction_service | ── Prediction Pipeline START (farmer_id=1, language=english) ──
2026-03-23 15:12:35 | INFO     | app.services.prediction_service | Step 1 ✓ Image validated
2026-03-23 15:12:37 | INFO     | app.services.prediction_service | Step 2 ✓ Preprocessed → (1, 3, 224, 224)
2026-03-23 15:12:38 | INFO     | app.models.disease_classifier | Prediction → 'Banana - Panama Disease (Fusarium Wilt)' confidence=1.0000 ✓
2026-03-23 15:12:38 | INFO     | app.services.prediction_service | Step 3 ✓ Disease='Banana - Panama Disease (Fusarium Wilt)' Confidence=1.0000 is_confident=True is_banana=True
2026-03-23 15:12:38 | INFO     | app.models.severity_estimator | Disease 'Banana - Panama Disease (Fusarium Wilt)' is always treated as High severity.
2026-03-23 15:12:38 | INFO     | app.services.prediction_service | Step 4 ✓ Severity=High
2026-03-23 15:12:50 | INFO     | app.services.advisory_service | Gemini+ICAR advisory generated — disease='Banana - Panama Disease (Fusarium Wilt)' severity='High' language='english'
2026-03-23 15:12:50 | INFO     | app.services.prediction_service | Step 5 ✓ Advisory generated (2406 chars) in language='english'
2026-03-23 15:12:59 | WARNING  | app.services.location_service | Google Maps API failed — using fallback centres.
2026-03-23 15:12:59 | INFO     | app.services.location_service | Fallback centre: Tirunelveli Horticulture Office (State Horticulture Office) — 10976.5 km away
2026-03-23 15:12:59 | INFO     | app.services.prediction_service | Step 6 ✓ Nearest centre: Tirunelveli Horticulture Office (State Horticulture Office) — 10976.5 km away
2026-03-23 15:12:59 | INFO     | app.database.crud | Prediction saved → id=59 farmer_id=1 disease='Banana - Panama Disease (Fusarium Wilt)'
2026-03-23 15:12:59 | INFO     | app.services.prediction_service | Step 7 ✓ Saved to database
2026-03-23 15:12:59 | INFO     | app.services.prediction_service | ── Prediction Pipeline COMPLETE → Banana - Panama Disease (Fusarium Wilt) | High | 100.00% | lang=english ──
2026-03-23 15:15:17 | INFO     | app.api.routes | POST /predict | farmer_id=1 phone='8667540547' file='Panama-disease-affects-bananas-and-is-caused-by-the-soil-borne-fungus-Fusarium-oxysporum_Q320.webp' lat=-90.0 lng=-180.0 language='tamil'
2026-03-23 15:15:17 | INFO     | app.services.prediction_service | ── Prediction Pipeline START (farmer_id=1, language=tamil) ──
2026-03-23 15:15:17 | INFO     | app.services.prediction_service | Step 1 ✓ Image validated
2026-03-23 15:15:21 | INFO     | app.services.prediction_service | Step 2 ✓ Preprocessed → (1, 3, 224, 224)
2026-03-23 15:15:21 | INFO     | app.models.disease_classifier | Prediction → 'Banana - Panama Disease (Fusarium Wilt)' confidence=1.0000 ✓
2026-03-23 15:15:21 | INFO     | app.services.prediction_service | Step 3 ✓ Disease='Banana - Panama Disease (Fusarium Wilt)' Confidence=1.0000 is_confident=True is_banana=True
2026-03-23 15:15:21 | INFO     | app.models.severity_estimator | Disease 'Banana - Panama Disease (Fusarium Wilt)' is always treated as High severity.
2026-03-23 15:15:21 | INFO     | app.services.prediction_service | Step 4 ✓ Severity=High
2026-03-23 15:15:35 | INFO     | app.services.advisory_service | Gemini+ICAR advisory generated — disease='Banana - Panama Disease (Fusarium Wilt)' severity='High' language='tamil'
2026-03-23 15:15:35 | INFO     | app.services.prediction_service | Step 5 ✓ Advisory generated (2857 chars) in language='tamil'
2026-03-23 15:15:43 | WARNING  | app.services.location_service | Google Maps API failed — using fallback centres.
2026-03-23 15:15:43 | INFO     | app.services.location_service | Fallback centre: Tirunelveli Horticulture Office (State Horticulture Office) — 10976.5 km away
2026-03-23 15:15:43 | INFO     | app.services.prediction_service | Step 6 ✓ Nearest centre: Tirunelveli Horticulture Office (State Horticulture Office) — 10976.5 km away
2026-03-23 15:15:43 | INFO     | app.database.crud | Prediction saved → id=60 farmer_id=1 disease='Banana - Panama Disease (Fusarium Wilt)'
2026-03-23 15:15:43 | INFO     | app.services.prediction_service | Step 7 ✓ Saved to database
2026-03-23 15:15:43 | INFO     | app.services.prediction_service | ── Prediction Pipeline COMPLETE → Banana - Panama Disease (Fusarium Wilt) | High | 100.00% | lang=tamil ──
2026-03-23 15:22:19 | INFO     | app.api.auth | POST /auth/login | phone='8667540547'
2026-03-23 15:22:20 | INFO     | app.services.auth_service | JWT token created for farmer_id=1
2026-03-23 15:22:20 | INFO     | app.services.auth_service | Farmer logged in → id=1 phone='8667540547'
2026-03-23 15:22:27 | INFO     | app.api.routes | POST /predict | farmer_id=1 phone='8667540547' file='image.jpg' lat=None lng=None language='english'
2026-03-23 15:22:27 | INFO     | app.services.prediction_service | ── Prediction Pipeline START (farmer_id=1, language=english) ──
2026-03-23 15:22:27 | INFO     | app.services.prediction_service | Step 1 ✓ Image validated
2026-03-23 15:22:28 | INFO     | app.services.prediction_service | Step 2 ✓ Preprocessed → (1, 3, 224, 224)
2026-03-23 15:22:28 | INFO     | app.models.disease_classifier | Prediction → 'Banana - Black Sigatoka' confidence=0.8978 ✓
2026-03-23 15:22:28 | INFO     | app.services.prediction_service | Step 3 ✓ Disease='Banana - Black Sigatoka' Confidence=0.8978 is_confident=True is_banana=True
2026-03-23 15:22:28 | INFO     | app.models.severity_estimator | Severity estimated → High (disease='Banana - Black Sigatoka', confidence=0.8978)
2026-03-23 15:22:28 | INFO     | app.services.prediction_service | Step 4 ✓ Severity=High
2026-03-23 15:22:37 | INFO     | app.services.advisory_service | Gemini+ICAR advisory generated — disease='Banana - Black Sigatoka' severity='High' language='english'
2026-03-23 15:22:37 | INFO     | app.services.prediction_service | Step 5 ✓ Advisory generated (1958 chars) in language='english'
2026-03-23 15:22:37 | INFO     | app.services.location_service | No GPS coordinates — returning default ICAR-NRCB centre.
2026-03-23 15:22:37 | INFO     | app.services.prediction_service | Step 6 ✓ Nearest centre: ICAR-NRCB (National Research Centre for Banana), Trichy — Contact: 0431-2616214 | nrcb@icar.gov.in
2026-03-23 15:22:38 | INFO     | app.database.crud | Prediction saved → id=61 farmer_id=1 disease='Banana - Black Sigatoka'
2026-03-23 15:22:38 | INFO     | app.services.prediction_service | Step 7 ✓ Saved to database
2026-03-23 15:22:38 | INFO     | app.services.prediction_service | ── Prediction Pipeline COMPLETE → Banana - Black Sigatoka | High | 89.78% | lang=english ──
2026-03-23 15:29:37 | INFO     | app.api.auth | POST /auth/login | phone='8667540547'
2026-03-23 15:29:37 | INFO     | app.services.auth_service | JWT token created for farmer_id=1
2026-03-23 15:29:37 | INFO     | app.services.auth_service | Farmer logged in → id=1 phone='8667540547'
2026-03-23 15:29:57 | INFO     | app.api.auth | POST /auth/login | phone='8667540547'
2026-03-23 15:29:58 | INFO     | app.services.auth_service | JWT token created for farmer_id=1
2026-03-23 15:29:58 | INFO     | app.services.auth_service | Farmer logged in → id=1 phone='8667540547'
2026-03-23 15:30:54 | INFO     | app.api.routes | POST /predict | farmer_id=1 phone='8667540547' file='OIP.jpg' lat=-90.0 lng=-180.0 language='tamil'
2026-03-23 15:30:54 | INFO     | app.services.prediction_service | ── Prediction Pipeline START (farmer_id=1, language=tamil) ──
2026-03-23 15:30:54 | INFO     | app.services.prediction_service | Step 1 ✓ Image validated
2026-03-23 15:30:56 | INFO     | app.services.prediction_service | Step 2 ✓ Preprocessed → (1, 3, 224, 224)
2026-03-23 15:30:56 | INFO     | app.models.disease_classifier | Prediction → 'Banana - Black Sigatoka' confidence=1.0000 ✓
2026-03-23 15:30:56 | INFO     | app.services.prediction_service | Step 3 ✓ Disease='Banana - Black Sigatoka' Confidence=1.0000 is_confident=True is_banana=True
2026-03-23 15:30:57 | INFO     | app.models.severity_estimator | Severity estimated → High (disease='Banana - Black Sigatoka', confidence=1.0000)
2026-03-23 15:30:57 | INFO     | app.services.prediction_service | Step 4 ✓ Severity=High
2026-03-23 15:31:10 | INFO     | app.services.advisory_service | Gemini+ICAR advisory generated — disease='Banana - Black Sigatoka' severity='High' language='tamil'
2026-03-23 15:31:10 | INFO     | app.services.prediction_service | Step 5 ✓ Advisory generated (2419 chars) in language='tamil'
2026-03-23 15:31:16 | WARNING  | app.services.location_service | Google Maps API failed — using fallback centres.
2026-03-23 15:31:16 | INFO     | app.services.location_service | Fallback centre: Tirunelveli Horticulture Office (State Horticulture Office) — 10976.5 km away
2026-03-23 15:31:16 | INFO     | app.services.prediction_service | Step 6 ✓ Nearest centre: Tirunelveli Horticulture Office (State Horticulture Office) — 10976.5 km away
2026-03-23 15:31:16 | INFO     | app.database.crud | Prediction saved → id=62 farmer_id=1 disease='Banana - Black Sigatoka'
2026-03-23 15:31:16 | INFO     | app.services.prediction_service | Step 7 ✓ Saved to database
2026-03-23 15:31:16 | INFO     | app.services.prediction_service | ── Prediction Pipeline COMPLETE → Banana - Black Sigatoka | High | 100.00% | lang=tamil ──
2026-03-24 16:53:20 | INFO     | app.models.model_loader | Creating ModelLoader singleton (path=saved_models/agroguard_banana_convnext_small.pth)
2026-03-24 16:53:22 | INFO     | app.models.model_loader | Loading banana model weights from 'saved_models/agroguard_banana_convnext_small.pth' on cuda
2026-03-24 16:53:23 | INFO     | app.models.model_loader | Banana disease model loaded successfully (7 classes).
2026-03-24 16:53:28 | INFO     | app.main | ╔══════════════════════════════════════════════╗
2026-03-24 16:53:28 | INFO     | app.main | ║  AgroGuard-AI STARTING  ║
2026-03-24 16:53:28 | INFO     | app.main | ╚══════════════════════════════════════════════╝
2026-03-24 16:53:28 | INFO     | app.database.db | Database tables created / verified.
2026-03-24 16:53:28 | INFO     | app.main | ✓ Database tables ready.
2026-03-24 16:53:28 | INFO     | app.main | ✓ Banana disease model loaded and ready.
2026-03-24 16:53:28 | INFO     | app.main | ✓ AgroGuard-AI is ready → base URL: /api/v1
2026-03-24 16:53:49 | INFO     | app.api.auth | POST /auth/login | phone='8667540547'
2026-03-24 16:53:50 | INFO     | app.services.auth_service | JWT token created for farmer_id=1
2026-03-24 16:53:50 | INFO     | app.services.auth_service | Farmer logged in → id=1 phone='8667540547'
2026-03-24 16:54:29 | INFO     | app.api.routes | POST /predict | farmer_id=1 phone='8667540547' file='image.jpg' lat=None lng=None language='english'
2026-03-24 16:54:29 | INFO     | app.services.prediction_service | ── Prediction Pipeline START (farmer_id=1, language=english) ──
2026-03-24 16:54:29 | INFO     | app.services.prediction_service | Step 1 ✓ Image validated
2026-03-24 16:54:31 | INFO     | app.services.prediction_service | Step 2 ✓ Preprocessed → (1, 3, 224, 224)
2026-03-24 16:54:33 | INFO     | app.models.disease_classifier | Prediction → 'Banana - Panama Disease (Fusarium Wilt)' confidence=1.0000 ✓
2026-03-24 16:54:33 | INFO     | app.services.prediction_service | Step 3 ✓ Disease='Banana - Panama Disease (Fusarium Wilt)' Confidence=1.0000 is_confident=True is_banana=True
2026-03-24 16:54:33 | INFO     | app.models.severity_estimator | Disease 'Banana - Panama Disease (Fusarium Wilt)' is always treated as High severity.
2026-03-24 16:54:33 | INFO     | app.services.prediction_service | Step 4 ✓ Severity=High
2026-03-24 16:54:35 | INFO     | app.services.advisory_service | ✓ Gemini 2.5 Flash client initialised.
2026-03-24 16:54:44 | INFO     | app.services.advisory_service | Gemini+ICAR advisory generated — disease='Banana - Panama Disease (Fusarium Wilt)' severity='High' language='english'
2026-03-24 16:54:44 | INFO     | app.services.prediction_service | Step 5 ✓ Advisory generated (2386 chars) in language='english'
2026-03-24 16:54:44 | INFO     | app.services.location_service | No GPS coordinates — returning default ICAR-NRCB centre.
2026-03-24 16:54:44 | INFO     | app.services.prediction_service | Step 6 ✓ Nearest centre: ICAR-NRCB (National Research Centre for Banana), Trichy — Contact: 0431-2616214 | nrcb@icar.gov.in
2026-03-24 16:54:45 | INFO     | app.database.crud | Prediction saved → id=63 farmer_id=1 disease='Banana - Panama Disease (Fusarium Wilt)'
2026-03-24 16:54:45 | INFO     | app.services.prediction_service | Step 7 ✓ Saved to database
2026-03-24 16:54:45 | INFO     | app.services.prediction_service | ── Prediction Pipeline COMPLETE → Banana - Panama Disease (Fusarium Wilt) | High | 100.00% | lang=english ──
2026-03-24 16:56:45 | INFO     | app.api.auth | POST /auth/login | phone='8667540547'
2026-03-24 16:56:46 | INFO     | app.services.auth_service | JWT token created for farmer_id=1
2026-03-24 16:56:46 | INFO     | app.services.auth_service | Farmer logged in → id=1 phone='8667540547'
2026-03-24 16:57:34 | INFO     | app.main | AgroGuard-AI shutting down gracefully.
2026-03-28 20:41:56 | INFO     | app.models.model_loader | Creating ModelLoader singleton (path=saved_models/agroguard_banana_convnext_small.pth)
2026-03-28 20:41:59 | INFO     | app.models.model_loader | Loading banana model weights from 'saved_models/agroguard_banana_convnext_small.pth' on cuda
2026-03-28 20:41:59 | INFO     | app.models.model_loader | Banana disease model loaded successfully (7 classes).
2026-03-28 20:42:03 | INFO     | app.main | ╔══════════════════════════════════════════════╗
2026-03-28 20:42:03 | INFO     | app.main | ║  AgroGuard-AI STARTING  ║
2026-03-28 20:42:03 | INFO     | app.main | ╚══════════════════════════════════════════════╝
2026-03-28 20:42:03 | INFO     | app.database.db | Database tables created / verified.
2026-03-28 20:42:03 | INFO     | app.main | ✓ Database tables ready.
2026-03-28 20:42:03 | INFO     | app.main | ✓ Banana disease model loaded and ready.
2026-03-28 20:42:03 | INFO     | app.main | ✓ AgroGuard-AI is ready → base URL: /api/v1
2026-03-29 10:51:24 | INFO     | app.models.model_loader | Creating ModelLoader singleton (path=saved_models/agroguard_banana_convnext_small.pth)
2026-03-29 10:51:27 | INFO     | app.models.model_loader | Loading banana model weights from 'saved_models/agroguard_banana_convnext_small.pth' on cuda
2026-03-29 10:51:28 | INFO     | app.models.model_loader | Banana disease model loaded successfully (7 classes).
2026-03-29 10:51:32 | INFO     | app.main | ╔══════════════════════════════════════════════╗
2026-03-29 10:51:32 | INFO     | app.main | ║  AgroGuard-AI STARTING  ║
2026-03-29 10:51:32 | INFO     | app.main | ╚══════════════════════════════════════════════╝
2026-03-29 10:51:32 | INFO     | app.database.db | Database tables created / verified.
2026-03-29 10:51:32 | INFO     | app.main | ✓ Database tables ready.
2026-03-29 10:51:32 | INFO     | app.main | ✓ Banana disease model loaded and ready.
2026-03-29 10:51:32 | INFO     | app.main | ✓ AgroGuard-AI is ready → base URL: /api/v1
2026-03-29 10:52:11 | INFO     | app.api.auth | POST /auth/login | phone='8667540547'
2026-03-29 10:52:12 | INFO     | app.services.auth_service | JWT token created for farmer_id=1
2026-03-29 10:52:12 | INFO     | app.services.auth_service | Farmer logged in → id=1 phone='8667540547'
2026-03-29 10:56:25 | INFO     | app.main | AgroGuard-AI shutting down gracefully.
2026-03-29 10:56:49 | INFO     | app.models.model_loader | Creating ModelLoader singleton (path=saved_models/agroguard_banana_convnext_small.pth)
2026-03-29 10:56:50 | INFO     | app.models.model_loader | Loading banana model weights from 'saved_models/agroguard_banana_convnext_small.pth' on cuda
2026-03-29 10:56:51 | INFO     | app.models.model_loader | Banana disease model loaded successfully (7 classes).
2026-03-29 10:56:53 | INFO     | app.main | ╔══════════════════════════════════════════════╗
2026-03-29 10:56:53 | INFO     | app.main | ║  AgroGuard-AI STARTING  ║
2026-03-29 10:56:53 | INFO     | app.main | ╚══════════════════════════════════════════════╝
2026-03-29 10:56:54 | INFO     | app.database.db | Database tables created / verified.
2026-03-29 10:56:54 | INFO     | app.main | ✓ Database tables ready.
2026-03-29 10:56:54 | INFO     | app.main | ✓ Banana disease model loaded and ready.
2026-03-29 10:56:54 | INFO     | app.main | ✓ AgroGuard-AI is ready → base URL: /api/v1
2026-03-29 10:57:07 | INFO     | app.api.routes | POST /predict | farmer_id=1 phone='8667540547' file='image.jpg' lat=None lng=None language='english'
2026-03-29 10:57:07 | INFO     | app.services.prediction_service | ── Prediction Pipeline START (farmer_id=1, language=english) ──
2026-03-29 10:57:07 | INFO     | app.services.prediction_service | Step 1 ✓ Image validated
2026-03-29 10:57:08 | INFO     | app.services.prediction_service | Step 2 ✓ Preprocessed → (1, 3, 224, 224)
2026-03-29 10:57:11 | INFO     | app.models.disease_classifier | Prediction → 'Banana - Black Sigatoka' confidence=0.9948 ✓
2026-03-29 10:57:11 | INFO     | app.services.prediction_service | Step 3 ✓ Disease='Banana - Black Sigatoka' Confidence=0.9948 is_confident=True is_banana=True
2026-03-29 10:57:11 | INFO     | app.models.severity_estimator | Severity estimated → High (disease='Banana - Black Sigatoka', confidence=0.9948)
2026-03-29 10:57:11 | INFO     | app.services.prediction_service | Step 4 ✓ Severity=High
2026-03-29 10:57:11 | INFO     | app.services.advisory_service | ICAR KB matched keyword='black sigatoka' severity='High'
2026-03-29 10:57:11 | INFO     | app.services.advisory_service | ICAR KB advisory — disease='Banana - Black Sigatoka' severity='High'
2026-03-29 10:57:11 | INFO     | app.services.prediction_service | Step 5 ✓ Advisory generated (2143 chars) in language='english'
2026-03-29 10:57:11 | INFO     | app.services.location_service | No GPS coordinates — returning default ICAR-NRCB centre.
2026-03-29 10:57:11 | INFO     | app.services.prediction_service | Step 6 ✓ Nearest centre: ICAR-NRCB (National Research Centre for Banana), Trichy — Contact: 0431-2616214 | nrcb@icar.gov.in
2026-03-29 10:57:11 | INFO     | app.database.crud | Prediction saved → id=64 farmer_id=1 disease='Banana - Black Sigatoka'
2026-03-29 10:57:11 | INFO     | app.services.prediction_service | Step 7 ✓ Saved to database
2026-03-29 10:57:11 | INFO     | app.services.prediction_service | ── Prediction Pipeline COMPLETE → Banana - Black Sigatoka | High | 99.48% | lang=english ──
2026-03-29 10:57:58 | INFO     | app.api.routes | POST /predict | farmer_id=1 phone='8667540547' file='image.jpg' lat=None lng=None language='english'
2026-03-29 10:57:58 | INFO     | app.services.prediction_service | ── Prediction Pipeline START (farmer_id=1, language=english) ──
2026-03-29 10:57:58 | INFO     | app.services.prediction_service | Step 1 ✓ Image validated
2026-03-29 10:57:58 | INFO     | app.services.prediction_service | Step 2 ✓ Preprocessed → (1, 3, 224, 224)
2026-03-29 10:57:59 | INFO     | app.models.disease_classifier | Prediction → 'Banana - Bunchy Top Virus (BBTV)' confidence=1.0000 ✓
2026-03-29 10:57:59 | INFO     | app.services.prediction_service | Step 3 ✓ Disease='Banana - Bunchy Top Virus (BBTV)' Confidence=1.0000 is_confident=True is_banana=True
2026-03-29 10:57:59 | INFO     | app.models.severity_estimator | Disease 'Banana - Bunchy Top Virus (BBTV)' is always treated as High severity.
2026-03-29 10:57:59 | INFO     | app.services.prediction_service | Step 4 ✓ Severity=High
2026-03-29 10:57:59 | INFO     | app.services.advisory_service | ICAR KB matched keyword='bunchy' severity='High'
2026-03-29 10:57:59 | INFO     | app.services.advisory_service | ICAR KB advisory — disease='Banana - Bunchy Top Virus (BBTV)' severity='High'
2026-03-29 10:57:59 | INFO     | app.services.prediction_service | Step 5 ✓ Advisory generated (1453 chars) in language='english'
2026-03-29 10:57:59 | INFO     | app.services.location_service | No GPS coordinates — returning default ICAR-NRCB centre.
2026-03-29 10:57:59 | INFO     | app.services.prediction_service | Step 6 ✓ Nearest centre: ICAR-NRCB (National Research Centre for Banana), Trichy — Contact: 0431-2616214 | nrcb@icar.gov.in
2026-03-29 10:57:59 | INFO     | app.database.crud | Prediction saved → id=65 farmer_id=1 disease='Banana - Bunchy Top Virus (BBTV)'
2026-03-29 10:57:59 | INFO     | app.services.prediction_service | Step 7 ✓ Saved to database
2026-03-29 10:57:59 | INFO     | app.services.prediction_service | ── Prediction Pipeline COMPLETE → Banana - Bunchy Top Virus (BBTV) | High | 100.00% | lang=english ──
2026-03-29 10:59:00 | INFO     | app.api.speech | POST /speech/transcribe | file='recording.wav' lang='None'
2026-03-29 10:59:00 | INFO     | app.services.speech_service | Whisper transcription started | lang_hint='None' | size=114284 bytes
2026-03-29 10:59:00 | INFO     | app.services.speech_service | Loading Whisper medium model... (first run downloads ~1.5 GB — please wait)
2026-03-29 11:27:27 | ERROR    | app.services.speech_service | Whisper transcription failed: Model has been downloaded but the SHA256 checksum does not not match. Please retry loading the model.
Traceback (most recent call last):
  File "D:\final-year project\backend\app\services\speech_service.py", line 233, in transcribe_audio
    model = get_whisper_model()
            ^^^^^^^^^^^^^^^^^^^
  File "D:\final-year project\backend\app\services\speech_service.py", line 102, in get_whisper_model
    _whisper_model = whisper.load_model("medium")
                     ^^^^^^^^^^^^^^^^^^^^^^^^^^^^
  File "D:\final-year project\venv\Lib\site-packages\whisper\__init__.py", line 137, in load_model
    checkpoint_file = _download(_MODELS[name], download_root, in_memory)
                      ^^^^^^^^^^^^^^^^^^^^^^^^^^^^^^^^^^^^^^^^^^^^^^^^^^
  File "D:\final-year project\venv\Lib\site-packages\whisper\__init__.py", line 91, in _download
    raise RuntimeError(
RuntimeError: Model has been downloaded but the SHA256 checksum does not not match. Please retry loading the model.
2026-03-29 11:27:27 | ERROR    | app.api.speech | Whisper error: Audio transcription failed: Model has been downloaded but the SHA256 checksum does not not match. Please retry loading the model.
2026-03-29 11:27:28 | INFO     | app.api.speech | POST /speech/transcribe | file='recording.wav' lang='None'
2026-03-29 11:27:28 | INFO     | app.services.speech_service | Whisper transcription started | lang_hint='None' | size=31208 bytes
2026-03-29 11:27:28 | INFO     | app.services.speech_service | Loading Whisper medium model... (first run downloads ~1.5 GB — please wait)
2026-03-29 12:07:22 | INFO     | app.services.speech_service | ✓ Whisper medium model loaded successfully.
2026-03-29 12:07:37 | INFO     | app.services.speech_service | Whisper complete | detected_lang='ja' | text='ご視聴ありがとうございました'
2026-03-29 12:07:37 | INFO     | app.api.speech | POST /speech/transcribe | file='recording.wav' lang='None'
2026-03-29 12:07:37 | INFO     | app.services.speech_service | Whisper transcription started | lang_hint='None' | size=112352 bytes
2026-03-29 12:07:46 | INFO     | app.services.speech_service | Whisper complete | detected_lang='en' | text='What's this? This is...'
2026-03-29 12:07:46 | INFO     | app.api.speech | POST /speech/transcribe | file='recording.wav' lang='None'
2026-03-29 12:07:46 | INFO     | app.services.speech_service | Whisper transcription started | lang_hint='None' | size=295892 bytes
2026-03-29 12:08:33 | INFO     | app.services.speech_service | Whisper complete | detected_lang='en' | text='So now I have this chip to see the levels of bass. Each waveding current is mani'
2026-03-29 12:08:33 | INFO     | app.api.routes | POST /predict | farmer_id=1 phone='8667540547' file='image.jpg' lat=None lng=None language='english'
2026-03-29 12:08:33 | INFO     | app.services.prediction_service | ── Prediction Pipeline START (farmer_id=1, language=english) ──
2026-03-29 12:08:33 | INFO     | app.services.prediction_service | Step 1 ✓ Image validated
2026-03-29 12:08:33 | INFO     | app.services.prediction_service | Step 2 ✓ Preprocessed → (1, 3, 224, 224)
2026-03-29 12:08:33 | INFO     | app.models.disease_classifier | Prediction → 'Banana - Pseudostem Weevil Infestation' confidence=1.0000 ✓
2026-03-29 12:08:33 | INFO     | app.services.prediction_service | Step 3 ✓ Disease='Banana - Pseudostem Weevil Infestation' Confidence=1.0000 is_confident=True is_banana=True
2026-03-29 12:08:33 | INFO     | app.models.severity_estimator | Severity estimated → High (disease='Banana - Pseudostem Weevil Infestation', confidence=1.0000)
2026-03-29 12:08:33 | INFO     | app.services.prediction_service | Step 4 ✓ Severity=High
2026-03-29 12:08:33 | INFO     | app.services.advisory_service | ICAR KB matched keyword='weevil' severity='High'
2026-03-29 12:08:33 | INFO     | app.services.advisory_service | ICAR KB advisory — disease='Banana - Pseudostem Weevil Infestation' severity='High'
2026-03-29 12:08:33 | INFO     | app.services.prediction_service | Step 5 ✓ Advisory generated (1880 chars) in language='english'
2026-03-29 12:08:33 | INFO     | app.services.location_service | No GPS coordinates — returning default ICAR-NRCB centre.
2026-03-29 12:08:33 | INFO     | app.services.prediction_service | Step 6 ✓ Nearest centre: ICAR-NRCB (National Research Centre for Banana), Trichy — Contact: 0431-2616214 | nrcb@icar.gov.in
2026-03-29 12:08:33 | INFO     | app.database.crud | Prediction saved → id=66 farmer_id=1 disease='Banana - Pseudostem Weevil Infestation'
2026-03-29 12:08:33 | INFO     | app.services.prediction_service | Step 7 ✓ Saved to database
2026-03-29 12:08:33 | INFO     | app.services.prediction_service | ── Prediction Pipeline COMPLETE → Banana - Pseudostem Weevil Infestation | High | 100.00% | lang=english ──
2026-03-29 13:08:49 | INFO     | app.api.speech | POST /speech/transcribe | file='recording.wav' lang='None'
2026-03-29 13:08:49 | INFO     | app.services.speech_service | Whisper transcription started | lang_hint='None' | size=82406 bytes
2026-03-29 13:09:03 | INFO     | app.services.speech_service | Whisper complete | detected_lang='en' | text='Hey, can you please stay?'
2026-03-29 13:09:06 | INFO     | app.api.routes | POST /predict | farmer_id=1 phone='8667540547' file='image.jpg' lat=None lng=None language='english'
2026-03-29 13:09:06 | INFO     | app.services.prediction_service | ── Prediction Pipeline START (farmer_id=1, language=english) ──
2026-03-29 13:09:06 | INFO     | app.services.prediction_service | Step 1 ✓ Image validated
2026-03-29 13:09:06 | WARNING  | app.api.routes | Validation error: Image is too blurry (score: 20.3). Please take a clearer photo of the banana leaf in good lighting.
2026-03-29 13:09:22 | INFO     | app.api.routes | POST /predict | farmer_id=1 phone='8667540547' file='image.jpg' lat=11.378327000000002 lng=79.696129 language='english'
2026-03-29 13:09:22 | INFO     | app.services.prediction_service | ── Prediction Pipeline START (farmer_id=1, language=english) ──
2026-03-29 13:09:22 | INFO     | app.services.prediction_service | Step 1 ✓ Image validated
2026-03-29 13:09:23 | INFO     | app.services.prediction_service | Step 2 ✓ Preprocessed → (1, 3, 224, 224)
2026-03-29 13:09:23 | INFO     | app.models.disease_classifier | Prediction → 'Banana - Panama Disease (Fusarium Wilt)' confidence=1.0000 ✓
2026-03-29 13:09:23 | INFO     | app.services.prediction_service | Step 3 ✓ Disease='Banana - Panama Disease (Fusarium Wilt)' Confidence=1.0000 is_confident=True is_banana=True
2026-03-29 13:09:23 | INFO     | app.models.severity_estimator | Disease 'Banana - Panama Disease (Fusarium Wilt)' is always treated as High severity.
2026-03-29 13:09:23 | INFO     | app.services.prediction_service | Step 4 ✓ Severity=High
2026-03-29 13:09:23 | INFO     | app.services.advisory_service | ICAR KB matched keyword='panama' severity='High'
2026-03-29 13:09:23 | INFO     | app.services.advisory_service | ICAR KB advisory — disease='Banana - Panama Disease (Fusarium Wilt)' severity='High'
2026-03-29 13:09:23 | INFO     | app.services.prediction_service | Step 5 ✓ Advisory generated (2432 chars) in language='english'
2026-03-29 13:09:28 | WARNING  | app.services.location_service | Google Maps API failed — using fallback centres.
2026-03-29 13:09:28 | INFO     | app.services.location_service | Fallback centre: ICAR-NRCB (National Research Centre for Banana), Trichy (ICAR Research Centre) — 126.2 km away
2026-03-29 13:09:28 | INFO     | app.services.prediction_service | Step 6 ✓ Nearest centre: ICAR-NRCB (National Research Centre for Banana), Trichy (ICAR Research Centre) — 126.2 km away
2026-03-29 13:09:28 | INFO     | app.database.crud | Prediction saved → id=67 farmer_id=1 disease='Banana - Panama Disease (Fusarium Wilt)'
2026-03-29 13:09:28 | INFO     | app.services.prediction_service | Step 7 ✓ Saved to database
2026-03-29 13:09:28 | INFO     | app.services.prediction_service | ── Prediction Pipeline COMPLETE → Banana - Panama Disease (Fusarium Wilt) | High | 100.00% | lang=english ──
2026-03-29 13:09:44 | INFO     | app.api.routes | POST /predict | farmer_id=1 phone='8667540547' file='image.jpg' lat=11.378327000000002 lng=79.696129 language='english'
2026-03-29 13:09:44 | INFO     | app.services.prediction_service | ── Prediction Pipeline START (farmer_id=1, language=english) ──
2026-03-29 13:09:44 | INFO     | app.services.prediction_service | Step 1 ✓ Image validated
2026-03-29 13:09:44 | INFO     | app.services.prediction_service | Step 2 ✓ Preprocessed → (1, 3, 224, 224)
2026-03-29 13:09:44 | INFO     | app.models.disease_classifier | Prediction → 'Banana - Anthracnose' confidence=0.9705 ✓
2026-03-29 13:09:44 | INFO     | app.services.prediction_service | Step 3 ✓ Disease='Banana - Anthracnose' Confidence=0.9705 is_confident=True is_banana=True
2026-03-29 13:09:44 | INFO     | app.models.severity_estimator | Severity estimated → High (disease='Banana - Anthracnose', confidence=0.9705)
2026-03-29 13:09:44 | INFO     | app.services.prediction_service | Step 4 ✓ Severity=High
2026-03-29 13:09:44 | INFO     | app.services.advisory_service | ICAR KB matched keyword='anthracnose' severity='High'
2026-03-29 13:09:44 | INFO     | app.services.advisory_service | ICAR KB advisory — disease='Banana - Anthracnose' severity='High'
2026-03-29 13:09:44 | INFO     | app.services.prediction_service | Step 5 ✓ Advisory generated (1501 chars) in language='english'
2026-03-29 13:09:48 | WARNING  | app.services.location_service | Google Maps API failed — using fallback centres.
2026-03-29 13:09:48 | INFO     | app.services.location_service | Fallback centre: ICAR-NRCB (National Research Centre for Banana), Trichy (ICAR Research Centre) — 126.2 km away
2026-03-29 13:09:48 | INFO     | app.services.prediction_service | Step 6 ✓ Nearest centre: ICAR-NRCB (National Research Centre for Banana), Trichy (ICAR Research Centre) — 126.2 km away
2026-03-29 13:09:49 | INFO     | app.database.crud | Prediction saved → id=68 farmer_id=1 disease='Banana - Anthracnose'
2026-03-29 13:09:49 | INFO     | app.services.prediction_service | Step 7 ✓ Saved to database
2026-03-29 13:09:49 | INFO     | app.services.prediction_service | ── Prediction Pipeline COMPLETE → Banana - Anthracnose | High | 97.05% | lang=english ──
2026-03-29 13:10:10 | INFO     | app.main | AgroGuard-AI shutting down gracefully.
2026-03-29 14:06:40 | INFO     | app.models.model_loader | Creating ModelLoader singleton (path=saved_models/agroguard_banana_convnext_small.pth)
2026-03-29 14:06:42 | INFO     | app.models.model_loader | Loading banana model weights from 'saved_models/agroguard_banana_convnext_small.pth' on cuda
2026-03-29 14:06:43 | INFO     | app.models.model_loader | Banana disease model loaded successfully (7 classes).
2026-03-29 14:06:45 | INFO     | app.main | ╔══════════════════════════════════════════════╗
2026-03-29 14:06:45 | INFO     | app.main | ║  AgroGuard-AI STARTING  ║
2026-03-29 14:06:45 | INFO     | app.main | ╚══════════════════════════════════════════════╝
2026-03-29 14:06:45 | INFO     | app.database.db | Database tables created / verified.
2026-03-29 14:06:45 | INFO     | app.main | ✓ Database tables ready.
2026-03-29 14:06:45 | INFO     | app.main | ✓ Banana disease model loaded and ready.
2026-03-29 14:06:45 | INFO     | app.main | ✓ AgroGuard-AI is ready → base URL: /api/v1
2026-03-29 14:07:29 | INFO     | app.api.auth | POST /auth/login | phone='8667540547'
2026-03-29 14:07:29 | INFO     | app.services.auth_service | JWT token created for farmer_id=1
2026-03-29 14:07:29 | INFO     | app.services.auth_service | Farmer logged in → id=1 phone='8667540547'
2026-03-29 14:14:25 | INFO     | app.main | AgroGuard-AI shutting down gracefully.
2026-03-29 14:14:35 | INFO     | app.models.model_loader | Creating ModelLoader singleton (path=saved_models/agroguard_banana_convnext_small.pth)
2026-03-29 14:14:35 | INFO     | app.models.model_loader | Loading banana model weights from 'saved_models/agroguard_banana_convnext_small.pth' on cuda
2026-03-29 14:14:36 | INFO     | app.models.model_loader | Banana disease model loaded successfully (7 classes).
2026-03-29 14:14:37 | INFO     | app.main | ╔══════════════════════════════════════════════╗
2026-03-29 14:14:37 | INFO     | app.main | ║  AgroGuard-AI STARTING  ║
2026-03-29 14:14:37 | INFO     | app.main | ╚══════════════════════════════════════════════╝
2026-03-29 14:14:37 | INFO     | app.database.db | Database tables created / verified.
2026-03-29 14:14:37 | INFO     | app.main | ✓ Database tables ready.
2026-03-29 14:14:37 | INFO     | app.main | ✓ Banana disease model loaded and ready.
2026-03-29 14:14:37 | INFO     | app.main | ✓ AgroGuard-AI is ready → base URL: /api/v1
2026-03-29 14:26:21 | INFO     | app.api.routes | POST /predict | farmer_id=1 phone='8667540547' file='image.jpg' lat=None lng=None language='english' (resolved from 'en')
2026-03-29 14:26:21 | INFO     | app.services.prediction_service | ── Prediction Pipeline START (farmer_id=1, language=english) ──
2026-03-29 14:26:21 | INFO     | app.services.prediction_service | Step 1 ✓ Image validated
2026-03-29 14:26:23 | INFO     | app.services.prediction_service | Step 2 ✓ Preprocessed → (1, 3, 224, 224)
2026-03-29 14:26:24 | INFO     | app.models.disease_classifier | Prediction → 'Banana - Healthy' confidence=0.9297 ✓
2026-03-29 14:26:24 | INFO     | app.services.prediction_service | Step 3 ✓ Disease='Banana - Healthy' Confidence=0.9297 is_confident=True is_banana=True
2026-03-29 14:26:24 | INFO     | app.models.severity_estimator | Banana plant is healthy — no severity assigned.
2026-03-29 14:26:24 | INFO     | app.services.prediction_service | Step 4 ✓ Severity=None
2026-03-29 14:26:24 | INFO     | app.services.advisory_service | ICAR KB matched keyword='healthy' severity='None'
2026-03-29 14:26:24 | INFO     | app.services.advisory_service | ICAR KB advisory — disease='Banana - Healthy' severity='None'
2026-03-29 14:26:24 | INFO     | app.services.prediction_service | Step 5 ✓ Advisory generated (1432 chars) in language='english'
2026-03-29 14:26:24 | INFO     | app.services.location_service | No GPS coordinates — returning default ICAR-NRCB.
2026-03-29 14:26:24 | INFO     | app.services.prediction_service | Step 6 ✓ Nearest centre: ICAR-NRCB (National Research Centre for Banana) — Trichy, Tamil Nadu (0.0 km away) | 0431-2616214
2026-03-29 14:26:25 | INFO     | app.database.crud | Prediction saved → id=69 farmer_id=1 disease='Banana - Healthy'
2026-03-29 14:26:25 | INFO     | app.services.prediction_service | Step 7 ✓ Saved to database
2026-03-29 14:26:25 | INFO     | app.services.prediction_service | ── Prediction Pipeline COMPLETE → Banana - Healthy | None | 92.97% | lang=english ──
2026-03-29 14:26:59 | INFO     | app.api.routes | POST /predict | farmer_id=1 phone='8667540547' file='image.jpg' lat=None lng=None language='english' (resolved from 'en')
2026-03-29 14:26:59 | INFO     | app.services.prediction_service | ── Prediction Pipeline START (farmer_id=1, language=english) ──
2026-03-29 14:26:59 | INFO     | app.services.prediction_service | Step 1 ✓ Image validated
2026-03-29 14:26:59 | INFO     | app.services.prediction_service | Step 2 ✓ Preprocessed → (1, 3, 224, 224)
2026-03-29 14:26:59 | INFO     | app.models.disease_classifier | Prediction → 'Banana - Bunchy Top Virus (BBTV)' confidence=1.0000 ✓
2026-03-29 14:26:59 | INFO     | app.services.prediction_service | Step 3 ✓ Disease='Banana - Bunchy Top Virus (BBTV)' Confidence=1.0000 is_confident=True is_banana=True
2026-03-29 14:26:59 | INFO     | app.models.severity_estimator | Disease 'Banana - Bunchy Top Virus (BBTV)' is always treated as High severity.
2026-03-29 14:26:59 | INFO     | app.services.prediction_service | Step 4 ✓ Severity=High
2026-03-29 14:26:59 | INFO     | app.services.advisory_service | ICAR KB matched keyword='bunchy' severity='High'
2026-03-29 14:26:59 | INFO     | app.services.advisory_service | ICAR KB advisory — disease='Banana - Bunchy Top Virus (BBTV)' severity='High'
2026-03-29 14:26:59 | INFO     | app.services.prediction_service | Step 5 ✓ Advisory generated (1453 chars) in language='english'
2026-03-29 14:26:59 | INFO     | app.services.location_service | No GPS coordinates — returning default ICAR-NRCB.
2026-03-29 14:26:59 | INFO     | app.services.prediction_service | Step 6 ✓ Nearest centre: ICAR-NRCB (National Research Centre for Banana) — Trichy, Tamil Nadu (0.0 km away) | 0431-2616214
2026-03-29 14:27:00 | INFO     | app.database.crud | Prediction saved → id=70 farmer_id=1 disease='Banana - Bunchy Top Virus (BBTV)'
2026-03-29 14:27:00 | INFO     | app.services.prediction_service | Step 7 ✓ Saved to database
2026-03-29 14:27:00 | INFO     | app.services.prediction_service | ── Prediction Pipeline COMPLETE → Banana - Bunchy Top Virus (BBTV) | High | 100.00% | lang=english ──
2026-03-29 14:28:47 | INFO     | app.api.routes | POST /predict | farmer_id=1 phone='8667540547' file='image.jpg' lat=None lng=None language='english' (resolved from 'en')
2026-03-29 14:28:47 | INFO     | app.services.prediction_service | ── Prediction Pipeline START (farmer_id=1, language=english) ──
2026-03-29 14:28:47 | INFO     | app.services.prediction_service | Step 1 ✓ Image validated
2026-03-29 14:28:48 | INFO     | app.services.prediction_service | Step 2 ✓ Preprocessed → (1, 3, 224, 224)
2026-03-29 14:28:48 | INFO     | app.models.disease_classifier | Prediction → 'Banana - Panama Disease (Fusarium Wilt)' confidence=1.0000 ✓
2026-03-29 14:28:48 | INFO     | app.services.prediction_service | Step 3 ✓ Disease='Banana - Panama Disease (Fusarium Wilt)' Confidence=1.0000 is_confident=True is_banana=True
2026-03-29 14:28:48 | INFO     | app.models.severity_estimator | Disease 'Banana - Panama Disease (Fusarium Wilt)' is always treated as High severity.
2026-03-29 14:28:48 | INFO     | app.services.prediction_service | Step 4 ✓ Severity=High
2026-03-29 14:28:48 | INFO     | app.services.advisory_service | ICAR KB matched keyword='panama' severity='High'
2026-03-29 14:28:48 | INFO     | app.services.advisory_service | ICAR KB advisory — disease='Banana - Panama Disease (Fusarium Wilt)' severity='High'
2026-03-29 14:28:48 | INFO     | app.services.prediction_service | Step 5 ✓ Advisory generated (2432 chars) in language='english'
2026-03-29 14:28:48 | INFO     | app.services.location_service | No GPS coordinates — returning default ICAR-NRCB.
2026-03-29 14:28:48 | INFO     | app.services.prediction_service | Step 6 ✓ Nearest centre: ICAR-NRCB (National Research Centre for Banana) — Trichy, Tamil Nadu (0.0 km away) | 0431-2616214
2026-03-29 14:28:49 | INFO     | app.database.crud | Prediction saved → id=71 farmer_id=1 disease='Banana - Panama Disease (Fusarium Wilt)'
2026-03-29 14:28:49 | INFO     | app.services.prediction_service | Step 7 ✓ Saved to database
2026-03-29 14:28:49 | INFO     | app.services.prediction_service | ── Prediction Pipeline COMPLETE → Banana - Panama Disease (Fusarium Wilt) | High | 100.00% | lang=english ──
2026-03-29 14:30:42 | INFO     | app.api.routes | POST /predict | farmer_id=1 phone='8667540547' file='image.jpg' lat=11.67 lng=78.1344 language='tamil' (resolved from 'ta')
2026-03-29 14:30:42 | INFO     | app.services.prediction_service | ── Prediction Pipeline START (farmer_id=1, language=tamil) ──
2026-03-29 14:30:42 | INFO     | app.services.prediction_service | Step 1 ✓ Image validated
2026-03-29 14:30:42 | INFO     | app.services.prediction_service | Step 2 ✓ Preprocessed → (1, 3, 224, 224)
2026-03-29 14:30:42 | INFO     | app.models.disease_classifier | Prediction → 'Banana - Bunchy Top Virus (BBTV)' confidence=1.0000 ✓
2026-03-29 14:30:42 | INFO     | app.services.prediction_service | Step 3 ✓ Disease='Banana - Bunchy Top Virus (BBTV)' Confidence=1.0000 is_confident=True is_banana=True
2026-03-29 14:30:42 | INFO     | app.models.severity_estimator | Disease 'Banana - Bunchy Top Virus (BBTV)' is always treated as High severity.
2026-03-29 14:30:42 | INFO     | app.services.prediction_service | Step 4 ✓ Severity=High
2026-03-29 14:30:42 | INFO     | app.services.advisory_service | ICAR KB matched keyword='bunchy' severity='High'
2026-03-29 14:30:43 | INFO     | app.services.advisory_service | ✓ Gemini 2.5 Flash client initialised.
2026-03-29 14:30:54 | INFO     | app.services.advisory_service | Gemini advisory — disease='Banana - Bunchy Top Virus (BBTV)' severity='High' language='tamil'
2026-03-29 14:30:54 | INFO     | app.services.prediction_service | Step 5 ✓ Advisory generated (2864 chars) in language='tamil'
2026-03-29 14:30:56 | ERROR    | app.services.location_service | Google Maps API denied: You must enable Billing on the Google Cloud Project at https://console.cloud.google.com/project/_/billing/enable Learn more at https://developers.google.com/maps/gmp-get-started
2026-03-29 14:30:56 | WARNING  | app.services.location_service | Google Maps failed — using hardcoded fallback centres
2026-03-29 14:30:56 | INFO     | app.services.location_service | Fallback centres returned: ['Salem District Horticulture Office', 'KVK Salem', 'Namakkal District Agriculture Office', 'Erode Banana Farmers Support Centre', 'Karur Horticulture Office']
2026-03-29 14:30:56 | INFO     | app.services.prediction_service | Step 6 ✓ Nearest centre: Salem District Horticulture Office — Salem, Tamil Nadu (1.4 km away) | 0427-2411088
2026-03-29 14:30:56 | INFO     | app.database.crud | Prediction saved → id=72 farmer_id=1 disease='Banana - Bunchy Top Virus (BBTV)'
2026-03-29 14:30:56 | INFO     | app.services.prediction_service | Step 7 ✓ Saved to database
2026-03-29 14:30:56 | INFO     | app.services.prediction_service | ── Prediction Pipeline COMPLETE → Banana - Bunchy Top Virus (BBTV) | High | 100.00% | lang=tamil ──
2026-03-29 14:32:50 | INFO     | app.api.auth | POST /auth/login | phone='8667540547'
2026-03-29 14:32:50 | INFO     | app.services.auth_service | JWT token created for farmer_id=1
2026-03-29 14:32:50 | INFO     | app.services.auth_service | Farmer logged in → id=1 phone='8667540547'
2026-03-29 14:53:47 | INFO     | app.main | AgroGuard-AI shutting down gracefully.
2026-03-29 20:01:31 | INFO     | app.models.model_loader | Creating ModelLoader singleton (path=saved_models/agroguard_banana_convnext_small.pth)
2026-03-29 20:01:33 | INFO     | app.models.model_loader | Loading banana model weights from 'saved_models/agroguard_banana_convnext_small.pth' on cuda
2026-03-29 20:01:34 | INFO     | app.models.model_loader | Banana disease model loaded successfully (7 classes).
2026-03-29 20:01:38 | INFO     | app.main | ╔══════════════════════════════════════════════╗
2026-03-29 20:01:38 | INFO     | app.main | ║  AgroGuard-AI STARTING  ║
2026-03-29 20:01:38 | INFO     | app.main | ╚══════════════════════════════════════════════╝
2026-03-29 20:01:38 | INFO     | app.database.db | Database tables created / verified.
2026-03-29 20:01:38 | INFO     | app.main | ✓ Database tables ready.
2026-03-29 20:01:38 | INFO     | app.main | ✓ Banana disease model loaded and ready.
2026-03-29 20:01:38 | INFO     | app.main | ✓ AgroGuard-AI is ready → base URL: /api/v1
2026-03-29 20:08:15 | INFO     | app.api.auth | POST /auth/login | phone='8667540547'
2026-03-29 20:08:15 | INFO     | app.services.auth_service | JWT token created for farmer_id=1
2026-03-29 20:08:15 | INFO     | app.services.auth_service | Farmer logged in → id=1 phone='8667540547'
2026-03-29 20:08:30 | INFO     | app.api.routes | POST /predict | farmer_id=1 phone='8667540547' file='image.jpg' lat=None lng=None language='english' (resolved from 'en')
2026-03-29 20:08:30 | INFO     | app.services.prediction_service | ── Prediction Pipeline START (farmer_id=1, language=english) ──
2026-03-29 20:08:30 | INFO     | app.services.prediction_service | Step 1 ✓ Image validated
2026-03-29 20:08:33 | INFO     | app.services.prediction_service | Step 2 ✓ Preprocessed → (1, 3, 224, 224)
2026-03-29 20:08:35 | INFO     | app.models.disease_classifier | Prediction → 'Banana - Panama Disease (Fusarium Wilt)' confidence=1.0000 ✓
2026-03-29 20:08:35 | INFO     | app.services.prediction_service | Step 3 ✓ Disease='Banana - Panama Disease (Fusarium Wilt)' Confidence=1.0000 is_confident=True is_banana=True
2026-03-29 20:08:35 | INFO     | app.models.severity_estimator | Disease 'Banana - Panama Disease (Fusarium Wilt)' is always treated as High severity.
2026-03-29 20:08:35 | INFO     | app.services.prediction_service | Step 4 ✓ Severity=High
2026-03-29 20:08:35 | INFO     | app.services.advisory_service | ICAR KB matched keyword='panama' severity='High'
2026-03-29 20:08:35 | INFO     | app.services.advisory_service | ICAR KB advisory — disease='Banana - Panama Disease (Fusarium Wilt)' severity='High'
2026-03-29 20:08:35 | INFO     | app.services.prediction_service | Step 5 ✓ Advisory generated (2432 chars) in language='english'
2026-03-29 20:08:35 | INFO     | app.services.location_service | No GPS — returning default ICAR-NRCB centre.
2026-03-29 20:08:35 | INFO     | app.services.prediction_service | Step 6 ✓ Nearest centre: ICAR-NRCB (National Research Centre for Banana) — Trichy, Tamil Nadu (0.0 km away) | 0431-2616214
2026-03-29 20:08:35 | INFO     | app.database.crud | Prediction saved → id=73 farmer_id=1 disease='Banana - Panama Disease (Fusarium Wilt)'
2026-03-29 20:08:35 | INFO     | app.services.prediction_service | Step 7 ✓ Saved to database
2026-03-29 20:08:35 | INFO     | app.services.prediction_service | ── Prediction Pipeline COMPLETE → Banana - Panama Disease (Fusarium Wilt) | High | 100.00% | lang=english ──
2026-03-29 20:18:31 | INFO     | app.main | AgroGuard-AI shutting down gracefully.
2026-03-31 14:37:16 | INFO     | app.models.model_loader | Creating ModelLoader singleton (path=saved_models/agroguard_banana_convnext_small.pth)
2026-03-31 14:37:18 | INFO     | app.models.model_loader | Loading banana model weights from 'saved_models/agroguard_banana_convnext_small.pth' on cuda
2026-03-31 14:37:18 | INFO     | app.models.model_loader | Banana disease model loaded successfully (7 classes).
2026-03-31 14:37:24 | INFO     | app.main | ╔══════════════════════════════════════════════╗
2026-03-31 14:37:24 | INFO     | app.main | ║  AgroGuard-AI STARTING  ║
2026-03-31 14:37:24 | INFO     | app.main | ╚══════════════════════════════════════════════╝
2026-03-31 14:37:24 | INFO     | app.database.db | Database tables created / verified.
2026-03-31 14:37:24 | INFO     | app.main | ✓ Database tables ready.
2026-03-31 14:37:24 | INFO     | app.main | ✓ Banana disease model loaded and ready.
2026-03-31 14:37:24 | INFO     | app.main | ✓ AgroGuard-AI is ready → base URL: /api/v1
2026-03-31 14:37:55 | INFO     | app.api.auth | POST /auth/login | phone='8667540547'
2026-03-31 14:37:56 | INFO     | app.services.auth_service | JWT token created for farmer_id=1
2026-03-31 14:37:56 | INFO     | app.services.auth_service | Farmer logged in → id=1 phone='8667540547'
2026-03-31 14:38:45 | INFO     | app.api.routes | POST /predict | farmer_id=1 phone='8667540547' file='image.jpg' lat=None lng=None language='tamil' (resolved from 'ta')
2026-03-31 14:38:45 | INFO     | app.services.prediction_service | ── Prediction Pipeline START (farmer_id=1 language=tamil) ──
2026-03-31 14:38:45 | INFO     | app.services.prediction_service | Step 1 ✓ Image validated
2026-03-31 14:39:25 | INFO     | app.services.prediction_service | Step 2 ✓ Preprocessed → (1, 3, 224, 224)
2026-03-31 14:39:27 | INFO     | app.models.disease_classifier | Prediction → 'Banana - Black Sigatoka' confidence=0.9662 ✓
2026-03-31 14:39:27 | INFO     | app.services.prediction_service | Step 3 ✓ Disease='Banana - Black Sigatoka' Confidence=0.9662 is_confident=True is_banana=True
2026-03-31 14:39:27 | INFO     | app.models.severity_estimator | Severity estimated → High (disease='Banana - Black Sigatoka', confidence=0.9662)
2026-03-31 14:39:27 | INFO     | app.services.prediction_service | Step 4 ✓ Severity=High
2026-03-31 14:39:27 | INFO     | app.services.advisory_service | Regional KB advisory — disease='Banana - Black Sigatoka' severity='High' language='tamil'
2026-03-31 14:39:27 | INFO     | app.services.prediction_service | Step 5 ✓ Advisory generated (691 chars) language='tamil'
2026-03-31 14:39:27 | INFO     | app.services.location_service | No GPS — returning default ICAR-NRCB centre.
2026-03-31 14:39:27 | INFO     | app.services.prediction_service | Step 6 ✓ Found 1 nearby centres
2026-03-31 14:39:27 | INFO     | app.api.routes | POST /predict | farmer_id=1 phone='8667540547' file='image.jpg' lat=11.378327000000002 lng=79.696129 language='tamil' (resolved from 'ta')
2026-03-31 14:39:27 | INFO     | app.services.prediction_service | ── Prediction Pipeline START (farmer_id=1 language=tamil) ──
2026-03-31 14:39:27 | INFO     | app.services.prediction_service | Step 1 ✓ Image validated
2026-03-31 14:39:29 | INFO     | app.services.prediction_service | Step 2 ✓ Preprocessed → (1, 3, 224, 224)
2026-03-31 14:39:29 | INFO     | app.models.disease_classifier | Prediction → 'Banana - Black Sigatoka' confidence=1.0000 ✓
2026-03-31 14:39:29 | INFO     | app.services.prediction_service | Step 3 ✓ Disease='Banana - Black Sigatoka' Confidence=1.0000 is_confident=True is_banana=True
2026-03-31 14:39:29 | INFO     | app.models.severity_estimator | Severity estimated → High (disease='Banana - Black Sigatoka', confidence=1.0000)
2026-03-31 14:39:29 | INFO     | app.services.prediction_service | Step 4 ✓ Severity=High
2026-03-31 14:39:29 | INFO     | app.services.advisory_service | Regional KB advisory — disease='Banana - Black Sigatoka' severity='High' language='tamil'
2026-03-31 14:39:29 | INFO     | app.services.prediction_service | Step 5 ✓ Advisory generated (691 chars) language='tamil'
2026-03-31 14:39:40 | INFO     | app.services.location_service | Geoapify returned 5 centres
2026-03-31 14:39:40 | INFO     | app.services.prediction_service | Step 6 ✓ Found 5 nearby centres
2026-03-31 14:39:40 | INFO     | app.database.crud | Prediction saved → id=74 farmer_id=1 disease='Banana - Black Sigatoka'
2026-03-31 14:39:40 | INFO     | app.services.prediction_service | Step 7 ✓ Saved to database
2026-03-31 14:39:40 | INFO     | app.services.prediction_service | ── Prediction Pipeline COMPLETE → Banana - Black Sigatoka | High | 96.62% | lang=tamil ──
2026-03-31 14:39:40 | INFO     | app.database.crud | Prediction saved → id=75 farmer_id=1 disease='Banana - Black Sigatoka'
2026-03-31 14:39:40 | INFO     | app.services.prediction_service | Step 7 ✓ Saved to database
2026-03-31 14:39:40 | INFO     | app.services.prediction_service | ── Prediction Pipeline COMPLETE → Banana - Black Sigatoka | High | 100.00% | lang=tamil ──
2026-03-31 14:40:08 | INFO     | app.api.routes | POST /predict | farmer_id=1 phone='8667540547' file='image.jpg' lat=11.378327000000002 lng=79.696129 language='tamil' (resolved from 'ta')
2026-03-31 14:40:08 | INFO     | app.services.prediction_service | ── Prediction Pipeline START (farmer_id=1 language=tamil) ──
2026-03-31 14:40:08 | INFO     | app.services.prediction_service | Step 1 ✓ Image validated
2026-03-31 14:40:09 | INFO     | app.services.prediction_service | Step 2 ✓ Preprocessed → (1, 3, 224, 224)
2026-03-31 14:40:09 | INFO     | app.models.disease_classifier | Prediction → 'Banana - Black Sigatoka' confidence=1.0000 ✓
2026-03-31 14:40:09 | INFO     | app.services.prediction_service | Step 3 ✓ Disease='Banana - Black Sigatoka' Confidence=1.0000 is_confident=True is_banana=True
2026-03-31 14:40:09 | INFO     | app.models.severity_estimator | Severity estimated → High (disease='Banana - Black Sigatoka', confidence=1.0000)
2026-03-31 14:40:09 | INFO     | app.services.prediction_service | Step 4 ✓ Severity=High
2026-03-31 14:40:09 | INFO     | app.services.advisory_service | Regional KB advisory — disease='Banana - Black Sigatoka' severity='High' language='tamil'
2026-03-31 14:40:09 | INFO     | app.services.prediction_service | Step 5 ✓ Advisory generated (691 chars) language='tamil'
2026-03-31 14:40:19 | INFO     | app.services.location_service | Geoapify returned 5 centres
2026-03-31 14:40:19 | INFO     | app.services.prediction_service | Step 6 ✓ Found 5 nearby centres
2026-03-31 14:40:20 | INFO     | app.database.crud | Prediction saved → id=76 farmer_id=1 disease='Banana - Black Sigatoka'
2026-03-31 14:40:20 | INFO     | app.services.prediction_service | Step 7 ✓ Saved to database
2026-03-31 14:40:20 | INFO     | app.services.prediction_service | ── Prediction Pipeline COMPLETE → Banana - Black Sigatoka | High | 100.00% | lang=tamil ──
2026-03-31 15:07:10 | INFO     | app.api.routes | POST /predict | farmer_id=1 phone='8667540547' file='image.jpg' lat=11.378327000000002 lng=79.696129 language='english' (resolved from 'en')
2026-03-31 15:07:10 | INFO     | app.services.prediction_service | ── Prediction Pipeline START (farmer_id=1 language=english) ──
2026-03-31 15:07:10 | INFO     | app.services.prediction_service | Step 1 ✓ Image validated
2026-03-31 15:07:12 | INFO     | app.services.prediction_service | Step 2 ✓ Preprocessed → (1, 3, 224, 224)
2026-03-31 15:07:13 | INFO     | app.models.disease_classifier | Prediction → 'Banana - Black Sigatoka' confidence=1.0000 ✓
2026-03-31 15:07:13 | INFO     | app.services.prediction_service | Step 3 ✓ Disease='Banana - Black Sigatoka' Confidence=1.0000 is_confident=True is_banana=True
2026-03-31 15:07:13 | INFO     | app.models.severity_estimator | Severity estimated → High (disease='Banana - Black Sigatoka', confidence=1.0000)
2026-03-31 15:07:13 | INFO     | app.services.prediction_service | Step 4 ✓ Severity=High
2026-03-31 15:07:13 | INFO     | app.services.advisory_service | ICAR KB matched keyword='black sigatoka' severity='High'
2026-03-31 15:07:13 | INFO     | app.services.advisory_service | ICAR KB advisory — disease='Banana - Black Sigatoka' severity='High'
2026-03-31 15:07:13 | INFO     | app.services.prediction_service | Step 5 ✓ Advisory generated (2143 chars) language='english'
2026-03-31 15:07:23 | INFO     | app.services.location_service | Geoapify returned 5 centres
2026-03-31 15:07:23 | INFO     | app.services.prediction_service | Step 6 ✓ Found 5 nearby centres
2026-03-31 15:07:23 | INFO     | app.database.crud | Prediction saved → id=77 farmer_id=1 disease='Banana - Black Sigatoka'
2026-03-31 15:07:23 | INFO     | app.services.prediction_service | Step 7 ✓ Saved to database
2026-03-31 15:07:23 | INFO     | app.services.prediction_service | ── Prediction Pipeline COMPLETE → Banana - Black Sigatoka | High | 100.00% | lang=english ──
2026-03-31 15:09:26 | INFO     | app.api.auth | POST /auth/login | phone='8667540547'
2026-03-31 15:09:26 | INFO     | app.services.auth_service | JWT token created for farmer_id=1
2026-03-31 15:09:26 | INFO     | app.services.auth_service | Farmer logged in → id=1 phone='8667540547'
2026-03-31 15:09:56 | INFO     | app.api.routes | POST /predict | farmer_id=1 phone='8667540547' file='OIP (3).webp' lat=-90.0 lng=-180.0 language='english' (resolved from 'english')
2026-03-31 15:09:56 | INFO     | app.services.prediction_service | ── Prediction Pipeline START (farmer_id=1 language=english) ──
2026-03-31 15:09:56 | INFO     | app.services.prediction_service | Step 1 ✓ Image validated
2026-03-31 15:09:57 | INFO     | app.services.prediction_service | Step 2 ✓ Preprocessed → (1, 3, 224, 224)
2026-03-31 15:09:57 | INFO     | app.models.disease_classifier | Prediction → 'Banana - Healthy' confidence=0.9297 ✓
2026-03-31 15:09:57 | INFO     | app.services.prediction_service | Step 3 ✓ Disease='Banana - Healthy' Confidence=0.9297 is_confident=True is_banana=True
2026-03-31 15:09:57 | INFO     | app.models.severity_estimator | Banana plant is healthy — no severity assigned.
2026-03-31 15:09:57 | INFO     | app.services.prediction_service | Step 4 ✓ Severity=None
2026-03-31 15:09:57 | INFO     | app.services.advisory_service | ICAR KB matched keyword='healthy' severity='None'
2026-03-31 15:09:57 | INFO     | app.services.advisory_service | ICAR KB advisory — disease='Banana - Healthy' severity='None'
2026-03-31 15:09:57 | INFO     | app.services.prediction_service | Step 5 ✓ Advisory generated (1432 chars) language='english'
2026-03-31 15:10:05 | WARNING  | app.services.location_service | Geoapify failed — trying Google Maps backup
2026-03-31 15:10:07 | ERROR    | app.services.location_service | Google Maps API denied: You must enable Billing on the Google Cloud Project at https://console.cloud.google.com/project/_/billing/enable Learn more at https://developers.google.com/maps/gmp-get-started
2026-03-31 15:10:07 | WARNING  | app.services.location_service | Both APIs failed — using hardcoded fallback centres
2026-03-31 15:10:07 | INFO     | app.services.prediction_service | Step 6 ✓ Found 5 nearby centres
2026-03-31 15:10:07 | INFO     | app.database.crud | Prediction saved → id=78 farmer_id=1 disease='Banana - Healthy'
2026-03-31 15:10:07 | INFO     | app.services.prediction_service | Step 7 ✓ Saved to database
2026-03-31 15:10:07 | INFO     | app.services.prediction_service | ── Prediction Pipeline COMPLETE → Banana - Healthy | None | 92.97% | lang=english ──
2026-03-31 15:12:01 | INFO     | app.services.location_service | Geoapify returned 10 centres
2026-03-31 15:21:11 | INFO     | app.main | AgroGuard-AI shutting down gracefully.
2026-03-31 15:21:24 | INFO     | app.models.model_loader | Creating ModelLoader singleton (path=saved_models/agroguard_banana_convnext_small.pth)
2026-03-31 15:21:24 | INFO     | app.models.model_loader | Loading banana model weights from 'saved_models/agroguard_banana_convnext_small.pth' on cuda
2026-03-31 15:21:25 | INFO     | app.models.model_loader | Banana disease model loaded successfully (7 classes).
2026-03-31 15:21:26 | INFO     | app.main | ╔══════════════════════════════════════════════╗
2026-03-31 15:21:26 | INFO     | app.main | ║  AgroGuard-AI STARTING  ║
2026-03-31 15:21:26 | INFO     | app.main | ╚══════════════════════════════════════════════╝
2026-03-31 15:21:26 | INFO     | app.database.db | Database tables created / verified.
2026-03-31 15:21:26 | INFO     | app.main | ✓ Database tables ready.
2026-03-31 15:21:26 | INFO     | app.main | ✓ Banana disease model loaded and ready.
2026-03-31 15:21:26 | INFO     | app.main | ✓ AgroGuard-AI is ready → base URL: /api/v1
2026-03-31 15:22:22 | INFO     | app.api.auth | POST /auth/login | phone='8667540547'
2026-03-31 15:22:23 | INFO     | app.services.auth_service | JWT token created for farmer_id=1
2026-03-31 15:22:23 | INFO     | app.services.auth_service | Farmer logged in → id=1 phone='8667540547'
2026-03-31 15:23:28 | INFO     | app.services.location_service | Returning 5 nearby agriculture offices for GPS (11.3783, 79.6961): ['Chidambaram Agriculture Office', 'Cuddalore District Horticulture Office', 'Cuddalore Agriculture Office', 'KVK Cuddalore', 'KVK Villupuram']
2026-03-31 15:24:42 | INFO     | app.api.routes | POST /predict | farmer_id=1 phone='8667540547' file='image.jpg' lat=None lng=None language='english' (resolved from 'en')
2026-03-31 15:24:42 | INFO     | app.services.prediction_service | ── Prediction Pipeline START (farmer_id=1 language=english) ──
2026-03-31 15:24:42 | INFO     | app.services.prediction_service | Step 1 ✓ Image validated
2026-03-31 15:24:44 | INFO     | app.services.prediction_service | Step 2 ✓ Preprocessed → (1, 3, 224, 224)
2026-03-31 15:24:47 | INFO     | app.models.disease_classifier | Prediction → 'Banana - Panama Disease (Fusarium Wilt)' confidence=1.0000 ✓
2026-03-31 15:24:47 | INFO     | app.services.prediction_service | Step 3 ✓ Disease='Banana - Panama Disease (Fusarium Wilt)' Confidence=1.0000 is_confident=True is_banana=True
2026-03-31 15:24:47 | INFO     | app.models.severity_estimator | Disease 'Banana - Panama Disease (Fusarium Wilt)' is always treated as High severity.
2026-03-31 15:24:47 | INFO     | app.services.prediction_service | Step 4 ✓ Severity=High
2026-03-31 15:24:47 | INFO     | app.services.advisory_service | ICAR KB matched keyword='panama' severity='High'
2026-03-31 15:24:47 | INFO     | app.services.advisory_service | ICAR KB advisory — disease='Banana - Panama Disease (Fusarium Wilt)' severity='High'
2026-03-31 15:24:47 | INFO     | app.services.prediction_service | Step 5 ✓ Advisory generated (2432 chars) language='english'
2026-03-31 15:24:47 | INFO     | app.services.location_service | No GPS — returning default ICAR-NRCB centre
2026-03-31 15:24:47 | INFO     | app.services.prediction_service | Step 6 ✓ Found 1 nearby centres
2026-03-31 15:24:47 | INFO     | app.database.crud | Prediction saved → id=79 farmer_id=1 disease='Banana - Panama Disease (Fusarium Wilt)'
2026-03-31 15:24:47 | INFO     | app.services.prediction_service | Step 7 ✓ Saved to database
2026-03-31 15:24:47 | INFO     | app.services.prediction_service | ── Prediction Pipeline COMPLETE → Banana - Panama Disease (Fusarium Wilt) | High | 100.00% | lang=english ──
2026-03-31 15:26:45 | INFO     | app.api.routes | POST /predict | farmer_id=1 phone='8667540547' file='image.jpg' lat=None lng=None language='english' (resolved from 'en')
2026-03-31 15:26:45 | INFO     | app.services.prediction_service | ── Prediction Pipeline START (farmer_id=1 language=english) ──
2026-03-31 15:26:45 | INFO     | app.services.prediction_service | Step 1 ✓ Image validated
2026-03-31 15:26:46 | INFO     | app.services.prediction_service | Step 2 ✓ Preprocessed → (1, 3, 224, 224)
2026-03-31 15:26:46 | INFO     | app.models.disease_classifier | Prediction → 'Banana - Anthracnose' confidence=0.9705 ✓
2026-03-31 15:26:46 | INFO     | app.services.prediction_service | Step 3 ✓ Disease='Banana - Anthracnose' Confidence=0.9705 is_confident=True is_banana=True
2026-03-31 15:26:46 | INFO     | app.models.severity_estimator | Severity estimated → High (disease='Banana - Anthracnose', confidence=0.9705)
2026-03-31 15:26:46 | INFO     | app.services.prediction_service | Step 4 ✓ Severity=High
2026-03-31 15:26:46 | INFO     | app.services.advisory_service | ICAR KB matched keyword='anthracnose' severity='High'
2026-03-31 15:26:46 | INFO     | app.services.advisory_service | ICAR KB advisory — disease='Banana - Anthracnose' severity='High'
2026-03-31 15:26:46 | INFO     | app.services.prediction_service | Step 5 ✓ Advisory generated (1501 chars) language='english'
2026-03-31 15:26:46 | INFO     | app.services.location_service | No GPS — returning default ICAR-NRCB centre
2026-03-31 15:26:46 | INFO     | app.services.prediction_service | Step 6 ✓ Found 1 nearby centres
2026-03-31 15:26:46 | INFO     | app.database.crud | Prediction saved → id=80 farmer_id=1 disease='Banana - Anthracnose'
2026-03-31 15:26:46 | INFO     | app.services.prediction_service | Step 7 ✓ Saved to database
2026-03-31 15:26:46 | INFO     | app.services.prediction_service | ── Prediction Pipeline COMPLETE → Banana - Anthracnose | High | 97.05% | lang=english ──
2026-03-31 15:27:30 | INFO     | app.main | AgroGuard-AI shutting down gracefully.
2026-04-01 20:17:28 | INFO     | app.models.model_loader | Creating ModelLoader singleton (path=saved_models/agroguard_banana_convnext_v3.pth)
2026-04-01 20:17:30 | INFO     | app.models.model_loader | Loading banana model weights from 'saved_models/agroguard_banana_convnext_v3.pth' on cuda
2026-04-01 20:17:31 | INFO     | app.models.model_loader | Banana disease model loaded successfully (7 classes).
2026-04-01 20:17:34 | INFO     | app.main | ╔══════════════════════════════════════════════╗
2026-04-01 20:17:34 | INFO     | app.main | ║  AgroGuard-AI STARTING  ║
2026-04-01 20:17:34 | INFO     | app.main | ╚══════════════════════════════════════════════╝
2026-04-01 20:17:34 | INFO     | app.database.db | Database tables created / verified.
2026-04-01 20:17:34 | INFO     | app.main | ✓ Database tables ready.
2026-04-01 20:17:34 | INFO     | app.main | ✓ Banana disease model loaded and ready.
2026-04-01 20:17:34 | INFO     | app.main | ✓ AgroGuard-AI is ready → base URL: /api/v1
2026-04-01 20:17:40 | INFO     | app.models.model_loader | Creating ModelLoader singleton (path=saved_models/agroguard_banana_convnext_v3.pth)
2026-04-01 20:17:41 | INFO     | app.models.model_loader | Loading banana model weights from 'saved_models/agroguard_banana_convnext_v3.pth' on cuda
2026-04-01 20:17:41 | INFO     | app.models.model_loader | Banana disease model loaded successfully (7 classes).
2026-04-01 20:17:41 | INFO     | app.main | ╔══════════════════════════════════════════════╗
2026-04-01 20:17:41 | INFO     | app.main | ║  AgroGuard-AI STARTING  ║
2026-04-01 20:17:41 | INFO     | app.main | ╚══════════════════════════════════════════════╝
2026-04-01 20:17:42 | INFO     | app.database.db | Database tables created / verified.
2026-04-01 20:17:42 | INFO     | app.main | ✓ Database tables ready.
2026-04-01 20:17:42 | INFO     | app.main | ✓ Banana disease model loaded and ready.
2026-04-01 20:17:42 | INFO     | app.main | ✓ AgroGuard-AI is ready → base URL: /api/v1
2026-04-01 20:18:28 | INFO     | app.api.auth | POST /auth/login | phone='8667540547'
2026-04-01 20:18:28 | INFO     | app.services.auth_service | JWT token created for farmer_id=1
2026-04-01 20:18:28 | INFO     | app.services.auth_service | Farmer logged in → id=1 phone='8667540547'
2026-04-01 20:19:00 | INFO     | app.api.routes | POST /predict | farmer_id=1 phone='8667540547' file='OIP (4).webp' lat=-90.0 lng=-180.0 language='english' (resolved from 'english')
2026-04-01 20:19:00 | INFO     | app.services.prediction_service | ── Prediction Pipeline START (farmer_id=1 language=english) ──
2026-04-01 20:19:00 | INFO     | app.services.prediction_service | Step 1 ✓ Image validated
2026-04-01 20:19:01 | INFO     | app.services.prediction_service | Step 2 ✓ Preprocessed → (1, 3, 224, 224)
2026-04-01 20:19:02 | INFO     | app.models.disease_classifier | Prediction → 'Banana - Panama Disease (Fusarium Wilt)' confidence=0.8878 ✓
2026-04-01 20:19:02 | INFO     | app.services.prediction_service | Step 3 ✓ Disease='Banana - Panama Disease (Fusarium Wilt)' Confidence=0.8878 is_confident=True is_banana=True
2026-04-01 20:19:02 | INFO     | app.models.severity_estimator | Disease 'Banana - Panama Disease (Fusarium Wilt)' is always treated as High severity.
2026-04-01 20:19:02 | INFO     | app.services.prediction_service | Step 4 ✓ Severity=High
2026-04-01 20:19:02 | INFO     | app.services.advisory_service | ICAR KB matched keyword='panama' severity='High'
2026-04-01 20:19:02 | INFO     | app.services.advisory_service | ICAR KB advisory — disease='Banana - Panama Disease (Fusarium Wilt)' severity='High'
2026-04-01 20:19:02 | INFO     | app.services.prediction_service | Step 5 ✓ Advisory generated (2432 chars) language='english'
2026-04-01 20:19:02 | WARNING  | app.services.location_service | No offices within 500 km — returning ICAR-NRCB default
2026-04-01 20:19:02 | INFO     | app.services.prediction_service | Step 6 ✓ Found 1 nearby centres
2026-04-01 20:19:02 | INFO     | app.database.crud | Prediction saved → id=81 farmer_id=1 disease='Banana - Panama Disease (Fusarium Wilt)'
2026-04-01 20:19:02 | INFO     | app.services.prediction_service | Step 7 ✓ Saved to database
2026-04-01 20:19:02 | INFO     | app.services.prediction_service | ── Prediction Pipeline COMPLETE → Banana - Panama Disease (Fusarium Wilt) | High | 88.78% | lang=english ──
2026-04-01 20:21:08 | INFO     | app.services.location_service | Returning 5 nearby agriculture offices for GPS (11.3982, 79.6954): ['Chidambaram Agriculture Office', 'Cuddalore District Horticulture Office', 'Cuddalore Agriculture Office', 'KVK Cuddalore', 'KVK Villupuram']
2026-04-01 20:21:51 | INFO     | app.main | AgroGuard-AI shutting down gracefully.
2026-04-01 20:27:04 | INFO     | app.models.model_loader | Creating ModelLoader singleton (path=saved_models/agroguard_banana_convnext_v3.pth)
2026-04-01 20:27:05 | INFO     | app.models.model_loader | Loading banana model weights from 'saved_models/agroguard_banana_convnext_v3.pth' on cuda
2026-04-01 20:27:05 | INFO     | app.models.model_loader | Banana disease model loaded successfully (7 classes).
2026-04-01 20:27:05 | INFO     | app.main | ╔══════════════════════════════════════════════╗
2026-04-01 20:27:05 | INFO     | app.main | ║  AgroGuard-AI STARTING  ║
2026-04-01 20:27:05 | INFO     | app.main | ╚══════════════════════════════════════════════╝
2026-04-01 20:27:05 | INFO     | app.database.db | Database tables created / verified.
2026-04-01 20:27:05 | INFO     | app.main | ✓ Database tables ready.
2026-04-01 20:27:05 | INFO     | app.main | ✓ Banana disease model loaded and ready.
2026-04-01 20:27:05 | INFO     | app.main | ✓ AgroGuard-AI is ready → base URL: /api/v1
2026-04-01 20:34:20 | INFO     | app.api.auth | POST /auth/login | phone='8667540547'
2026-04-01 20:35:22 | INFO     | app.api.auth | POST /auth/register | phone='8667540547' name='RAGUL '
2026-04-01 20:35:22 | INFO     | app.services.auth_service | New farmer registered → id=3 name='RAGUL ' phone='8667540547'
2026-04-01 20:35:22 | INFO     | app.services.auth_service | JWT token created for farmer_id=3
2026-04-01 20:35:22 | INFO     | app.services.auth_service | Farmer logged in → id=3 phone='8667540547'
2026-04-01 20:35:37 | INFO     | app.api.routes | POST /predict | farmer_id=3 phone='8667540547' file='image.jpg' lat=None lng=None language='english' (resolved from 'en')
2026-04-01 20:35:37 | INFO     | app.services.prediction_service | ── Prediction Pipeline START (farmer_id=3 language=english) ──
2026-04-01 20:35:37 | INFO     | app.services.prediction_service | Step 1 ✓ Image validated
2026-04-01 20:35:38 | INFO     | app.services.prediction_service | Step 2 ✓ Preprocessed → (1, 3, 224, 224)
2026-04-01 20:35:39 | INFO     | app.models.disease_classifier | Prediction → 'Banana - Black Sigatoka' confidence=0.9050 ✓
2026-04-01 20:35:39 | INFO     | app.services.prediction_service | Step 3 ✓ Disease='Banana - Black Sigatoka' Confidence=0.9050 is_confident=True is_banana=True
2026-04-01 20:35:39 | INFO     | app.models.severity_estimator | Severity estimated → High (disease='Banana - Black Sigatoka', confidence=0.9050)
2026-04-01 20:35:39 | INFO     | app.services.prediction_service | Step 4 ✓ Severity=High
2026-04-01 20:35:39 | INFO     | app.services.advisory_service | ICAR KB matched keyword='black sigatoka' severity='High'
2026-04-01 20:35:39 | INFO     | app.services.advisory_service | ICAR KB advisory — disease='Banana - Black Sigatoka' severity='High'
2026-04-01 20:35:39 | INFO     | app.services.prediction_service | Step 5 ✓ Advisory generated (2143 chars) language='english'
2026-04-01 20:35:39 | INFO     | app.services.location_service | No GPS — returning default ICAR-NRCB centre
2026-04-01 20:35:39 | INFO     | app.services.prediction_service | Step 6 ✓ Found 1 nearby centres
2026-04-01 20:35:39 | INFO     | app.database.crud | Prediction saved → id=82 farmer_id=3 disease='Banana - Black Sigatoka'
2026-04-01 20:35:39 | INFO     | app.services.prediction_service | Step 7 ✓ Saved to database
2026-04-01 20:35:39 | INFO     | app.services.prediction_service | ── Prediction Pipeline COMPLETE → Banana - Black Sigatoka | High | 90.50% | lang=english ──
2026-04-01 20:42:07 | INFO     | app.main | AgroGuard-AI shutting down gracefully.
2026-04-02 09:54:42 | INFO     | app.models.model_loader | Creating ModelLoader singleton (path=saved_models/agroguard_banana_convnext_v3.pth)
2026-04-02 09:54:45 | INFO     | app.models.model_loader | Loading banana model weights from 'saved_models/agroguard_banana_convnext_v3.pth' on cuda
2026-04-02 09:54:46 | INFO     | app.models.model_loader | Banana disease model loaded successfully (7 classes).
2026-04-02 09:54:49 | INFO     | app.main | ╔══════════════════════════════════════════════╗
2026-04-02 09:54:49 | INFO     | app.main | ║  AgroGuard-AI STARTING  ║
2026-04-02 09:54:49 | INFO     | app.main | ╚══════════════════════════════════════════════╝
2026-04-02 09:54:50 | INFO     | app.database.db | Database tables created / verified.
2026-04-02 09:54:50 | INFO     | app.main | ✓ Database tables ready.
2026-04-02 09:54:50 | INFO     | app.main | ✓ Banana disease model loaded and ready.
2026-04-02 09:54:50 | INFO     | app.main | ✓ AgroGuard-AI is ready → base URL: /api/v1
2026-04-02 09:56:29 | INFO     | app.api.auth | POST /auth/login | phone='8667540547'
2026-04-02 09:56:30 | INFO     | app.services.auth_service | JWT token created for farmer_id=3
2026-04-02 09:56:30 | INFO     | app.services.auth_service | Farmer logged in → id=3 phone='8667540547'
2026-04-02 09:57:36 | INFO     | app.api.routes | POST /predict | farmer_id=3 phone='8667540547' file='image.jpg' lat=None lng=None language='english' (resolved from 'en')
2026-04-02 09:57:36 | INFO     | app.services.prediction_service | ── Prediction Pipeline START (farmer_id=3 language=english) ──
2026-04-02 09:57:36 | INFO     | app.services.prediction_service | Step 1 ✓ Image validated
2026-04-02 09:57:39 | INFO     | app.services.prediction_service | Step 2 ✓ Preprocessed → (1, 3, 224, 224)
2026-04-02 09:57:41 | INFO     | app.models.disease_classifier | Prediction → 'Banana - Panama Disease (Fusarium Wilt)' confidence=0.8984 ✓
2026-04-02 09:57:41 | INFO     | app.services.prediction_service | Step 3 ✓ Disease='Banana - Panama Disease (Fusarium Wilt)' Confidence=0.8984 is_confident=True is_banana=True
2026-04-02 09:57:41 | INFO     | app.models.severity_estimator | Disease 'Banana - Panama Disease (Fusarium Wilt)' is always treated as High severity.
2026-04-02 09:57:41 | INFO     | app.services.prediction_service | Step 4 ✓ Severity=High
2026-04-02 09:57:41 | INFO     | app.services.advisory_service | ICAR KB matched keyword='panama' severity='High'
2026-04-02 09:57:41 | INFO     | app.services.advisory_service | ICAR KB advisory — disease='Banana - Panama Disease (Fusarium Wilt)' severity='High'
2026-04-02 09:57:41 | INFO     | app.services.prediction_service | Step 5 ✓ Advisory generated (2432 chars) language='english'
2026-04-02 09:57:41 | INFO     | app.services.location_service | No GPS — returning default ICAR-NRCB centre
2026-04-02 09:57:41 | INFO     | app.services.prediction_service | Step 6 ✓ Found 1 nearby centres
2026-04-02 09:57:41 | INFO     | app.database.crud | Prediction saved → id=83 farmer_id=3 disease='Banana - Panama Disease (Fusarium Wilt)'
2026-04-02 09:57:41 | INFO     | app.services.prediction_service | Step 7 ✓ Saved to database
2026-04-02 09:57:41 | INFO     | app.services.prediction_service | ── Prediction Pipeline COMPLETE → Banana - Panama Disease (Fusarium Wilt) | High | 89.84% | lang=english ──
2026-04-02 09:58:44 | INFO     | app.api.speech | POST /speech/transcribe | file='recording.wav' lang='None'
2026-04-02 09:58:44 | INFO     | app.services.speech_service | Whisper transcription started | lang_hint='None' | size=2116 bytes
2026-04-02 09:58:44 | INFO     | app.services.speech_service | Loading Whisper medium model... (first run downloads ~1.5 GB — please wait)
2026-04-02 09:59:01 | INFO     | app.services.speech_service | ✓ Whisper medium model loaded successfully.
2026-04-02 09:59:16 | INFO     | app.services.speech_service | Whisper complete | detected_lang='en' | text=''
2026-04-02 09:59:24 | INFO     | app.api.speech | POST /speech/transcribe | file='recording.wav' lang='None'
2026-04-02 09:59:24 | INFO     | app.services.speech_service | Whisper transcription started | lang_hint='None' | size=1738 bytes
2026-04-02 09:59:32 | INFO     | app.services.speech_service | Whisper complete | detected_lang='en' | text='Thank you.'
2026-04-02 10:00:36 | INFO     | app.api.routes | POST /predict | farmer_id=3 phone='8667540547' file='image.jpg' lat=None lng=None language='english' (resolved from 'en')
2026-04-02 10:00:36 | INFO     | app.services.prediction_service | ── Prediction Pipeline START (farmer_id=3 language=english) ──
2026-04-02 10:00:36 | INFO     | app.services.prediction_service | Step 1 ✓ Image validated
2026-04-02 10:00:36 | INFO     | app.services.prediction_service | Step 2 ✓ Preprocessed → (1, 3, 224, 224)
2026-04-02 10:00:36 | INFO     | app.models.disease_classifier | Prediction → 'Banana - Bunchy Top Virus (BBTV)' confidence=0.9025 ✓
2026-04-02 10:00:36 | INFO     | app.services.prediction_service | Step 3 ✓ Disease='Banana - Bunchy Top Virus (BBTV)' Confidence=0.9025 is_confident=True is_banana=True
2026-04-02 10:00:36 | INFO     | app.models.severity_estimator | Disease 'Banana - Bunchy Top Virus (BBTV)' is always treated as High severity.
2026-04-02 10:00:36 | INFO     | app.services.prediction_service | Step 4 ✓ Severity=High
2026-04-02 10:00:36 | INFO     | app.services.advisory_service | ICAR KB matched keyword='bunchy' severity='High'
2026-04-02 10:00:36 | INFO     | app.services.advisory_service | ICAR KB advisory — disease='Banana - Bunchy Top Virus (BBTV)' severity='High'
2026-04-02 10:00:36 | INFO     | app.services.prediction_service | Step 5 ✓ Advisory generated (1453 chars) language='english'
2026-04-02 10:00:36 | INFO     | app.services.location_service | No GPS — returning default ICAR-NRCB centre
2026-04-02 10:00:36 | INFO     | app.services.prediction_service | Step 6 ✓ Found 1 nearby centres
2026-04-02 10:00:37 | INFO     | app.database.crud | Prediction saved → id=84 farmer_id=3 disease='Banana - Bunchy Top Virus (BBTV)'
2026-04-02 10:00:37 | INFO     | app.services.prediction_service | Step 7 ✓ Saved to database
2026-04-02 10:00:37 | INFO     | app.services.prediction_service | ── Prediction Pipeline COMPLETE → Banana - Bunchy Top Virus (BBTV) | High | 90.25% | lang=english ──
2026-04-02 22:08:45 | INFO     | app.models.model_loader | Creating ModelLoader singleton (path=saved_models/agroguard_banana_convnext_v3.pth)
2026-04-02 22:08:47 | INFO     | app.models.model_loader | Loading banana model weights from 'saved_models/agroguard_banana_convnext_v3.pth' on cuda
2026-04-02 22:08:47 | INFO     | app.models.model_loader | Banana disease model loaded successfully (7 classes).
2026-04-02 22:08:52 | INFO     | app.main | ╔══════════════════════════════════════════════╗
2026-04-02 22:08:52 | INFO     | app.main | ║  AgroGuard-AI STARTING  ║
2026-04-02 22:08:52 | INFO     | app.main | ╚══════════════════════════════════════════════╝
2026-04-02 22:08:53 | INFO     | app.database.db | Database tables created / verified.
2026-04-02 22:08:53 | INFO     | app.main | ✓ Database tables ready.
2026-04-02 22:08:53 | INFO     | app.main | ✓ Banana disease model loaded and ready.
2026-04-02 22:08:53 | INFO     | app.main | ✓ AgroGuard-AI is ready → base URL: /api/v1
2026-04-02 22:13:30 | INFO     | app.api.auth | POST /auth/login | phone='8667540547'
2026-04-02 22:13:31 | INFO     | app.services.auth_service | JWT token created for farmer_id=3
2026-04-02 22:13:31 | INFO     | app.services.auth_service | Farmer logged in → id=3 phone='8667540547'
2026-04-02 22:14:10 | INFO     | app.api.routes | POST /predict | farmer_id=3 phone='8667540547' file='WhatsApp Image 2026-03-19 at 2.01.32 PM.jpeg' lat=-90.0 lng=-180.0 language='tamil' (resolved from 'ta')
2026-04-02 22:14:10 | INFO     | app.services.prediction_service | ── Prediction Pipeline START (farmer_id=3 language=tamil) ──
2026-04-02 22:14:10 | INFO     | app.services.prediction_service | Step 1 ✓ Image validated
2026-04-02 22:14:10 | WARNING  | app.api.routes | Validation error: Image is too blurry (score: 20.3). Please take a clearer photo of the banana leaf in good lighting.
2026-04-02 22:14:25 | INFO     | app.api.routes | POST /predict | farmer_id=3 phone='8667540547' file='OIP.jpg' lat=-90.0 lng=-180.0 language='tamil' (resolved from 'ta')
2026-04-02 22:14:25 | INFO     | app.services.prediction_service | ── Prediction Pipeline START (farmer_id=3 language=tamil) ──
2026-04-02 22:14:25 | INFO     | app.services.prediction_service | Step 1 ✓ Image validated
2026-04-02 22:14:27 | INFO     | app.services.prediction_service | Step 2 ✓ Preprocessed → (1, 3, 224, 224)
2026-04-02 22:14:29 | INFO     | app.models.disease_classifier | Prediction → 'Banana - Black Sigatoka' confidence=0.9050 ✓
2026-04-02 22:14:29 | INFO     | app.services.prediction_service | Step 3 ✓ Disease='Banana - Black Sigatoka' Confidence=0.9050 is_confident=True is_banana=True
2026-04-02 22:14:29 | INFO     | app.models.severity_estimator | Severity estimated → High (disease='Banana - Black Sigatoka', confidence=0.9050)
2026-04-02 22:14:29 | INFO     | app.services.prediction_service | Step 4 ✓ Severity=High
2026-04-02 22:14:29 | INFO     | app.services.advisory_service | Regional KB advisory — disease='Banana - Black Sigatoka' severity='High' language='tamil'
2026-04-02 22:14:29 | INFO     | app.services.prediction_service | Step 5 ✓ Advisory generated (691 chars) language='tamil'
2026-04-02 22:14:29 | WARNING  | app.services.location_service | No offices within 500 km — returning ICAR-NRCB default
2026-04-02 22:14:29 | INFO     | app.services.prediction_service | Step 6 ✓ Found 1 nearby centres
2026-04-02 22:14:29 | INFO     | app.database.crud | Prediction saved → id=85 farmer_id=3 disease='Banana - Black Sigatoka'
2026-04-02 22:14:29 | INFO     | app.services.prediction_service | Step 7 ✓ Saved to database
2026-04-02 22:14:29 | INFO     | app.services.prediction_service | ── Prediction Pipeline COMPLETE → Banana - Black Sigatoka | High | 90.50% | lang=tamil ──
2026-04-02 23:25:09 | INFO     | app.api.auth | POST /auth/login | phone='8667540547'
2026-04-02 23:25:09 | INFO     | app.services.auth_service | JWT token created for farmer_id=3
2026-04-02 23:25:09 | INFO     | app.services.auth_service | Farmer logged in → id=3 phone='8667540547'
2026-04-02 23:25:25 | INFO     | app.api.routes | POST /predict | farmer_id=3 phone='8667540547' file='image.jpg' lat=None lng=None language='english' (resolved from 'en')
2026-04-02 23:25:25 | INFO     | app.services.prediction_service | ── Prediction Pipeline START (farmer_id=3 language=english) ──
2026-04-02 23:25:25 | INFO     | app.services.prediction_service | Step 1 ✓ Image validated
2026-04-02 23:25:26 | INFO     | app.services.prediction_service | Step 2 ✓ Preprocessed → (1, 3, 224, 224)
2026-04-02 23:25:27 | INFO     | app.models.disease_classifier | Prediction → 'Banana - Anthracnose' confidence=0.8570 ✓
2026-04-02 23:25:27 | INFO     | app.services.prediction_service | Step 3 ✓ Disease='Banana - Anthracnose' Confidence=0.8570 is_confident=True is_banana=True
2026-04-02 23:25:27 | INFO     | app.models.severity_estimator | Severity estimated → High (disease='Banana - Anthracnose', confidence=0.8570)
2026-04-02 23:25:27 | INFO     | app.services.prediction_service | Step 4 ✓ Severity=High
2026-04-02 23:25:27 | INFO     | app.services.advisory_service | ICAR KB matched keyword='anthracnose' severity='High'
2026-04-02 23:25:27 | INFO     | app.services.advisory_service | ICAR KB advisory — disease='Banana - Anthracnose' severity='High'
2026-04-02 23:25:27 | INFO     | app.services.prediction_service | Step 5 ✓ Advisory generated (1501 chars) language='english'
2026-04-02 23:25:27 | INFO     | app.services.location_service | No GPS — returning default ICAR-NRCB centre
2026-04-02 23:25:27 | INFO     | app.services.prediction_service | Step 6 ✓ Found 1 nearby centres
2026-04-02 23:25:27 | INFO     | app.database.crud | Prediction saved → id=86 farmer_id=3 disease='Banana - Anthracnose'
2026-04-02 23:25:27 | INFO     | app.services.prediction_service | Step 7 ✓ Saved to database
2026-04-02 23:25:27 | INFO     | app.services.prediction_service | ── Prediction Pipeline COMPLETE → Banana - Anthracnose | High | 85.70% | lang=english ──
2026-04-02 23:26:31 | INFO     | app.main | AgroGuard-AI shutting down gracefully.
2026-04-02 23:26:59 | INFO     | app.models.model_loader | Creating ModelLoader singleton (path=saved_models/agroguard_banana_convnext_v3.pth)
2026-04-02 23:26:59 | INFO     | app.models.model_loader | Loading banana model weights from 'saved_models/agroguard_banana_convnext_v3.pth' on cuda
2026-04-02 23:27:00 | INFO     | app.models.model_loader | Banana disease model loaded successfully (7 classes).
2026-04-02 23:27:04 | INFO     | app.main | ╔══════════════════════════════════════════════╗
2026-04-02 23:27:04 | INFO     | app.main | ║  AgroGuard-AI STARTING  ║
2026-04-02 23:27:04 | INFO     | app.main | ╚══════════════════════════════════════════════╝
2026-04-02 23:27:05 | INFO     | app.database.db | Database tables created / verified.
2026-04-02 23:27:05 | INFO     | app.main | ✓ Database tables ready.
2026-04-02 23:27:05 | INFO     | app.main | ✓ Banana disease model loaded and ready.
2026-04-02 23:27:05 | INFO     | app.main | ✓ AgroGuard-AI is ready → base URL: /api/v1
2026-04-02 23:28:12 | INFO     | app.api.auth | POST /auth/login | phone='8667540547'
2026-04-02 23:28:13 | INFO     | app.services.auth_service | JWT token created for farmer_id=3
2026-04-02 23:28:13 | INFO     | app.services.auth_service | Farmer logged in → id=3 phone='8667540547'
2026-04-02 23:28:53 | INFO     | app.api.routes | POST /predict | farmer_id=3 phone='8667540547' file='Logo_20260328_120349_0000-Photoroom.png' lat=-90.0 lng=-180.0 language='english' (resolved from 'english')
2026-04-02 23:28:53 | INFO     | app.services.prediction_service | ── Prediction Pipeline START (farmer_id=3 language=english) ──
2026-04-02 23:28:53 | INFO     | app.services.prediction_service | Step 1 ✓ Image validated
2026-04-02 23:28:55 | INFO     | app.services.prediction_service | Step 2 ✓ Preprocessed → (1, 3, 224, 224)
2026-04-02 23:28:56 | INFO     | app.models.disease_classifier | Prediction → 'Banana - Black Sigatoka' confidence=0.8656 ✓
2026-04-02 23:28:56 | INFO     | app.services.prediction_service | Step 3 ✓ Disease='Banana - Black Sigatoka' Confidence=0.8656 is_confident=True is_banana=True
2026-04-02 23:28:56 | INFO     | app.models.severity_estimator | Severity estimated → High (disease='Banana - Black Sigatoka', confidence=0.8656)
2026-04-02 23:28:56 | INFO     | app.services.prediction_service | Step 4 ✓ Severity=High
2026-04-02 23:28:56 | INFO     | app.services.advisory_service | ICAR KB matched keyword='black sigatoka' severity='High'
2026-04-02 23:28:56 | INFO     | app.services.advisory_service | ICAR KB advisory — disease='Banana - Black Sigatoka' severity='High'
2026-04-02 23:28:56 | INFO     | app.services.prediction_service | Step 5 ✓ Advisory generated (2143 chars) language='english'
2026-04-02 23:28:57 | WARNING  | app.services.location_service | No offices within 500 km — returning ICAR-NRCB default
2026-04-02 23:28:57 | INFO     | app.services.prediction_service | Step 6 ✓ Found 1 nearby centres
2026-04-02 23:28:57 | INFO     | app.database.crud | Prediction saved → id=87 farmer_id=3 disease='Banana - Black Sigatoka'
2026-04-02 23:28:57 | INFO     | app.services.prediction_service | Step 7 ✓ Saved to database
2026-04-02 23:28:57 | INFO     | app.services.prediction_service | ── Prediction Pipeline COMPLETE → Banana - Black Sigatoka | High | 86.56% | lang=english ──
2026-04-02 23:29:22 | INFO     | app.api.routes | POST /predict | farmer_id=3 phone='8667540547' file='IMG_20260310_223945_424.webp' lat=-90.0 lng=-180.0 language='english' (resolved from 'english')
2026-04-02 23:29:22 | INFO     | app.services.prediction_service | ── Prediction Pipeline START (farmer_id=3 language=english) ──
2026-04-02 23:29:22 | INFO     | app.services.prediction_service | Step 1 ✓ Image validated
2026-04-02 23:29:23 | WARNING  | app.api.routes | Validation error: Image is too blurry (score: 14.8). Please take a clearer photo of the banana leaf in good lighting.
2026-04-02 23:29:37 | INFO     | app.api.routes | POST /predict | farmer_id=3 phone='8667540547' file='1.jpg' lat=-90.0 lng=-180.0 language='english' (resolved from 'english')
2026-04-02 23:29:37 | INFO     | app.services.prediction_service | ── Prediction Pipeline START (farmer_id=3 language=english) ──
2026-04-02 23:29:37 | INFO     | app.services.prediction_service | Step 1 ✓ Image validated
2026-04-02 23:31:59 | INFO     | app.services.prediction_service | Step 2 ✓ Preprocessed → (1, 3, 224, 224)
2026-04-02 23:31:59 | INFO     | app.models.disease_classifier | Prediction → 'Banana - Healthy' confidence=0.9015 ✓
2026-04-02 23:31:59 | INFO     | app.services.prediction_service | Step 3 ✓ Disease='Banana - Healthy' Confidence=0.9015 is_confident=True is_banana=True
2026-04-02 23:31:59 | INFO     | app.models.severity_estimator | Banana plant is healthy — no severity assigned.
2026-04-02 23:31:59 | INFO     | app.services.prediction_service | Step 4 ✓ Severity=None
2026-04-02 23:31:59 | INFO     | app.services.advisory_service | ICAR KB matched keyword='healthy' severity='None'
2026-04-02 23:31:59 | INFO     | app.services.advisory_service | ICAR KB advisory — disease='Banana - Healthy' severity='None'
2026-04-02 23:31:59 | INFO     | app.services.prediction_service | Step 5 ✓ Advisory generated (1432 chars) language='english'
2026-04-02 23:31:59 | WARNING  | app.services.location_service | No offices within 500 km — returning ICAR-NRCB default
2026-04-02 23:31:59 | INFO     | app.services.prediction_service | Step 6 ✓ Found 1 nearby centres
2026-04-02 23:31:59 | INFO     | app.api.routes | POST /predict | farmer_id=3 phone='8667540547' file='512px-Csi_logo_india.png' lat=-90.0 lng=-180.0 language='english' (resolved from 'english')
2026-04-02 23:31:59 | INFO     | app.services.prediction_service | ── Prediction Pipeline START (farmer_id=3 language=english) ──
2026-04-02 23:31:59 | INFO     | app.services.prediction_service | Step 1 ✓ Image validated
2026-04-02 23:32:00 | INFO     | app.services.prediction_service | Step 2 ✓ Preprocessed → (1, 3, 224, 224)
2026-04-02 23:32:00 | INFO     | app.models.disease_classifier | Prediction → 'Banana - Panama Disease (Fusarium Wilt)' confidence=0.9013 ✓
2026-04-02 23:32:00 | INFO     | app.services.prediction_service | Step 3 ✓ Disease='Banana - Panama Disease (Fusarium Wilt)' Confidence=0.9013 is_confident=True is_banana=True
2026-04-02 23:32:00 | INFO     | app.models.severity_estimator | Disease 'Banana - Panama Disease (Fusarium Wilt)' is always treated as High severity.
2026-04-02 23:32:00 | INFO     | app.services.prediction_service | Step 4 ✓ Severity=High
2026-04-02 23:32:00 | INFO     | app.services.advisory_service | ICAR KB matched keyword='panama' severity='High'
2026-04-02 23:32:00 | INFO     | app.services.advisory_service | ICAR KB advisory — disease='Banana - Panama Disease (Fusarium Wilt)' severity='High'
2026-04-02 23:32:00 | INFO     | app.services.prediction_service | Step 5 ✓ Advisory generated (2432 chars) language='english'
2026-04-02 23:32:00 | WARNING  | app.services.location_service | No offices within 500 km — returning ICAR-NRCB default
2026-04-02 23:32:00 | INFO     | app.services.prediction_service | Step 6 ✓ Found 1 nearby centres
2026-04-02 23:32:00 | INFO     | app.database.crud | Prediction saved → id=88 farmer_id=3 disease='Banana - Healthy'
2026-04-02 23:32:00 | INFO     | app.services.prediction_service | Step 7 ✓ Saved to database
2026-04-02 23:32:00 | INFO     | app.services.prediction_service | ── Prediction Pipeline COMPLETE → Banana - Healthy | None | 90.15% | lang=english ──
2026-04-02 23:32:00 | INFO     | app.database.crud | Prediction saved → id=89 farmer_id=3 disease='Banana - Panama Disease (Fusarium Wilt)'
2026-04-02 23:32:00 | INFO     | app.services.prediction_service | Step 7 ✓ Saved to database
2026-04-02 23:32:00 | INFO     | app.services.prediction_service | ── Prediction Pipeline COMPLETE → Banana - Panama Disease (Fusarium Wilt) | High | 90.13% | lang=english ──
2026-04-02 23:36:44 | INFO     | app.main | AgroGuard-AI shutting down gracefully.
2026-04-02 23:36:59 | INFO     | app.models.model_loader | Creating ModelLoader singleton (path=saved_models/agroguard_banana_convnext_small.pth)
2026-04-02 23:37:00 | INFO     | app.models.model_loader | Loading banana model weights from 'saved_models/agroguard_banana_convnext_small.pth' on cuda
2026-04-02 23:37:00 | INFO     | app.models.model_loader | Banana disease model loaded successfully (7 classes).
2026-04-02 23:37:01 | INFO     | app.main | ╔══════════════════════════════════════════════╗
2026-04-02 23:37:01 | INFO     | app.main | ║  AgroGuard-AI STARTING  ║
2026-04-02 23:37:01 | INFO     | app.main | ╚══════════════════════════════════════════════╝
2026-04-02 23:37:01 | INFO     | app.database.db | Database tables created / verified.
2026-04-02 23:37:01 | INFO     | app.main | ✓ Database tables ready.
2026-04-02 23:37:01 | INFO     | app.main | ✓ Banana disease model loaded and ready.
2026-04-02 23:37:01 | INFO     | app.main | ✓ AgroGuard-AI is ready → base URL: /api/v1
2026-04-02 23:37:40 | INFO     | app.api.auth | POST /auth/login | phone='8667540547'
2026-04-02 23:37:41 | INFO     | app.services.auth_service | JWT token created for farmer_id=3
2026-04-02 23:37:41 | INFO     | app.services.auth_service | Farmer logged in → id=3 phone='8667540547'
2026-04-02 23:38:28 | INFO     | app.api.routes | POST /predict | farmer_id=3 phone='8667540547' file='images-removebg-preview.png' lat=-90.0 lng=-180.0 language='english' (resolved from 'english')
2026-04-02 23:38:28 | INFO     | app.services.prediction_service | ── Prediction Pipeline START (farmer_id=3 language=english) ──
2026-04-02 23:38:28 | INFO     | app.services.prediction_service | Step 1 ✓ Image validated
2026-04-02 23:38:29 | INFO     | app.services.prediction_service | Step 2 ✓ Preprocessed → (1, 3, 224, 224)
2026-04-02 23:38:29 | INFO     | app.models.disease_classifier | Prediction → 'Banana - Healthy' confidence=1.0000 ✓
2026-04-02 23:38:29 | INFO     | app.services.prediction_service | Step 3 ✓ Disease='Banana - Healthy' Confidence=1.0000 is_confident=True is_banana=True
2026-04-02 23:38:29 | INFO     | app.models.severity_estimator | Banana plant is healthy — no severity assigned.
2026-04-02 23:38:29 | INFO     | app.services.prediction_service | Step 4 ✓ Severity=None
2026-04-02 23:38:29 | INFO     | app.services.advisory_service | ICAR KB matched keyword='healthy' severity='None'
2026-04-02 23:38:29 | INFO     | app.services.advisory_service | ICAR KB advisory — disease='Banana - Healthy' severity='None'
2026-04-02 23:38:29 | INFO     | app.services.prediction_service | Step 5 ✓ Advisory generated (1432 chars) language='english'
2026-04-02 23:38:29 | WARNING  | app.services.location_service | No offices within 500 km — returning ICAR-NRCB default
2026-04-02 23:38:29 | INFO     | app.services.prediction_service | Step 6 ✓ Found 1 nearby centres
2026-04-02 23:38:30 | INFO     | app.database.crud | Prediction saved → id=90 farmer_id=3 disease='Banana - Healthy'
2026-04-02 23:38:30 | INFO     | app.services.prediction_service | Step 7 ✓ Saved to database
2026-04-02 23:38:30 | INFO     | app.services.prediction_service | ── Prediction Pipeline COMPLETE → Banana - Healthy | None | 100.00% | lang=english ──
2026-04-02 23:38:39 | INFO     | app.main | AgroGuard-AI shutting down gracefully.
2026-04-03 15:12:40 | INFO     | app.models.model_loader | Creating ModelLoader singleton (path=saved_models/agroguard_banana_convnext_small.pth)
2026-04-03 15:12:43 | INFO     | app.models.model_loader | Loading banana model weights from 'saved_models/agroguard_banana_convnext_small.pth' on cuda
2026-04-03 15:12:44 | INFO     | app.models.model_loader | Banana disease model loaded successfully (7 classes).
2026-04-03 15:12:49 | INFO     | app.main | ╔══════════════════════════════════════════════╗
2026-04-03 15:12:49 | INFO     | app.main | ║  AgroGuard-AI STARTING  ║
2026-04-03 15:12:49 | INFO     | app.main | ╚══════════════════════════════════════════════╝
2026-04-03 15:12:49 | INFO     | app.database.db | Database tables created / verified.
2026-04-03 15:12:49 | INFO     | app.main | ✓ Database tables ready.
2026-04-03 15:12:49 | INFO     | app.main | ✓ Banana disease model loaded and ready.
2026-04-03 15:12:49 | INFO     | app.main | ✓ AgroGuard-AI is ready → base URL: /api/v1
2026-04-03 15:15:22 | INFO     | app.api.auth | POST /auth/login | phone='8667540547'
2026-04-03 15:15:23 | INFO     | app.services.auth_service | JWT token created for farmer_id=3
2026-04-03 15:15:23 | INFO     | app.services.auth_service | Farmer logged in → id=3 phone='8667540547'
2026-04-03 15:16:26 | INFO     | app.api.routes | POST /predict | farmer_id=3 phone='8667540547' file='Logo_20260328_120349_0000-Photoroom.png' lat=-90.0 lng=-180.0 language='english' (resolved from 'english')
2026-04-03 15:16:26 | INFO     | app.services.prediction_service | ── Prediction Pipeline START (farmer_id=3 language=english) ──
2026-04-03 15:16:26 | INFO     | app.services.prediction_service | Default GPS values received — treating as no GPS
2026-04-03 15:16:26 | INFO     | app.services.prediction_service | Step 1 ✓ Image type and size validated
2026-04-03 15:16:26 | WARNING  | app.api.routes | Validation error: This does not appear to be a banana plant image. Please upload a photo of a banana leaf, stem or fruit. (Green pixel ratio: 0.5% — minimum required: 5%)
2026-04-03 15:16:52 | INFO     | app.api.routes | POST /predict | farmer_id=3 phone='8667540547' file='OIP (3).webp' lat=-90.0 lng=-180.0 language='english' (resolved from 'english')
2026-04-03 15:16:52 | INFO     | app.services.prediction_service | ── Prediction Pipeline START (farmer_id=3 language=english) ──
2026-04-03 15:16:52 | INFO     | app.services.prediction_service | Default GPS values received — treating as no GPS
2026-04-03 15:16:52 | INFO     | app.services.prediction_service | Step 1 ✓ Image type and size validated
2026-04-03 15:16:53 | INFO     | app.services.guardrail_service | Plant guardrail ✓ green=68.3% variance=4446 edges=0.194
2026-04-03 15:16:53 | INFO     | app.services.prediction_service | Step 2 ✓ Plant/leaf content validated
2026-04-03 15:16:55 | INFO     | app.services.prediction_service | Step 3 ✓ Preprocessed → (1, 3, 224, 224)
2026-04-03 15:16:58 | INFO     | app.models.disease_classifier | Prediction → 'Banana - Healthy' confidence=0.9297 ✓
2026-04-03 15:16:58 | INFO     | app.services.prediction_service | Step 4 ✓ Disease='Banana - Healthy' Confidence=0.9297 is_confident=True is_banana=True
2026-04-03 15:16:58 | INFO     | app.models.severity_estimator | Banana plant is healthy — no severity assigned.
2026-04-03 15:16:58 | INFO     | app.services.prediction_service | Step 5 ✓ Severity=None
2026-04-03 15:16:58 | INFO     | app.services.advisory_service | ICAR KB matched keyword='healthy' severity='None'
2026-04-03 15:16:58 | INFO     | app.services.advisory_service | ICAR KB advisory — disease='Banana - Healthy' severity='None'
2026-04-03 15:16:58 | INFO     | app.services.prediction_service | Step 6 ✓ Advisory generated (1432 chars) language='english'
2026-04-03 15:16:58 | INFO     | app.services.location_service | No GPS — returning default ICAR-NRCB centre
2026-04-03 15:16:58 | INFO     | app.services.prediction_service | Step 7 ✓ Found 1 nearby centres
2026-04-03 15:16:58 | INFO     | app.database.crud | Prediction saved → id=91 farmer_id=3 disease='Banana - Healthy'
2026-04-03 15:16:58 | INFO     | app.services.prediction_service | Step 8 ✓ Saved to database
2026-04-03 15:16:58 | INFO     | app.services.prediction_service | ── Pipeline COMPLETE → Banana - Healthy | None | 92.97% | lang=english ──
2026-04-03 15:17:15 | INFO     | app.api.routes | POST /predict | farmer_id=3 phone='8667540547' file='OIP (4).webp' lat=-90.0 lng=-180.0 language='english' (resolved from 'english')
2026-04-03 15:17:15 | INFO     | app.services.prediction_service | ── Prediction Pipeline START (farmer_id=3 language=english) ──
2026-04-03 15:17:15 | INFO     | app.services.prediction_service | Default GPS values received — treating as no GPS
2026-04-03 15:17:15 | INFO     | app.services.prediction_service | Step 1 ✓ Image type and size validated
2026-04-03 15:17:15 | INFO     | app.services.guardrail_service | Plant guardrail ✓ green=45.5% variance=5832 edges=0.247
2026-04-03 15:17:15 | INFO     | app.services.prediction_service | Step 2 ✓ Plant/leaf content validated
2026-04-03 15:17:16 | INFO     | app.services.prediction_service | Step 3 ✓ Preprocessed → (1, 3, 224, 224)
2026-04-03 15:17:17 | INFO     | app.models.disease_classifier | Prediction → 'Banana - Black Sigatoka' confidence=0.9940 ✓
2026-04-03 15:17:17 | INFO     | app.services.prediction_service | Step 4 ✓ Disease='Banana - Black Sigatoka' Confidence=0.9940 is_confident=True is_banana=True
2026-04-03 15:17:17 | INFO     | app.models.severity_estimator | Severity estimated → High (disease='Banana - Black Sigatoka', confidence=0.9940)
2026-04-03 15:17:17 | INFO     | app.services.prediction_service | Step 5 ✓ Severity=High
2026-04-03 15:17:17 | INFO     | app.services.advisory_service | ICAR KB matched keyword='black sigatoka' severity='High'
2026-04-03 15:17:17 | INFO     | app.services.advisory_service | ICAR KB advisory — disease='Banana - Black Sigatoka' severity='High'
2026-04-03 15:17:17 | INFO     | app.services.prediction_service | Step 6 ✓ Advisory generated (2143 chars) language='english'
2026-04-03 15:17:17 | INFO     | app.services.location_service | No GPS — returning default ICAR-NRCB centre
2026-04-03 15:17:17 | INFO     | app.services.prediction_service | Step 7 ✓ Found 1 nearby centres
2026-04-03 15:17:17 | INFO     | app.database.crud | Prediction saved → id=92 farmer_id=3 disease='Banana - Black Sigatoka'
2026-04-03 15:17:17 | INFO     | app.services.prediction_service | Step 8 ✓ Saved to database
2026-04-03 15:17:17 | INFO     | app.services.prediction_service | ── Pipeline COMPLETE → Banana - Black Sigatoka | High | 99.40% | lang=english ──
2026-04-03 15:17:48 | INFO     | app.api.routes | POST /predict | farmer_id=3 phone='8667540547' file='WhatsApp Image 2026-03-19 at 2.01.32 PM.jpeg' lat=-90.0 lng=-180.0 language='english' (resolved from 'english')
2026-04-03 15:17:48 | INFO     | app.services.prediction_service | ── Prediction Pipeline START (farmer_id=3 language=english) ──
2026-04-03 15:17:48 | INFO     | app.services.prediction_service | Default GPS values received — treating as no GPS
2026-04-03 15:17:48 | INFO     | app.services.prediction_service | Step 1 ✓ Image type and size validated
2026-04-03 15:17:48 | INFO     | app.services.guardrail_service | Plant guardrail ✓ green=47.0% variance=5931 edges=0.017
2026-04-03 15:17:48 | INFO     | app.services.prediction_service | Step 2 ✓ Plant/leaf content validated
2026-04-03 15:17:48 | WARNING  | app.api.routes | Validation error: Image is too blurry (score: 20.3). Please take a clearer photo of the banana leaf in good lighting.
2026-04-03 15:18:08 | INFO     | app.api.routes | POST /predict | farmer_id=3 phone='8667540547' file='Odoiporus-damage-NRCB.jpg' lat=-90.0 lng=-180.0 language='english' (resolved from 'english')
2026-04-03 15:18:08 | INFO     | app.services.prediction_service | ── Prediction Pipeline START (farmer_id=3 language=english) ──
2026-04-03 15:18:08 | INFO     | app.services.prediction_service | Default GPS values received — treating as no GPS
2026-04-03 15:18:08 | INFO     | app.services.prediction_service | Step 1 ✓ Image type and size validated
2026-04-03 15:18:08 | INFO     | app.services.guardrail_service | Plant guardrail ✓ green=14.6% variance=4334 edges=0.053
2026-04-03 15:18:08 | INFO     | app.services.prediction_service | Step 2 ✓ Plant/leaf content validated
2026-04-03 15:18:39 | INFO     | app.services.prediction_service | Step 3 ✓ Preprocessed → (1, 3, 224, 224)
2026-04-03 15:18:39 | INFO     | app.models.disease_classifier | Prediction → 'Banana - Pseudostem Weevil Infestation' confidence=0.9998 ✓
2026-04-03 15:18:39 | INFO     | app.services.prediction_service | Step 4 ✓ Disease='Banana - Pseudostem Weevil Infestation' Confidence=0.9998 is_confident=True is_banana=True
2026-04-03 15:18:39 | INFO     | app.models.severity_estimator | Severity estimated → High (disease='Banana - Pseudostem Weevil Infestation', confidence=0.9998)
2026-04-03 15:18:39 | INFO     | app.services.prediction_service | Step 5 ✓ Severity=High
2026-04-03 15:18:39 | INFO     | app.services.advisory_service | ICAR KB matched keyword='weevil' severity='High'
2026-04-03 15:18:39 | INFO     | app.services.advisory_service | ICAR KB advisory — disease='Banana - Pseudostem Weevil Infestation' severity='High'
2026-04-03 15:18:39 | INFO     | app.services.prediction_service | Step 6 ✓ Advisory generated (1880 chars) language='english'
2026-04-03 15:18:39 | INFO     | app.services.location_service | No GPS — returning default ICAR-NRCB centre
2026-04-03 15:18:39 | INFO     | app.services.prediction_service | Step 7 ✓ Found 1 nearby centres
2026-04-03 15:18:40 | INFO     | app.database.crud | Prediction saved → id=93 farmer_id=3 disease='Banana - Pseudostem Weevil Infestation'
2026-04-03 15:18:40 | INFO     | app.services.prediction_service | Step 8 ✓ Saved to database
2026-04-03 15:18:40 | INFO     | app.services.prediction_service | ── Pipeline COMPLETE → Banana - Pseudostem Weevil Infestation | High | 99.98% | lang=english ──
2026-04-03 15:22:46 | INFO     | app.api.routes | POST /predict | farmer_id=3 phone='8667540547' file='IMG_20260310_223945_424.webp' lat=-90.0 lng=-180.0 language='english' (resolved from 'english')
2026-04-03 15:22:46 | INFO     | app.services.prediction_service | ── Prediction Pipeline START (farmer_id=3 language=english) ──
2026-04-03 15:22:46 | INFO     | app.services.prediction_service | Default GPS values received — treating as no GPS
2026-04-03 15:22:46 | INFO     | app.services.prediction_service | Step 1 ✓ Image type and size validated
2026-04-03 15:22:46 | WARNING  | app.api.routes | Validation error: Image has no visible detail or texture. Please upload a clear photo of a banana leaf.
2026-04-03 15:23:59 | INFO     | app.api.auth | POST /auth/login | phone='8667540547'
2026-04-03 15:24:00 | INFO     | app.services.auth_service | JWT token created for farmer_id=3
2026-04-03 15:24:00 | INFO     | app.services.auth_service | Farmer logged in → id=3 phone='8667540547'
2026-04-03 15:24:17 | INFO     | app.api.routes | POST /predict | farmer_id=3 phone='8667540547' file='image.jpg' lat=None lng=None language='english' (resolved from 'en')
2026-04-03 15:24:17 | INFO     | app.services.prediction_service | ── Prediction Pipeline START (farmer_id=3 language=english) ──
2026-04-03 15:24:17 | INFO     | app.services.prediction_service | Step 1 ✓ Image type and size validated
2026-04-03 15:24:17 | WARNING  | app.api.routes | Validation error: This does not appear to be a banana plant image. Please upload a photo of a banana leaf, stem or fruit. (Green pixel ratio: 0.3% — minimum required: 5%)
2026-04-03 15:24:40 | INFO     | app.api.routes | POST /predict | farmer_id=3 phone='8667540547' file='image.jpg' lat=11.378237 lng=79.695099 language='english' (resolved from 'en')
2026-04-03 15:24:40 | INFO     | app.services.prediction_service | ── Prediction Pipeline START (farmer_id=3 language=english) ──
2026-04-03 15:24:40 | INFO     | app.services.prediction_service | Step 1 ✓ Image type and size validated
2026-04-03 15:24:40 | INFO     | app.services.guardrail_service | Plant guardrail ✓ green=81.3% variance=3385 edges=0.202
2026-04-03 15:24:40 | INFO     | app.services.prediction_service | Step 2 ✓ Plant/leaf content validated
2026-04-03 15:27:40 | INFO     | app.services.prediction_service | Step 3 ✓ Preprocessed → (1, 3, 224, 224)
2026-04-03 15:27:40 | INFO     | app.models.disease_classifier | Prediction → 'Banana - Healthy' confidence=1.0000 ✓
2026-04-03 15:27:40 | INFO     | app.services.prediction_service | Step 4 ✓ Disease='Banana - Healthy' Confidence=1.0000 is_confident=True is_banana=True
2026-04-03 15:27:40 | INFO     | app.models.severity_estimator | Banana plant is healthy — no severity assigned.
2026-04-03 15:27:40 | INFO     | app.services.prediction_service | Step 5 ✓ Severity=None
2026-04-03 15:27:40 | INFO     | app.services.advisory_service | ICAR KB matched keyword='healthy' severity='None'
2026-04-03 15:27:40 | INFO     | app.services.advisory_service | ICAR KB advisory — disease='Banana - Healthy' severity='None'
2026-04-03 15:27:40 | INFO     | app.services.prediction_service | Step 6 ✓ Advisory generated (1432 chars) language='english'
2026-04-03 15:27:40 | INFO     | app.services.location_service | Returning 5 nearby agriculture offices for GPS (11.3782, 79.6951): ['Chidambaram Agriculture Office', 'Cuddalore District Horticulture Office', 'Cuddalore Agriculture Office', 'KVK Cuddalore', 'KVK Villupuram']
2026-04-03 15:27:40 | INFO     | app.services.prediction_service | Step 7 ✓ Found 5 nearby centres
2026-04-03 15:27:40 | INFO     | app.database.crud | Prediction saved → id=94 farmer_id=3 disease='Banana - Healthy'
2026-04-03 15:27:40 | INFO     | app.services.prediction_service | Step 8 ✓ Saved to database
2026-04-03 15:27:40 | INFO     | app.services.prediction_service | ── Pipeline COMPLETE → Banana - Healthy | None | 100.00% | lang=english ──
2026-04-03 15:28:59 | INFO     | app.api.auth | POST /auth/login | phone='8667540547'
2026-04-03 15:29:00 | INFO     | app.services.auth_service | JWT token created for farmer_id=3
2026-04-03 15:29:00 | INFO     | app.services.auth_service | Farmer logged in → id=3 phone='8667540547'
2026-04-03 15:29:17 | INFO     | app.api.routes | POST /predict | farmer_id=3 phone='8667540547' file='image.jpg' lat=None lng=None language='english' (resolved from 'en')
2026-04-03 15:29:17 | INFO     | app.services.prediction_service | ── Prediction Pipeline START (farmer_id=3 language=english) ──
2026-04-03 15:29:17 | INFO     | app.services.prediction_service | Step 1 ✓ Image type and size validated
2026-04-03 15:29:17 | INFO     | app.services.guardrail_service | Plant guardrail ✓ green=46.8% variance=4247 edges=0.353
2026-04-03 15:29:17 | INFO     | app.services.prediction_service | Step 2 ✓ Plant/leaf content validated
2026-04-03 15:29:18 | INFO     | app.services.prediction_service | Step 3 ✓ Preprocessed → (1, 3, 224, 224)
2026-04-03 15:29:18 | INFO     | app.models.disease_classifier | Prediction → 'Banana - Bunchy Top Virus (BBTV)' confidence=1.0000 ✓
2026-04-03 15:29:18 | INFO     | app.services.prediction_service | Step 4 ✓ Disease='Banana - Bunchy Top Virus (BBTV)' Confidence=1.0000 is_confident=True is_banana=True
2026-04-03 15:29:18 | INFO     | app.models.severity_estimator | Disease 'Banana - Bunchy Top Virus (BBTV)' is always treated as High severity.
2026-04-03 15:29:18 | INFO     | app.services.prediction_service | Step 5 ✓ Severity=High
2026-04-03 15:29:18 | INFO     | app.services.advisory_service | ICAR KB matched keyword='bunchy' severity='High'
2026-04-03 15:29:18 | INFO     | app.services.advisory_service | ICAR KB advisory — disease='Banana - Bunchy Top Virus (BBTV)' severity='High'
2026-04-03 15:29:18 | INFO     | app.services.prediction_service | Step 6 ✓ Advisory generated (1453 chars) language='english'
2026-04-03 15:29:18 | INFO     | app.services.location_service | No GPS — returning default ICAR-NRCB centre
2026-04-03 15:29:18 | INFO     | app.services.prediction_service | Step 7 ✓ Found 1 nearby centres
2026-04-03 15:29:19 | INFO     | app.database.crud | Prediction saved → id=95 farmer_id=3 disease='Banana - Bunchy Top Virus (BBTV)'
2026-04-03 15:29:19 | INFO     | app.services.prediction_service | Step 8 ✓ Saved to database
2026-04-03 15:29:19 | INFO     | app.services.prediction_service | ── Pipeline COMPLETE → Banana - Bunchy Top Virus (BBTV) | High | 100.00% | lang=english ──
2026-04-03 15:35:12 | INFO     | app.api.auth | POST /auth/login | phone='8667540547'
2026-04-03 15:35:26 | INFO     | app.api.auth | POST /auth/login | phone='8667540547'
2026-04-03 15:35:27 | INFO     | app.services.auth_service | JWT token created for farmer_id=3
2026-04-03 15:35:27 | INFO     | app.services.auth_service | Farmer logged in → id=3 phone='8667540547'
2026-04-03 15:35:44 | INFO     | app.api.routes | POST /predict | farmer_id=3 phone='8667540547' file='image.jpg' lat=None lng=None language='english' (resolved from 'en')
2026-04-03 15:35:44 | INFO     | app.services.prediction_service | ── Prediction Pipeline START (farmer_id=3 language=english) ──
2026-04-03 15:35:44 | INFO     | app.services.prediction_service | Step 1 ✓ Image type and size validated
2026-04-03 15:35:44 | INFO     | app.services.guardrail_service | Plant guardrail ✓ green=46.8% variance=4247 edges=0.353
2026-04-03 15:35:44 | INFO     | app.services.prediction_service | Step 2 ✓ Plant/leaf content validated
2026-04-03 15:35:45 | INFO     | app.services.prediction_service | Step 3 ✓ Preprocessed → (1, 3, 224, 224)
2026-04-03 15:35:45 | INFO     | app.models.disease_classifier | Prediction → 'Banana - Bunchy Top Virus (BBTV)' confidence=1.0000 ✓
2026-04-03 15:35:45 | INFO     | app.services.prediction_service | Step 4 ✓ Disease='Banana - Bunchy Top Virus (BBTV)' Confidence=1.0000 is_confident=True is_banana=True
2026-04-03 15:35:45 | INFO     | app.models.severity_estimator | Disease 'Banana - Bunchy Top Virus (BBTV)' is always treated as High severity.
2026-04-03 15:35:45 | INFO     | app.services.prediction_service | Step 5 ✓ Severity=High
2026-04-03 15:35:45 | INFO     | app.services.advisory_service | ICAR KB matched keyword='bunchy' severity='High'
2026-04-03 15:35:45 | INFO     | app.services.advisory_service | ICAR KB advisory — disease='Banana - Bunchy Top Virus (BBTV)' severity='High'
2026-04-03 15:35:45 | INFO     | app.services.prediction_service | Step 6 ✓ Advisory generated (1453 chars) language='english'
2026-04-03 15:35:45 | INFO     | app.services.location_service | No GPS — returning default ICAR-NRCB centre
2026-04-03 15:35:45 | INFO     | app.services.prediction_service | Step 7 ✓ Found 1 nearby centres
2026-04-03 15:35:46 | INFO     | app.database.crud | Prediction saved → id=96 farmer_id=3 disease='Banana - Bunchy Top Virus (BBTV)'
2026-04-03 15:35:46 | INFO     | app.services.prediction_service | Step 8 ✓ Saved to database
2026-04-03 15:35:46 | INFO     | app.services.prediction_service | ── Pipeline COMPLETE → Banana - Bunchy Top Virus (BBTV) | High | 100.00% | lang=english ──
2026-04-03 15:57:32 | INFO     | app.main | AgroGuard-AI shutting down gracefully.
2026-04-03 22:56:46 | INFO     | app.models.model_loader | Creating ModelLoader singleton (path=saved_models/agroguard_banana_convnext_small.pth)
2026-04-03 22:56:49 | INFO     | app.models.model_loader | Loading banana model weights from 'saved_models/agroguard_banana_convnext_small.pth' on cuda
2026-04-03 22:56:49 | INFO     | app.models.model_loader | Banana disease model loaded successfully (7 classes).
2026-04-03 22:56:53 | INFO     | app.main | ╔══════════════════════════════════════════════╗
2026-04-03 22:56:53 | INFO     | app.main | ║  AgroGuard-AI STARTING  ║
2026-04-03 22:56:53 | INFO     | app.main | ╚══════════════════════════════════════════════╝
2026-04-03 22:56:53 | INFO     | app.database.db | Database tables created / verified.
2026-04-03 22:56:53 | INFO     | app.main | ✓ Database tables ready.
2026-04-03 22:56:53 | INFO     | app.main | ✓ Banana disease model loaded and ready.
2026-04-03 22:56:53 | INFO     | app.main | ✓ AgroGuard-AI is ready → base URL: /api/v1
2026-04-03 23:13:11 | INFO     | app.main | AgroGuard-AI shutting down gracefully.
2026-04-05 13:36:38 | INFO     | app.models.model_loader | Creating ModelLoader singleton (path=saved_models/agroguard_banana_convnext_small.pth)
2026-04-05 13:36:40 | INFO     | app.models.model_loader | Loading banana model weights from 'saved_models/agroguard_banana_convnext_small.pth' on cuda
2026-04-05 13:36:41 | INFO     | app.models.model_loader | Banana disease model loaded successfully (7 classes).
2026-04-05 13:36:46 | INFO     | app.main | ╔══════════════════════════════════════════════╗
2026-04-05 13:36:46 | INFO     | app.main | ║  AgroGuard-AI STARTING  ║
2026-04-05 13:36:46 | INFO     | app.main | ╚══════════════════════════════════════════════╝
2026-04-05 13:36:47 | INFO     | app.database.db | Database tables created / verified.
2026-04-05 13:36:47 | INFO     | app.main | ✓ Database tables ready.
2026-04-05 13:36:47 | INFO     | app.main | ✓ Banana disease model loaded and ready.
2026-04-05 13:36:47 | INFO     | app.main | ✓ AgroGuard-AI is ready → base URL: /api/v1
2026-04-05 13:37:30 | INFO     | app.api.auth | POST /auth/login | phone='8667540547'
2026-04-05 13:37:31 | INFO     | app.services.auth_service | JWT token created for farmer_id=3
2026-04-05 13:37:31 | INFO     | app.services.auth_service | Farmer logged in → id=3 phone='8667540547'
2026-04-05 13:37:58 | INFO     | app.api.routes | POST /predict | farmer_id=3 phone='8667540547' file='WhatsApp Image 2026-04-05 at 12.27.02 PM.jpeg' lat=-90.0 lng=-180.0 language='english' (resolved from 'english')
2026-04-05 13:37:58 | INFO     | app.services.prediction_service | ── Prediction Pipeline START (farmer_id=3 language=english) ──
2026-04-05 13:37:58 | INFO     | app.services.prediction_service | Default GPS values received — treating as no GPS
2026-04-05 13:37:58 | INFO     | app.services.prediction_service | Step 1 ✓ Image type and size validated
2026-04-05 13:37:58 | INFO     | app.services.guardrail_service | Plant guardrail ✓ green=77.9% variance=3904 edges=0.092
2026-04-05 13:37:58 | INFO     | app.services.prediction_service | Step 2 ✓ Plant/leaf content validated
2026-04-05 13:38:41 | INFO     | app.services.prediction_service | Step 3 ✓ Preprocessed → (1, 3, 224, 224)
2026-04-05 13:38:43 | INFO     | app.models.disease_classifier | Prediction → 'Banana - Healthy' confidence=1.0000 ✓
2026-04-05 13:38:43 | INFO     | app.services.prediction_service | Step 4 ✓ Disease='Banana - Healthy' Confidence=1.0000 is_confident=True is_banana=True
2026-04-05 13:38:43 | INFO     | app.models.severity_estimator | Banana plant is healthy — no severity assigned.
2026-04-05 13:38:43 | INFO     | app.services.prediction_service | Step 5 ✓ Severity=None
2026-04-05 13:38:43 | INFO     | app.services.advisory_service | ICAR KB matched keyword='healthy' severity='None'
2026-04-05 13:38:43 | INFO     | app.services.advisory_service | ICAR KB advisory — disease='Banana - Healthy' severity='None'
2026-04-05 13:38:43 | INFO     | app.services.prediction_service | Step 6 ✓ Advisory generated (1432 chars) language='english'
2026-04-05 13:38:43 | INFO     | app.services.location_service | No GPS — returning default ICAR-NRCB centre
2026-04-05 13:38:43 | INFO     | app.services.prediction_service | Step 7 ✓ Found 1 nearby centres
2026-04-05 13:38:43 | INFO     | app.database.crud | Prediction saved → id=97 farmer_id=3 disease='Banana - Healthy'
2026-04-05 13:38:43 | INFO     | app.services.prediction_service | Step 8 ✓ Saved to database
2026-04-05 13:38:43 | INFO     | app.services.prediction_service | ── Pipeline COMPLETE → Banana - Healthy | None | 100.00% | lang=english ──
2026-04-05 13:41:14 | INFO     | app.services.location_service | Returning 5 nearby agriculture offices for GPS (11.3783, 79.6961): ['Chidambaram Agriculture Office', 'Cuddalore District Horticulture Office', 'Cuddalore Agriculture Office', 'KVK Cuddalore', 'KVK Villupuram']
2026-04-05 13:46:00 | INFO     | app.main | AgroGuard-AI shutting down gracefully.
2026-04-05 13:49:28 | INFO     | app.models.model_loader | Creating ModelLoader singleton (path=saved_models/agroguard_banana_convnext_small.pth)
2026-04-05 13:49:29 | INFO     | app.models.model_loader | Loading banana model weights from 'saved_models/agroguard_banana_convnext_small.pth' on cuda
2026-04-05 13:49:30 | INFO     | app.models.model_loader | Banana disease model loaded successfully (7 classes).
2026-04-05 13:49:30 | INFO     | app.main | ╔══════════════════════════════════════════════╗
2026-04-05 13:49:30 | INFO     | app.main | ║  AgroGuard-AI STARTING  ║
2026-04-05 13:49:30 | INFO     | app.main | ╚══════════════════════════════════════════════╝
2026-04-05 13:49:31 | INFO     | app.database.db | Database tables created / verified.
2026-04-05 13:49:31 | INFO     | app.main | ✓ Database tables ready.
2026-04-05 13:49:31 | INFO     | app.main | ✓ Banana disease model loaded and ready.
2026-04-05 13:49:31 | INFO     | app.main | ✓ AgroGuard-AI is ready → base URL: /api/v1
2026-04-05 13:50:14 | INFO     | app.api.auth | POST /auth/login | phone='8667540547'
2026-04-05 13:50:14 | INFO     | app.services.auth_service | JWT token created for farmer_id=3
2026-04-05 13:50:14 | INFO     | app.services.auth_service | Farmer logged in → id=3 phone='8667540547'
2026-04-05 13:51:04 | INFO     | app.api.routes | POST /predict | farmer_id=3 phone='8667540547' file='image.jpg' lat=11.6486 lng=78.1833 language='english' (resolved from 'en')
2026-04-05 13:51:04 | INFO     | app.services.prediction_service | ── Prediction Pipeline START (farmer_id=3 language=english) ──
2026-04-05 13:51:04 | INFO     | app.services.prediction_service | Step 1 ✓ Image type and size validated
2026-04-05 13:51:05 | INFO     | app.services.guardrail_service | Plant guardrail ✓ green=77.9% variance=3904 edges=0.092
2026-04-05 13:51:05 | INFO     | app.services.prediction_service | Step 2 ✓ Plant/leaf content validated
2026-04-05 13:51:45 | INFO     | app.services.prediction_service | Step 3 ✓ Preprocessed → (1, 3, 224, 224)
2026-04-05 13:51:45 | INFO     | app.models.disease_classifier | Prediction → 'Banana - Healthy' confidence=1.0000 ✓
2026-04-05 13:51:45 | INFO     | app.services.prediction_service | Step 4 ✓ Disease='Banana - Healthy' Confidence=1.0000 is_confident=True is_banana=True
2026-04-05 13:51:45 | INFO     | app.models.severity_estimator | Banana plant is healthy — no severity assigned.
2026-04-05 13:51:45 | INFO     | app.services.prediction_service | Step 5 ✓ Severity=None
2026-04-05 13:51:45 | INFO     | app.services.advisory_service | ICAR KB matched keyword='healthy' severity='None'
2026-04-05 13:51:45 | INFO     | app.services.advisory_service | ICAR KB advisory — disease='Banana - Healthy' severity='None'
2026-04-05 13:51:45 | INFO     | app.services.prediction_service | Step 6 ✓ Advisory generated (1432 chars) language='english'
2026-04-05 13:51:45 | INFO     | app.services.location_service | Returning 5 nearby agriculture offices for GPS (11.6486, 78.1833): ['KVK Salem', 'Salem District Horticulture Office', 'Namakkal District Horticulture Office', 'Dharmapuri District Horticulture Office', 'Erode District Horticulture Office']
2026-04-05 13:51:45 | INFO     | app.services.prediction_service | Step 7 ✓ Found 5 nearby centres
2026-04-05 13:51:46 | INFO     | app.database.crud | Prediction saved → id=98 farmer_id=3 disease='Banana - Healthy'
2026-04-05 13:51:46 | INFO     | app.services.prediction_service | Step 8 ✓ Saved to database
2026-04-05 13:51:46 | INFO     | app.services.prediction_service | ── Pipeline COMPLETE → Banana - Healthy | None | 100.00% | lang=english ──
2026-04-05 13:52:25 | INFO     | app.api.routes | POST /predict | farmer_id=3 phone='8667540547' file='image.jpg' lat=11.6486 lng=78.1833 language='english' (resolved from 'en')
2026-04-05 13:52:25 | INFO     | app.services.prediction_service | ── Prediction Pipeline START (farmer_id=3 language=english) ──
2026-04-05 13:52:25 | INFO     | app.services.prediction_service | Step 1 ✓ Image type and size validated
2026-04-05 13:52:26 | INFO     | app.services.guardrail_service | Plant guardrail ✓ green=74.5% variance=5608 edges=0.071
2026-04-05 13:52:26 | INFO     | app.services.prediction_service | Step 2 ✓ Plant/leaf content validated
2026-04-05 13:53:03 | INFO     | app.services.prediction_service | Step 3 ✓ Preprocessed → (1, 3, 224, 224)
2026-04-05 13:53:03 | INFO     | app.models.disease_classifier | Prediction → 'Banana - Healthy' confidence=0.9961 ✓
2026-04-05 13:53:03 | INFO     | app.services.prediction_service | Step 4 ✓ Disease='Banana - Healthy' Confidence=0.9961 is_confident=True is_banana=True
2026-04-05 13:53:03 | INFO     | app.models.severity_estimator | Banana plant is healthy — no severity assigned.
2026-04-05 13:53:03 | INFO     | app.services.prediction_service | Step 5 ✓ Severity=None
2026-04-05 13:53:03 | INFO     | app.services.advisory_service | ICAR KB matched keyword='healthy' severity='None'
2026-04-05 13:53:03 | INFO     | app.services.advisory_service | ICAR KB advisory — disease='Banana - Healthy' severity='None'
2026-04-05 13:53:03 | INFO     | app.services.prediction_service | Step 6 ✓ Advisory generated (1432 chars) language='english'
2026-04-05 13:53:03 | INFO     | app.services.location_service | Returning 5 nearby agriculture offices for GPS (11.6486, 78.1833): ['KVK Salem', 'Salem District Horticulture Office', 'Namakkal District Horticulture Office', 'Dharmapuri District Horticulture Office', 'Erode District Horticulture Office']
2026-04-05 13:53:03 | INFO     | app.services.prediction_service | Step 7 ✓ Found 5 nearby centres
2026-04-05 13:53:03 | INFO     | app.database.crud | Prediction saved → id=99 farmer_id=3 disease='Banana - Healthy'
2026-04-05 13:53:03 | INFO     | app.services.prediction_service | Step 8 ✓ Saved to database
2026-04-05 13:53:03 | INFO     | app.services.prediction_service | ── Pipeline COMPLETE → Banana - Healthy | None | 99.61% | lang=english ──
2026-04-05 13:55:26 | INFO     | app.main | AgroGuard-AI shutting down gracefully.
2026-04-06 14:54:02 | INFO     | app.models.model_loader | Creating ModelLoader singleton (path=saved_models/agroguard_banana_convnext_small.pth)
2026-04-06 14:54:05 | INFO     | app.models.model_loader | Loading banana model weights from 'saved_models/agroguard_banana_convnext_small.pth' on cuda
2026-04-06 14:54:06 | INFO     | app.models.model_loader | Banana disease model loaded successfully (7 classes).
2026-04-06 14:54:10 | INFO     | app.main | ╔══════════════════════════════════════════════╗
2026-04-06 14:54:10 | INFO     | app.main | ║  AgroGuard-AI STARTING  ║
2026-04-06 14:54:10 | INFO     | app.main | ╚══════════════════════════════════════════════╝
2026-04-06 14:54:11 | INFO     | app.database.db | Database tables created / verified.
2026-04-06 14:54:11 | INFO     | app.main | ✓ Database tables ready.
2026-04-06 14:54:11 | INFO     | app.main | ✓ Banana disease model loaded and ready.
2026-04-06 14:54:11 | INFO     | app.main | ✓ AgroGuard-AI is ready → base URL: /api/v1
2026-04-06 14:54:17 | INFO     | app.api.auth | POST /auth/login | phone='8667540547'
2026-04-06 14:54:18 | INFO     | app.services.auth_service | JWT token created for farmer_id=3
2026-04-06 14:54:18 | INFO     | app.services.auth_service | Farmer logged in → id=3 phone='8667540547'
2026-04-06 14:54:37 | INFO     | app.api.routes | POST /predict | farmer_id=3 phone='8667540547' file='image.jpg' lat=None lng=None language='english' (resolved from 'en')
2026-04-06 14:54:37 | INFO     | app.services.prediction_service | ── Prediction Pipeline START (farmer_id=3 language=english) ──
2026-04-06 14:54:37 | INFO     | app.services.prediction_service | Step 1 ✓ Image type and size validated
2026-04-06 14:54:38 | INFO     | app.services.guardrail_service | Plant guardrail ✓ green=45.4% variance=4965 edges=0.279
2026-04-06 14:54:38 | INFO     | app.services.prediction_service | Step 2 ✓ Plant/leaf content validated
2026-04-06 14:54:42 | INFO     | app.services.prediction_service | Step 3 ✓ Preprocessed → (1, 3, 224, 224)
2026-04-06 14:54:43 | INFO     | app.models.disease_classifier | Prediction → 'Banana - Panama Disease (Fusarium Wilt)' confidence=1.0000 ✓
2026-04-06 14:54:43 | INFO     | app.services.prediction_service | Step 4 ✓ Disease='Banana - Panama Disease (Fusarium Wilt)' Confidence=1.0000 is_confident=True is_banana=True
2026-04-06 14:54:43 | INFO     | app.models.severity_estimator | Disease 'Banana - Panama Disease (Fusarium Wilt)' is always treated as High severity.
2026-04-06 14:54:43 | INFO     | app.services.prediction_service | Step 5 ✓ Severity=High
2026-04-06 14:54:43 | INFO     | app.services.advisory_service | ICAR KB matched keyword='panama' severity='High'
2026-04-06 14:54:43 | INFO     | app.services.advisory_service | ICAR KB advisory — disease='Banana - Panama Disease (Fusarium Wilt)' severity='High'
2026-04-06 14:54:43 | INFO     | app.services.prediction_service | Step 6 ✓ Advisory generated (2432 chars) language='english'
2026-04-06 14:54:43 | INFO     | app.services.location_service | No GPS — returning default ICAR-NRCB centre
2026-04-06 14:54:43 | INFO     | app.services.prediction_service | Step 7 ✓ Found 1 nearby centres
2026-04-06 14:54:44 | INFO     | app.database.crud | Prediction saved → id=100 farmer_id=3 disease='Banana - Panama Disease (Fusarium Wilt)'
2026-04-06 14:54:44 | INFO     | app.services.prediction_service | Step 8 ✓ Saved to database
2026-04-06 14:54:44 | INFO     | app.services.prediction_service | ── Pipeline COMPLETE → Banana - Panama Disease (Fusarium Wilt) | High | 100.00% | lang=english ──
2026-04-06 15:03:21 | INFO     | app.api.auth | POST /auth/login | phone='8667540547'
2026-04-06 15:03:21 | INFO     | app.services.auth_service | JWT token created for farmer_id=3
2026-04-06 15:03:21 | INFO     | app.services.auth_service | Farmer logged in → id=3 phone='8667540547'
2026-04-06 15:05:15 | INFO     | app.api.routes | POST /predict | farmer_id=3 phone='8667540547' file='Panama-disease-affects-bananas-and-is-caused-by-the-soil-borne-fungus-Fusarium-oxysporum_Q320.webp' lat=-90.0 lng=-180.0 language='english' (resolved from 'english')
2026-04-06 15:05:15 | INFO     | app.services.prediction_service | ── Prediction Pipeline START (farmer_id=3 language=english) ──
2026-04-06 15:05:15 | INFO     | app.services.prediction_service | Default GPS values received — treating as no GPS
2026-04-06 15:05:15 | INFO     | app.services.prediction_service | Step 1 ✓ Image type and size validated
2026-04-06 15:05:15 | INFO     | app.services.guardrail_service | Plant guardrail ✓ green=45.4% variance=4965 edges=0.279
2026-04-06 15:05:15 | INFO     | app.services.prediction_service | Step 2 ✓ Plant/leaf content validated
2026-04-06 15:05:18 | INFO     | app.services.prediction_service | Step 3 ✓ Preprocessed → (1, 3, 224, 224)
2026-04-06 15:05:18 | INFO     | app.models.disease_classifier | Prediction → 'Banana - Panama Disease (Fusarium Wilt)' confidence=1.0000 ✓
2026-04-06 15:05:18 | INFO     | app.services.prediction_service | Step 4 ✓ Disease='Banana - Panama Disease (Fusarium Wilt)' Confidence=1.0000 is_confident=True is_banana=True
2026-04-06 15:05:18 | INFO     | app.models.severity_estimator | Disease 'Banana - Panama Disease (Fusarium Wilt)' is always treated as High severity.
2026-04-06 15:05:18 | INFO     | app.services.prediction_service | Step 5 ✓ Severity=High
2026-04-06 15:05:18 | INFO     | app.services.advisory_service | ICAR KB matched keyword='panama' severity='High'
2026-04-06 15:05:18 | INFO     | app.services.advisory_service | ICAR KB advisory — disease='Banana - Panama Disease (Fusarium Wilt)' severity='High'
2026-04-06 15:05:18 | INFO     | app.services.prediction_service | Step 6 ✓ Advisory generated (2432 chars) language='english'
2026-04-06 15:05:18 | INFO     | app.services.location_service | No GPS — returning default ICAR-NRCB centre
2026-04-06 15:05:18 | INFO     | app.services.prediction_service | Step 7 ✓ Found 1 nearby centres
2026-04-06 15:05:18 | INFO     | app.database.crud | Prediction saved → id=101 farmer_id=3 disease='Banana - Panama Disease (Fusarium Wilt)'
2026-04-06 15:05:18 | INFO     | app.services.prediction_service | Step 8 ✓ Saved to database
2026-04-06 15:05:18 | INFO     | app.services.prediction_service | ── Pipeline COMPLETE → Banana - Panama Disease (Fusarium Wilt) | High | 100.00% | lang=english ──
2026-04-11 11:34:39 | INFO     | app.models.model_loader | Creating ModelLoader singleton (path=saved_models/agroguard_banana_convnext_small.pth)
2026-04-11 11:34:42 | INFO     | app.models.model_loader | Loading banana model weights from 'saved_models/agroguard_banana_convnext_small.pth' on cuda
2026-04-11 11:34:43 | INFO     | app.models.model_loader | Banana disease model loaded successfully (7 classes).
2026-04-11 11:34:51 | INFO     | app.main | ╔══════════════════════════════════════════════╗
2026-04-11 11:34:51 | INFO     | app.main | ║  AgroGuard-AI STARTING  ║
2026-04-11 11:34:51 | INFO     | app.main | ╚══════════════════════════════════════════════╝
2026-04-11 11:34:52 | INFO     | app.database.db | Database tables created / verified.
2026-04-11 11:34:52 | INFO     | app.main | ✓ Database tables ready.
2026-04-11 11:34:52 | INFO     | app.main | ✓ Banana disease model loaded and ready.
2026-04-11 11:34:52 | INFO     | app.main | ✓ AgroGuard-AI is ready → base URL: /api/v1
2026-04-11 11:44:14 | INFO     | app.models.model_loader | Creating ModelLoader singleton (path=saved_models/agroguard_banana_convnext_small.pth)
2026-04-11 11:44:17 | INFO     | app.models.model_loader | Loading banana model weights from 'saved_models/agroguard_banana_convnext_small.pth' on cuda
2026-04-11 11:44:18 | INFO     | app.models.model_loader | Banana disease model loaded successfully (7 classes).
2026-04-11 11:44:22 | INFO     | app.main | ╔══════════════════════════════════════════════╗
2026-04-11 11:44:22 | INFO     | app.main | ║  AgroGuard-AI STARTING  ║
2026-04-11 11:44:22 | INFO     | app.main | ╚══════════════════════════════════════════════╝
2026-04-11 11:44:23 | INFO     | app.database.db | Database tables created / verified.
2026-04-11 11:44:23 | INFO     | app.main | ✓ Database tables ready.
2026-04-11 11:44:23 | INFO     | app.main | ✓ Banana disease model loaded and ready.
2026-04-11 11:44:23 | INFO     | app.main | ✓ AgroGuard-AI is ready → base URL: /api/v1
2026-04-11 11:46:37 | INFO     | app.api.auth | POST /auth/login | phone='8667540547'
2026-04-11 11:46:38 | INFO     | app.services.auth_service | JWT token created for farmer_id=3
2026-04-11 11:46:38 | INFO     | app.services.auth_service | Farmer logged in → id=3 phone='8667540547'
2026-04-11 11:47:25 | INFO     | app.api.routes | POST /predict | farmer_id=3 phone='8667540547' file='download (2).jpg' lat=-90.0 lng=-180.0 language='english' (resolved from 'english')
2026-04-11 11:47:25 | INFO     | app.services.prediction_service | ── Prediction Pipeline START (farmer_id=3 language=english) ──
2026-04-11 11:47:25 | INFO     | app.services.prediction_service | Default GPS values received — treating as no GPS
2026-04-11 11:47:25 | INFO     | app.services.prediction_service | Step 1 ✓ Image type and size validated
2026-04-11 11:47:26 | INFO     | app.services.guardrail_service | Plant guardrail ✓ green=90.4% variance=1547 edges=0.181
2026-04-11 11:47:26 | INFO     | app.services.prediction_service | Step 2 ✓ Plant/leaf content validated
2026-04-11 11:47:29 | INFO     | app.services.prediction_service | Step 3 ✓ Preprocessed → (1, 3, 224, 224)
2026-04-11 11:47:31 | INFO     | app.models.disease_classifier | Prediction → 'Banana - Healthy' confidence=1.0000 ✓
2026-04-11 11:47:31 | INFO     | app.services.prediction_service | Step 4 ✓ Disease='Banana - Healthy' Confidence=1.0000 is_confident=True is_banana=True
2026-04-11 11:47:31 | INFO     | app.models.severity_estimator | Banana plant is healthy — no severity assigned.
2026-04-11 11:47:31 | INFO     | app.services.prediction_service | Step 5 ✓ Severity=None
2026-04-11 11:47:31 | INFO     | app.services.advisory_service | ICAR KB matched keyword='healthy' severity='None'
2026-04-11 11:47:31 | INFO     | app.services.advisory_service | ICAR KB advisory — disease='Banana - Healthy' severity='None'
2026-04-11 11:47:31 | INFO     | app.services.prediction_service | Step 6 ✓ Advisory generated (1432 chars) language='english'
2026-04-11 11:47:31 | INFO     | app.services.location_service | No GPS — returning default ICAR-NRCB centre
2026-04-11 11:47:31 | INFO     | app.services.prediction_service | Step 7 ✓ Found 1 nearby centres
2026-04-11 11:47:32 | INFO     | app.database.crud | Prediction saved → id=102 farmer_id=3 disease='Banana - Healthy'
2026-04-11 11:47:32 | INFO     | app.services.prediction_service | Step 8 ✓ Saved to database
2026-04-11 11:47:32 | INFO     | app.services.prediction_service | ── Pipeline COMPLETE → Banana - Healthy | None | 100.00% | lang=english ──
2026-04-11 11:50:30 | INFO     | app.api.auth | POST /auth/login | phone='8667540547'
2026-04-11 11:50:31 | INFO     | app.services.auth_service | JWT token created for farmer_id=3
2026-04-11 11:50:31 | INFO     | app.services.auth_service | Farmer logged in → id=3 phone='8667540547'
2026-04-11 11:50:47 | INFO     | app.api.routes | GET /maps/nearby-centers | lat=11.378327000000002 lng=79.696129 (frontend alias)
2026-04-11 11:50:47 | INFO     | app.services.location_service | Returning 5 nearby agriculture offices for GPS (11.3783, 79.6961): ['Chidambaram Agriculture Office', 'Cuddalore District Horticulture Office', 'Cuddalore Agriculture Office', 'KVK Cuddalore', 'KVK Villupuram']
2026-04-11 11:51:09 | INFO     | app.api.routes | POST /predict | farmer_id=3 phone='8667540547' file='image.jpg' lat=11.378327000000002 lng=79.696129 language='english' (resolved from 'en')
2026-04-11 11:51:09 | INFO     | app.services.prediction_service | ── Prediction Pipeline START (farmer_id=3 language=english) ──
2026-04-11 11:51:09 | INFO     | app.services.prediction_service | Step 1 ✓ Image type and size validated
2026-04-11 11:51:09 | INFO     | app.services.guardrail_service | Plant guardrail ✓ green=15.2% variance=4313 edges=0.209
2026-04-11 11:51:09 | INFO     | app.services.prediction_service | Step 2 ✓ Plant/leaf content validated
2026-04-11 11:51:10 | INFO     | app.services.prediction_service | Step 3 ✓ Preprocessed → (1, 3, 224, 224)
2026-04-11 11:51:10 | INFO     | app.models.disease_classifier | Prediction → 'Banana - Pseudostem Weevil Infestation' confidence=1.0000 ✓
2026-04-11 11:51:10 | INFO     | app.services.prediction_service | Step 4 ✓ Disease='Banana - Pseudostem Weevil Infestation' Confidence=1.0000 is_confident=True is_banana=True
2026-04-11 11:51:10 | INFO     | app.models.severity_estimator | Severity estimated → High (disease='Banana - Pseudostem Weevil Infestation', confidence=1.0000)
2026-04-11 11:51:10 | INFO     | app.services.prediction_service | Step 5 ✓ Severity=High
2026-04-11 11:51:10 | INFO     | app.services.advisory_service | ICAR KB matched keyword='weevil' severity='High'
2026-04-11 11:51:10 | INFO     | app.services.advisory_service | ICAR KB advisory — disease='Banana - Pseudostem Weevil Infestation' severity='High'
2026-04-11 11:51:10 | INFO     | app.services.prediction_service | Step 6 ✓ Advisory generated (1880 chars) language='english'
2026-04-11 11:51:10 | INFO     | app.services.location_service | Returning 5 nearby agriculture offices for GPS (11.3783, 79.6961): ['Chidambaram Agriculture Office', 'Cuddalore District Horticulture Office', 'Cuddalore Agriculture Office', 'KVK Cuddalore', 'KVK Villupuram']
2026-04-11 11:51:10 | INFO     | app.services.prediction_service | Step 7 ✓ Found 5 nearby centres
2026-04-11 11:51:11 | INFO     | app.database.crud | Prediction saved → id=103 farmer_id=3 disease='Banana - Pseudostem Weevil Infestation'
2026-04-11 11:51:11 | INFO     | app.services.prediction_service | Step 8 ✓ Saved to database
2026-04-11 11:51:11 | INFO     | app.services.prediction_service | ── Pipeline COMPLETE → Banana - Pseudostem Weevil Infestation | High | 100.00% | lang=english ──
2026-04-11 11:56:00 | INFO     | app.main | AgroGuard-AI shutting down gracefully.
2026-04-17 10:39:01 | INFO     | app.models.model_loader | Creating ModelLoader singleton (path=saved_models/agroguard_banana_convnext_small.pth)
2026-04-17 10:39:01 | INFO     | app.models.model_loader | Creating ModelLoader singleton (path=saved_models/agroguard_banana_convnext_small.pth)
2026-04-17 10:39:05 | INFO     | app.models.model_loader | Loading banana model weights from 'saved_models/agroguard_banana_convnext_small.pth' on cuda
2026-04-17 10:39:05 | INFO     | app.models.model_loader | Loading banana model weights from 'saved_models/agroguard_banana_convnext_small.pth' on cuda
2026-04-17 10:39:06 | INFO     | app.models.model_loader | Banana disease model loaded successfully (7 classes).
2026-04-17 10:39:06 | INFO     | app.models.model_loader | Banana disease model loaded successfully (7 classes).
2026-04-17 10:39:21 | INFO     | app.main | ╔══════════════════════════════════════════════╗
2026-04-17 10:39:21 | INFO     | app.main | ║  AgroGuard-AI STARTING  ║
2026-04-17 10:39:21 | INFO     | app.main | ╚══════════════════════════════════════════════╝
2026-04-17 10:39:21 | INFO     | app.database.db | Database tables created / verified.
2026-04-17 10:39:21 | INFO     | app.main | ✓ Database tables ready.
2026-04-17 10:39:21 | INFO     | app.main | ✓ Banana disease model loaded and ready.
2026-04-17 10:39:21 | INFO     | app.main | ✓ AgroGuard-AI is ready → base URL: /api/v1
2026-04-17 10:39:38 | INFO     | app.models.model_loader | Creating ModelLoader singleton (path=saved_models/agroguard_banana_convnext_small.pth)
2026-04-17 10:39:39 | INFO     | app.models.model_loader | Loading banana model weights from 'saved_models/agroguard_banana_convnext_small.pth' on cuda
2026-04-17 10:39:40 | INFO     | app.models.model_loader | Banana disease model loaded successfully (7 classes).
2026-04-17 10:39:41 | INFO     | app.main | ╔══════════════════════════════════════════════╗
2026-04-17 10:39:41 | INFO     | app.main | ║  AgroGuard-AI STARTING  ║
2026-04-17 10:39:41 | INFO     | app.main | ╚══════════════════════════════════════════════╝
2026-04-17 10:39:41 | INFO     | app.database.db | Database tables created / verified.
2026-04-17 10:39:41 | INFO     | app.main | ✓ Database tables ready.
2026-04-17 10:39:41 | INFO     | app.main | ✓ Banana disease model loaded and ready.
2026-04-17 10:39:41 | INFO     | app.main | ✓ AgroGuard-AI is ready → base URL: /api/v1
2026-04-17 10:39:44 | INFO     | app.api.auth | POST /auth/login | phone='8667540547'
2026-04-17 10:39:45 | INFO     | app.services.auth_service | JWT token created for farmer_id=3
2026-04-17 10:39:45 | INFO     | app.services.auth_service | Farmer logged in → id=3 phone='8667540547'
2026-04-17 10:39:57 | INFO     | app.api.routes | POST /predict | farmer_id=3 phone='8667540547' file='image.jpg' lat=11.392798016728625 lng=79.70625653903345 language='english' (resolved from 'en')
2026-04-17 10:39:57 | INFO     | app.services.prediction_service | ── Prediction Pipeline START (farmer_id=3 language=english) ──
2026-04-17 10:39:57 | INFO     | app.services.prediction_service | Step 1 ✓ Image type and size validated
2026-04-17 10:39:58 | INFO     | app.services.guardrail_service | Plant guardrail ✓ green=15.2% variance=4313 edges=0.209
2026-04-17 10:39:58 | INFO     | app.services.prediction_service | Step 2 ✓ Plant/leaf content validated
2026-04-17 10:39:59 | ERROR    | app.api.routes | Prediction error: Numpy is not available
Traceback (most recent call last):
  File "D:\final-year project\backend\app\api\routes.py", line 123, in predict_banana_disease
    return await _prediction_service.predict(
           ^^^^^^^^^^^^^^^^^^^^^^^^^^^^^^^^^^
  File "D:\final-year project\backend\app\services\prediction_service.py", line 68, in predict
    tensor = preprocess_image(image_bytes)
             ^^^^^^^^^^^^^^^^^^^^^^^^^^^^^
  File "D:\final-year project\backend\app\utils\image_preprocessing.py", line 331, in preprocess_image
    tensor = _to_tensor_and_normalize(pil_final)
             ^^^^^^^^^^^^^^^^^^^^^^^^^^^^^^^^^^^
  File "D:\final-year project\backend\venv\Lib\site-packages\torchvision\transforms\transforms.py", line 95, in __call__
    img = t(img)
          ^^^^^^
  File "D:\final-year project\backend\venv\Lib\site-packages\torchvision\transforms\transforms.py", line 137, in __call__
    return F.to_tensor(pic)
           ^^^^^^^^^^^^^^^^
  File "D:\final-year project\backend\venv\Lib\site-packages\torchvision\transforms\functional.py", line 168, in to_tensor
    img = torch.from_numpy(np.array(pic, mode_to_nptype.get(pic.mode, np.uint8), copy=True))
          ^^^^^^^^^^^^^^^^^^^^^^^^^^^^^^^^^^^^^^^^^^^^^^^^^^^^^^^^^^^^^^^^^^^^^^^^^^^^^^^^^^
RuntimeError: Numpy is not available
2026-04-17 10:40:12 | INFO     | app.api.auth | POST /auth/login | phone='8667540547'
2026-04-17 10:40:12 | INFO     | app.services.auth_service | JWT token created for farmer_id=3
2026-04-17 10:40:12 | INFO     | app.services.auth_service | Farmer logged in → id=3 phone='8667540547'
2026-04-17 10:40:17 | INFO     | app.api.routes | POST /predict | farmer_id=3 phone='8667540547' file='image.jpg' lat=11.392798016728625 lng=79.70625653903345 language='english' (resolved from 'en')
2026-04-17 10:40:17 | INFO     | app.services.prediction_service | ── Prediction Pipeline START (farmer_id=3 language=english) ──
2026-04-17 10:40:17 | INFO     | app.services.prediction_service | Step 1 ✓ Image type and size validated
2026-04-17 10:40:17 | INFO     | app.services.guardrail_service | Plant guardrail ✓ green=15.2% variance=4313 edges=0.209
2026-04-17 10:40:17 | INFO     | app.services.prediction_service | Step 2 ✓ Plant/leaf content validated
2026-04-17 10:40:17 | ERROR    | app.api.routes | Prediction error: Numpy is not available
Traceback (most recent call last):
  File "D:\final-year project\backend\app\api\routes.py", line 123, in predict_banana_disease
    return await _prediction_service.predict(
           ^^^^^^^^^^^^^^^^^^^^^^^^^^^^^^^^^^
  File "D:\final-year project\backend\app\services\prediction_service.py", line 68, in predict
    tensor = preprocess_image(image_bytes)
             ^^^^^^^^^^^^^^^^^^^^^^^^^^^^^
  File "D:\final-year project\backend\app\utils\image_preprocessing.py", line 331, in preprocess_image
    tensor = _to_tensor_and_normalize(pil_final)
             ^^^^^^^^^^^^^^^^^^^^^^^^^^^^^^^^^^^
  File "D:\final-year project\backend\venv\Lib\site-packages\torchvision\transforms\transforms.py", line 95, in __call__
    img = t(img)
          ^^^^^^
  File "D:\final-year project\backend\venv\Lib\site-packages\torchvision\transforms\transforms.py", line 137, in __call__
    return F.to_tensor(pic)
           ^^^^^^^^^^^^^^^^
  File "D:\final-year project\backend\venv\Lib\site-packages\torchvision\transforms\functional.py", line 168, in to_tensor
    img = torch.from_numpy(np.array(pic, mode_to_nptype.get(pic.mode, np.uint8), copy=True))
          ^^^^^^^^^^^^^^^^^^^^^^^^^^^^^^^^^^^^^^^^^^^^^^^^^^^^^^^^^^^^^^^^^^^^^^^^^^^^^^^^^^
RuntimeError: Numpy is not available
2026-04-17 10:40:38 | INFO     | app.api.routes | POST /predict | farmer_id=3 phone='8667540547' file='image.jpg' lat=11.392798016728625 lng=79.70625653903345 language='english' (resolved from 'en')
2026-04-17 10:40:38 | INFO     | app.services.prediction_service | ── Prediction Pipeline START (farmer_id=3 language=english) ──
2026-04-17 10:40:38 | INFO     | app.services.prediction_service | Step 1 ✓ Image type and size validated
2026-04-17 10:40:38 | INFO     | app.services.guardrail_service | Plant guardrail ✓ green=13.2% variance=5767 edges=0.106
2026-04-17 10:40:38 | INFO     | app.services.prediction_service | Step 2 ✓ Plant/leaf content validated
2026-04-17 10:40:38 | ERROR    | app.api.routes | Prediction error: Numpy is not available
Traceback (most recent call last):
  File "D:\final-year project\backend\app\api\routes.py", line 123, in predict_banana_disease
    return await _prediction_service.predict(
           ^^^^^^^^^^^^^^^^^^^^^^^^^^^^^^^^^^
  File "D:\final-year project\backend\app\services\prediction_service.py", line 68, in predict
    tensor = preprocess_image(image_bytes)
             ^^^^^^^^^^^^^^^^^^^^^^^^^^^^^
  File "D:\final-year project\backend\app\utils\image_preprocessing.py", line 331, in preprocess_image
    tensor = _to_tensor_and_normalize(pil_final)
             ^^^^^^^^^^^^^^^^^^^^^^^^^^^^^^^^^^^
  File "D:\final-year project\backend\venv\Lib\site-packages\torchvision\transforms\transforms.py", line 95, in __call__
    img = t(img)
          ^^^^^^
  File "D:\final-year project\backend\venv\Lib\site-packages\torchvision\transforms\transforms.py", line 137, in __call__
    return F.to_tensor(pic)
           ^^^^^^^^^^^^^^^^
  File "D:\final-year project\backend\venv\Lib\site-packages\torchvision\transforms\functional.py", line 168, in to_tensor
    img = torch.from_numpy(np.array(pic, mode_to_nptype.get(pic.mode, np.uint8), copy=True))
          ^^^^^^^^^^^^^^^^^^^^^^^^^^^^^^^^^^^^^^^^^^^^^^^^^^^^^^^^^^^^^^^^^^^^^^^^^^^^^^^^^^
RuntimeError: Numpy is not available
2026-04-17 10:41:27 | INFO     | app.api.routes | POST /predict | farmer_id=3 phone='8667540547' file='image.jpg' lat=11.392798016728625 lng=79.70625653903345 language='english' (resolved from 'en')
2026-04-17 10:41:27 | INFO     | app.services.prediction_service | ── Prediction Pipeline START (farmer_id=3 language=english) ──
2026-04-17 10:41:27 | INFO     | app.services.prediction_service | Step 1 ✓ Image type and size validated
2026-04-17 10:41:27 | INFO     | app.services.guardrail_service | Plant guardrail ✓ green=15.2% variance=4313 edges=0.209
2026-04-17 10:41:27 | INFO     | app.services.prediction_service | Step 2 ✓ Plant/leaf content validated
2026-04-17 10:41:27 | ERROR    | app.api.routes | Prediction error: Numpy is not available
Traceback (most recent call last):
  File "D:\final-year project\backend\app\api\routes.py", line 123, in predict_banana_disease
    return await _prediction_service.predict(
           ^^^^^^^^^^^^^^^^^^^^^^^^^^^^^^^^^^
  File "D:\final-year project\backend\app\services\prediction_service.py", line 68, in predict
    tensor = preprocess_image(image_bytes)
             ^^^^^^^^^^^^^^^^^^^^^^^^^^^^^
  File "D:\final-year project\backend\app\utils\image_preprocessing.py", line 331, in preprocess_image
    tensor = _to_tensor_and_normalize(pil_final)
             ^^^^^^^^^^^^^^^^^^^^^^^^^^^^^^^^^^^
  File "D:\final-year project\backend\venv\Lib\site-packages\torchvision\transforms\transforms.py", line 95, in __call__
    img = t(img)
          ^^^^^^
  File "D:\final-year project\backend\venv\Lib\site-packages\torchvision\transforms\transforms.py", line 137, in __call__
    return F.to_tensor(pic)
           ^^^^^^^^^^^^^^^^
  File "D:\final-year project\backend\venv\Lib\site-packages\torchvision\transforms\functional.py", line 168, in to_tensor
    img = torch.from_numpy(np.array(pic, mode_to_nptype.get(pic.mode, np.uint8), copy=True))
          ^^^^^^^^^^^^^^^^^^^^^^^^^^^^^^^^^^^^^^^^^^^^^^^^^^^^^^^^^^^^^^^^^^^^^^^^^^^^^^^^^^
RuntimeError: Numpy is not available
2026-04-17 10:44:12 | INFO     | app.main | AgroGuard-AI shutting down gracefully.
2026-04-17 10:44:21 | INFO     | app.models.model_loader | Creating ModelLoader singleton (path=saved_models/agroguard_banana_convnext_small.pth)
2026-04-17 10:44:22 | INFO     | app.models.model_loader | Loading banana model weights from 'saved_models/agroguard_banana_convnext_small.pth' on cuda
2026-04-17 10:44:23 | INFO     | app.models.model_loader | Banana disease model loaded successfully (7 classes).
2026-04-17 10:44:24 | INFO     | app.main | ╔══════════════════════════════════════════════╗
2026-04-17 10:44:24 | INFO     | app.main | ║  AgroGuard-AI STARTING  ║
2026-04-17 10:44:24 | INFO     | app.main | ╚══════════════════════════════════════════════╝
2026-04-17 10:44:24 | INFO     | app.database.db | Database tables created / verified.
2026-04-17 10:44:24 | INFO     | app.main | ✓ Database tables ready.
2026-04-17 10:44:24 | INFO     | app.main | ✓ Banana disease model loaded and ready.
2026-04-17 10:44:24 | INFO     | app.main | ✓ AgroGuard-AI is ready → base URL: /api/v1
2026-04-17 10:44:32 | INFO     | app.models.model_loader | Creating ModelLoader singleton (path=saved_models/agroguard_banana_convnext_small.pth)
2026-04-17 10:44:33 | INFO     | app.models.model_loader | Loading banana model weights from 'saved_models/agroguard_banana_convnext_small.pth' on cuda
2026-04-17 10:44:34 | INFO     | app.models.model_loader | Banana disease model loaded successfully (7 classes).
2026-04-17 10:44:34 | INFO     | app.main | ╔══════════════════════════════════════════════╗
2026-04-17 10:44:34 | INFO     | app.main | ║  AgroGuard-AI STARTING  ║
2026-04-17 10:44:34 | INFO     | app.main | ╚══════════════════════════════════════════════╝
2026-04-17 10:44:34 | INFO     | app.database.db | Database tables created / verified.
2026-04-17 10:44:34 | INFO     | app.main | ✓ Database tables ready.
2026-04-17 10:44:34 | INFO     | app.main | ✓ Banana disease model loaded and ready.
2026-04-17 10:44:34 | INFO     | app.main | ✓ AgroGuard-AI is ready → base URL: /api/v1
2026-04-17 10:44:50 | INFO     | app.api.routes | POST /predict | farmer_id=3 phone='8667540547' file='image.jpg' lat=11.392798016728625 lng=79.70625653903345 language='english' (resolved from 'en')
2026-04-17 10:44:50 | INFO     | app.services.prediction_service | ── Prediction Pipeline START (farmer_id=3 language=english) ──
2026-04-17 10:44:50 | INFO     | app.services.prediction_service | Step 1 ✓ Image type and size validated
2026-04-17 10:44:50 | INFO     | app.services.guardrail_service | Plant guardrail ✓ green=90.4% variance=1547 edges=0.181
2026-04-17 10:44:50 | INFO     | app.services.prediction_service | Step 2 ✓ Plant/leaf content validated
2026-04-17 10:44:52 | INFO     | app.services.prediction_service | Step 3 ✓ Preprocessed → (1, 3, 224, 224)
2026-04-17 10:44:54 | INFO     | app.models.disease_classifier | Prediction → 'Banana - Healthy' confidence=1.0000 ✓
2026-04-17 10:44:54 | INFO     | app.services.prediction_service | Step 4 ✓ Disease='Banana - Healthy' Confidence=1.0000 is_confident=True is_banana=True
2026-04-17 10:44:54 | INFO     | app.models.severity_estimator | Banana plant is healthy — no severity assigned.
2026-04-17 10:44:54 | INFO     | app.services.prediction_service | Step 5 ✓ Severity=None
2026-04-17 10:44:54 | INFO     | app.services.advisory_service | ICAR KB matched keyword='healthy' severity='None'
2026-04-17 10:44:54 | INFO     | app.services.advisory_service | ICAR KB advisory — disease='Banana - Healthy' severity='None'
2026-04-17 10:44:54 | INFO     | app.services.prediction_service | Step 6 ✓ Advisory generated (1432 chars) language='english'
2026-04-17 10:44:54 | INFO     | app.services.location_service | Returning 5 nearby agriculture offices for GPS (11.3928, 79.7063): ['Chidambaram Agriculture Office', 'Cuddalore District Horticulture Office', 'Cuddalore Agriculture Office', 'KVK Cuddalore', 'KVK Villupuram']
2026-04-17 10:44:54 | INFO     | app.services.prediction_service | Step 7 ✓ Found 5 nearby centres
2026-04-17 10:44:54 | INFO     | app.database.crud | Prediction saved → id=104 farmer_id=3 disease='Banana - Healthy'
2026-04-17 10:44:54 | INFO     | app.services.prediction_service | Step 8 ✓ Saved to database
2026-04-17 10:44:54 | INFO     | app.services.prediction_service | ── Pipeline COMPLETE → Banana - Healthy | None | 100.00% | lang=english ──
2026-04-17 10:45:03 | INFO     | app.api.routes | POST /predict | farmer_id=3 phone='8667540547' file='image.jpg' lat=11.392851513437058 lng=79.70624413154174 language='english' (resolved from 'en')
2026-04-17 10:45:03 | INFO     | app.services.prediction_service | ── Prediction Pipeline START (farmer_id=3 language=english) ──
2026-04-17 10:45:03 | INFO     | app.services.prediction_service | Step 1 ✓ Image type and size validated
2026-04-17 10:45:03 | INFO     | app.services.guardrail_service | Plant guardrail ✓ green=15.2% variance=4313 edges=0.209
2026-04-17 10:45:03 | INFO     | app.services.prediction_service | Step 2 ✓ Plant/leaf content validated
2026-04-17 10:45:04 | INFO     | app.services.prediction_service | Step 3 ✓ Preprocessed → (1, 3, 224, 224)
2026-04-17 10:45:04 | INFO     | app.models.disease_classifier | Prediction → 'Banana - Pseudostem Weevil Infestation' confidence=1.0000 ✓
2026-04-17 10:45:04 | INFO     | app.services.prediction_service | Step 4 ✓ Disease='Banana - Pseudostem Weevil Infestation' Confidence=1.0000 is_confident=True is_banana=True
2026-04-17 10:45:04 | INFO     | app.models.severity_estimator | Severity estimated → High (disease='Banana - Pseudostem Weevil Infestation', confidence=1.0000)
2026-04-17 10:45:04 | INFO     | app.services.prediction_service | Step 5 ✓ Severity=High
2026-04-17 10:45:04 | INFO     | app.services.advisory_service | ICAR KB matched keyword='weevil' severity='High'
2026-04-17 10:45:04 | INFO     | app.services.advisory_service | ICAR KB advisory — disease='Banana - Pseudostem Weevil Infestation' severity='High'
2026-04-17 10:45:04 | INFO     | app.services.prediction_service | Step 6 ✓ Advisory generated (1880 chars) language='english'
2026-04-17 10:45:04 | INFO     | app.services.location_service | Returning 5 nearby agriculture offices for GPS (11.3929, 79.7062): ['Chidambaram Agriculture Office', 'Cuddalore District Horticulture Office', 'Cuddalore Agriculture Office', 'KVK Cuddalore', 'KVK Villupuram']
2026-04-17 10:45:04 | INFO     | app.services.prediction_service | Step 7 ✓ Found 5 nearby centres
2026-04-17 10:45:05 | INFO     | app.database.crud | Prediction saved → id=105 farmer_id=3 disease='Banana - Pseudostem Weevil Infestation'
2026-04-17 10:45:05 | INFO     | app.services.prediction_service | Step 8 ✓ Saved to database
2026-04-17 10:45:05 | INFO     | app.services.prediction_service | ── Pipeline COMPLETE → Banana - Pseudostem Weevil Infestation | High | 100.00% | lang=english ──
2026-04-17 10:45:57 | INFO     | app.api.routes | POST /predict | farmer_id=3 phone='8667540547' file='image.jpg' lat=11.392851513437058 lng=79.70624413154174 language='english' (resolved from 'en')
2026-04-17 10:45:57 | INFO     | app.services.prediction_service | ── Prediction Pipeline START (farmer_id=3 language=english) ──
2026-04-17 10:45:57 | INFO     | app.services.prediction_service | Step 1 ✓ Image type and size validated
2026-04-17 10:45:57 | INFO     | app.services.guardrail_service | Plant guardrail ✓ green=45.5% variance=5832 edges=0.247
2026-04-17 10:45:57 | INFO     | app.services.prediction_service | Step 2 ✓ Plant/leaf content validated
2026-04-17 10:45:58 | INFO     | app.services.prediction_service | Step 3 ✓ Preprocessed → (1, 3, 224, 224)
2026-04-17 10:45:58 | INFO     | app.models.disease_classifier | Prediction → 'Banana - Black Sigatoka' confidence=1.0000 ✓
2026-04-17 10:45:58 | INFO     | app.services.prediction_service | Step 4 ✓ Disease='Banana - Black Sigatoka' Confidence=1.0000 is_confident=True is_banana=True
2026-04-17 10:45:58 | INFO     | app.models.severity_estimator | Severity estimated → High (disease='Banana - Black Sigatoka', confidence=1.0000)
2026-04-17 10:45:58 | INFO     | app.services.prediction_service | Step 5 ✓ Severity=High
2026-04-17 10:45:58 | INFO     | app.services.advisory_service | ICAR KB matched keyword='black sigatoka' severity='High'
2026-04-17 10:45:58 | INFO     | app.services.advisory_service | ICAR KB advisory — disease='Banana - Black Sigatoka' severity='High'
2026-04-17 10:45:58 | INFO     | app.services.prediction_service | Step 6 ✓ Advisory generated (2143 chars) language='english'
2026-04-17 10:45:58 | INFO     | app.services.location_service | Returning 5 nearby agriculture offices for GPS (11.3929, 79.7062): ['Chidambaram Agriculture Office', 'Cuddalore District Horticulture Office', 'Cuddalore Agriculture Office', 'KVK Cuddalore', 'KVK Villupuram']
2026-04-17 10:45:58 | INFO     | app.services.prediction_service | Step 7 ✓ Found 5 nearby centres
2026-04-17 10:45:59 | INFO     | app.database.crud | Prediction saved → id=106 farmer_id=3 disease='Banana - Black Sigatoka'
2026-04-17 10:45:59 | INFO     | app.services.prediction_service | Step 8 ✓ Saved to database
2026-04-17 10:45:59 | INFO     | app.services.prediction_service | ── Pipeline COMPLETE → Banana - Black Sigatoka | High | 100.00% | lang=english ──
2026-04-17 10:47:09 | INFO     | app.api.routes | GET /maps/nearby-centers | lat=11.392851513437058 lng=79.70624413154174 (frontend alias)
2026-04-17 10:47:09 | INFO     | app.services.location_service | Returning 5 nearby agriculture offices for GPS (11.3929, 79.7062): ['Chidambaram Agriculture Office', 'Cuddalore District Horticulture Office', 'Cuddalore Agriculture Office', 'KVK Cuddalore', 'KVK Villupuram']
2026-04-17 10:50:36 | INFO     | app.api.routes | POST /predict | farmer_id=3 phone='8667540547' file='image.jpg' lat=11.392851513437058 lng=79.70624413154174 language='english' (resolved from 'en')
2026-04-17 10:50:36 | INFO     | app.services.prediction_service | ── Prediction Pipeline START (farmer_id=3 language=english) ──
2026-04-17 10:50:36 | INFO     | app.services.prediction_service | Step 1 ✓ Image type and size validated
2026-04-17 10:50:36 | INFO     | app.services.guardrail_service | Plant guardrail ✓ green=15.0% variance=4119 edges=0.270
2026-04-17 10:50:36 | INFO     | app.services.prediction_service | Step 2 ✓ Plant/leaf content validated
2026-04-17 10:50:38 | INFO     | app.services.prediction_service | Step 3 ✓ Preprocessed → (1, 3, 224, 224)
2026-04-17 10:50:38 | INFO     | app.models.disease_classifier | Prediction → 'Banana - Panama Disease (Fusarium Wilt)' confidence=1.0000 ✓
2026-04-17 10:50:38 | INFO     | app.services.prediction_service | Step 4 ✓ Disease='Banana - Panama Disease (Fusarium Wilt)' Confidence=1.0000 is_confident=True is_banana=True
2026-04-17 10:50:38 | INFO     | app.models.severity_estimator | Disease 'Banana - Panama Disease (Fusarium Wilt)' is always treated as High severity.
2026-04-17 10:50:38 | INFO     | app.services.prediction_service | Step 5 ✓ Severity=High
2026-04-17 10:50:38 | INFO     | app.services.advisory_service | ICAR KB matched keyword='panama' severity='High'
2026-04-17 10:50:38 | INFO     | app.services.advisory_service | ICAR KB advisory — disease='Banana - Panama Disease (Fusarium Wilt)' severity='High'
2026-04-17 10:50:38 | INFO     | app.services.prediction_service | Step 6 ✓ Advisory generated (2432 chars) language='english'
2026-04-17 10:50:38 | INFO     | app.services.location_service | Returning 5 nearby agriculture offices for GPS (11.3929, 79.7062): ['Chidambaram Agriculture Office', 'Cuddalore District Horticulture Office', 'Cuddalore Agriculture Office', 'KVK Cuddalore', 'KVK Villupuram']
2026-04-17 10:50:38 | INFO     | app.services.prediction_service | Step 7 ✓ Found 5 nearby centres
2026-04-17 10:50:38 | INFO     | app.database.crud | Prediction saved → id=107 farmer_id=3 disease='Banana - Panama Disease (Fusarium Wilt)'
2026-04-17 10:50:38 | INFO     | app.services.prediction_service | Step 8 ✓ Saved to database
2026-04-17 10:50:38 | INFO     | app.services.prediction_service | ── Pipeline COMPLETE → Banana - Panama Disease (Fusarium Wilt) | High | 100.00% | lang=english ──
2026-04-17 12:12:58 | INFO     | app.models.model_loader | Creating ModelLoader singleton (path=saved_models/agroguard_banana_convnext_small.pth)
2026-04-17 12:13:00 | INFO     | app.models.model_loader | Loading banana model weights from 'saved_models/agroguard_banana_convnext_small.pth' on cuda
2026-04-17 12:13:01 | INFO     | app.models.model_loader | Banana disease model loaded successfully (7 classes).
2026-04-17 12:13:05 | INFO     | app.main | ╔══════════════════════════════════════════════╗
2026-04-17 12:13:05 | INFO     | app.main | ║  AgroGuard-AI STARTING  ║
2026-04-17 12:13:05 | INFO     | app.main | ╚══════════════════════════════════════════════╝
2026-04-17 12:13:05 | INFO     | app.database.db | Database tables created / verified.
2026-04-17 12:13:05 | INFO     | app.main | ✓ Database tables ready.
2026-04-17 12:13:05 | INFO     | app.main | ✓ Banana disease model loaded and ready.
2026-04-17 12:13:05 | INFO     | app.main | ✓ AgroGuard-AI is ready → base URL: /api/v1
2026-04-17 12:13:08 | INFO     | app.main | AgroGuard-AI shutting down gracefully.
2026-05-15 10:15:25 | INFO     | app.models.model_loader | Creating ModelLoader singleton (path=saved_models/agroguard_banana_convnext_small.pth)
2026-05-15 10:15:27 | INFO     | app.models.model_loader | Loading banana model weights from 'saved_models/agroguard_banana_convnext_small.pth' on cuda
2026-05-15 10:15:28 | INFO     | app.models.model_loader | Banana disease model loaded successfully (7 classes).
2026-05-15 10:15:32 | INFO     | app.main | ╔══════════════════════════════════════════════╗
2026-05-15 10:15:32 | INFO     | app.main | ║  AgroGuard-AI STARTING  ║
2026-05-15 10:15:32 | INFO     | app.main | ╚══════════════════════════════════════════════╝
2026-05-15 10:15:32 | INFO     | app.database.db | Database tables created / verified.
2026-05-15 10:15:32 | INFO     | app.main | ✓ Database tables ready.
2026-05-15 10:15:32 | INFO     | app.main | ✓ Banana disease model loaded and ready.
2026-05-15 10:15:32 | INFO     | app.main | ✓ AgroGuard-AI is ready → base URL: /api/v1
2026-05-15 10:16:51 | INFO     | app.api.auth | POST /auth/login | phone='8667540547'
2026-05-15 10:16:51 | INFO     | app.services.auth_service | JWT token created for farmer_id=3
2026-05-15 10:16:51 | INFO     | app.services.auth_service | Farmer logged in → id=3 phone='8667540547'
2026-05-15 10:17:10 | INFO     | app.api.routes | POST /predict | farmer_id=3 phone='8667540547' file='image.jpg' lat=None lng=None language='english' (resolved from 'en')
2026-05-15 10:17:10 | INFO     | app.services.prediction_service | ── Prediction Pipeline START (farmer_id=3 language=english) ──
2026-05-15 10:17:10 | INFO     | app.services.prediction_service | Step 1 ✓ Image type and size validated
2026-05-15 10:17:10 | INFO     | app.services.guardrail_service | Plant guardrail ✓ green=13.2% variance=5767 edges=0.106
2026-05-15 10:17:10 | INFO     | app.services.prediction_service | Step 2 ✓ Plant/leaf content validated
2026-05-15 10:17:11 | INFO     | app.services.prediction_service | Step 3 ✓ Preprocessed → (1, 3, 224, 224)
2026-05-15 10:17:12 | INFO     | app.models.disease_classifier | Prediction → 'Banana - Pseudostem Weevil Infestation' confidence=1.0000 ✓
2026-05-15 10:17:12 | INFO     | app.services.prediction_service | Step 4 ✓ Disease='Banana - Pseudostem Weevil Infestation' Confidence=1.0000 is_confident=True is_banana=True
2026-05-15 10:17:12 | INFO     | app.models.severity_estimator | Severity estimated → High (disease='Banana - Pseudostem Weevil Infestation', confidence=1.0000)
2026-05-15 10:17:12 | INFO     | app.services.prediction_service | Step 5 ✓ Severity=High
2026-05-15 10:17:12 | INFO     | app.services.advisory_service | ICAR KB matched keyword='weevil' severity='High'
2026-05-15 10:17:12 | INFO     | app.services.advisory_service | ICAR KB advisory — disease='Banana - Pseudostem Weevil Infestation' severity='High'
2026-05-15 10:17:12 | INFO     | app.services.prediction_service | Step 6 ✓ Advisory generated (1880 chars) language='english'
2026-05-15 10:17:12 | INFO     | app.services.location_service | No GPS — returning default ICAR-NRCB centre
2026-05-15 10:17:12 | INFO     | app.services.prediction_service | Step 7 ✓ Found 1 nearby centres
2026-05-15 10:17:12 | INFO     | app.database.crud | Prediction saved → id=108 farmer_id=3 disease='Banana - Pseudostem Weevil Infestation'
2026-05-15 10:17:12 | INFO     | app.services.prediction_service | Step 8 ✓ Saved to database
2026-05-15 10:17:12 | INFO     | app.services.prediction_service | ── Pipeline COMPLETE → Banana - Pseudostem Weevil Infestation | High | 100.00% | lang=english ──
2026-05-15 10:17:48 | INFO     | app.api.routes | POST /predict | farmer_id=3 phone='8667540547' file='image.jpg' lat=None lng=None language='english' (resolved from 'en')
2026-05-15 10:17:48 | INFO     | app.services.prediction_service | ── Prediction Pipeline START (farmer_id=3 language=english) ──
2026-05-15 10:17:48 | INFO     | app.services.prediction_service | Step 1 ✓ Image type and size validated
2026-05-15 10:17:48 | INFO     | app.services.guardrail_service | Plant guardrail ✓ green=45.4% variance=4965 edges=0.279
2026-05-15 10:17:48 | INFO     | app.services.prediction_service | Step 2 ✓ Plant/leaf content validated
2026-05-15 10:17:50 | INFO     | app.services.prediction_service | Step 3 ✓ Preprocessed → (1, 3, 224, 224)
2026-05-15 10:17:50 | INFO     | app.models.disease_classifier | Prediction → 'Banana - Panama Disease (Fusarium Wilt)' confidence=1.0000 ✓
2026-05-15 10:17:50 | INFO     | app.services.prediction_service | Step 4 ✓ Disease='Banana - Panama Disease (Fusarium Wilt)' Confidence=1.0000 is_confident=True is_banana=True
2026-05-15 10:17:50 | INFO     | app.models.severity_estimator | Disease 'Banana - Panama Disease (Fusarium Wilt)' is always treated as High severity.
2026-05-15 10:17:50 | INFO     | app.services.prediction_service | Step 5 ✓ Severity=High
2026-05-15 10:17:50 | INFO     | app.services.advisory_service | ICAR KB matched keyword='panama' severity='High'
2026-05-15 10:17:50 | INFO     | app.services.advisory_service | ICAR KB advisory — disease='Banana - Panama Disease (Fusarium Wilt)' severity='High'
2026-05-15 10:17:50 | INFO     | app.services.prediction_service | Step 6 ✓ Advisory generated (2432 chars) language='english'
2026-05-15 10:17:50 | INFO     | app.services.location_service | No GPS — returning default ICAR-NRCB centre
2026-05-15 10:17:50 | INFO     | app.services.prediction_service | Step 7 ✓ Found 1 nearby centres
2026-05-15 10:17:50 | INFO     | app.database.crud | Prediction saved → id=109 farmer_id=3 disease='Banana - Panama Disease (Fusarium Wilt)'
2026-05-15 10:17:50 | INFO     | app.services.prediction_service | Step 8 ✓ Saved to database
2026-05-15 10:17:50 | INFO     | app.services.prediction_service | ── Pipeline COMPLETE → Banana - Panama Disease (Fusarium Wilt) | High | 100.00% | lang=english ──
2026-05-15 10:19:49 | INFO     | app.api.routes | POST /predict | farmer_id=3 phone='8667540547' file='image.jpg' lat=None lng=None language='english' (resolved from 'en')
2026-05-15 10:19:49 | INFO     | app.services.prediction_service | ── Prediction Pipeline START (farmer_id=3 language=english) ──
2026-05-15 10:19:49 | INFO     | app.services.prediction_service | Step 1 ✓ Image type and size validated
2026-05-15 10:19:49 | INFO     | app.services.guardrail_service | Plant guardrail ✓ green=46.8% variance=4247 edges=0.353
2026-05-15 10:19:49 | INFO     | app.services.prediction_service | Step 2 ✓ Plant/leaf content validated
2026-05-15 10:19:50 | INFO     | app.services.prediction_service | Step 3 ✓ Preprocessed → (1, 3, 224, 224)
2026-05-15 10:19:50 | INFO     | app.models.disease_classifier | Prediction → 'Banana - Bunchy Top Virus (BBTV)' confidence=1.0000 ✓
2026-05-15 10:19:50 | INFO     | app.services.prediction_service | Step 4 ✓ Disease='Banana - Bunchy Top Virus (BBTV)' Confidence=1.0000 is_confident=True is_banana=True
2026-05-15 10:19:50 | INFO     | app.models.severity_estimator | Disease 'Banana - Bunchy Top Virus (BBTV)' is always treated as High severity.
2026-05-15 10:19:50 | INFO     | app.services.prediction_service | Step 5 ✓ Severity=High
2026-05-15 10:19:50 | INFO     | app.services.advisory_service | ICAR KB matched keyword='bunchy' severity='High'
2026-05-15 10:19:50 | INFO     | app.services.advisory_service | ICAR KB advisory — disease='Banana - Bunchy Top Virus (BBTV)' severity='High'
2026-05-15 10:19:50 | INFO     | app.services.prediction_service | Step 6 ✓ Advisory generated (1453 chars) language='english'
2026-05-15 10:19:50 | INFO     | app.services.location_service | No GPS — returning default ICAR-NRCB centre
2026-05-15 10:19:50 | INFO     | app.services.prediction_service | Step 7 ✓ Found 1 nearby centres
2026-05-15 10:19:50 | INFO     | app.database.crud | Prediction saved → id=110 farmer_id=3 disease='Banana - Bunchy Top Virus (BBTV)'
2026-05-15 10:19:50 | INFO     | app.services.prediction_service | Step 8 ✓ Saved to database
2026-05-15 10:19:50 | INFO     | app.services.prediction_service | ── Pipeline COMPLETE → Banana - Bunchy Top Virus (BBTV) | High | 100.00% | lang=english ──
2026-05-15 10:20:24 | INFO     | app.api.routes | GET /maps/nearby-centers | lat=11.7216 lng=78.9408 (frontend alias)
2026-05-15 10:20:24 | INFO     | app.services.location_service | Returning 5 nearby agriculture offices for GPS (11.7216, 78.9408): ['Tiruvannamalai District Horticulture Office', 'Villupuram District Horticulture Office', 'KVK Villupuram', 'KVK Salem', 'Salem District Horticulture Office']
2026-05-15 10:22:37 | INFO     | app.api.routes | GET /maps/nearby-centers | lat=11.7216 lng=78.9408 (frontend alias)
2026-05-15 10:22:37 | INFO     | app.services.location_service | Returning 5 nearby agriculture offices for GPS (11.7216, 78.9408): ['Tiruvannamalai District Horticulture Office', 'Villupuram District Horticulture Office', 'KVK Villupuram', 'KVK Salem', 'Salem District Horticulture Office']
2026-05-15 10:27:55 | INFO     | app.main | AgroGuard-AI shutting down gracefully.
2026-05-15 10:36:51 | INFO     | app.models.model_loader | Creating ModelLoader singleton (path=saved_models/agroguard_banana_convnext_small.pth)
2026-05-15 10:36:53 | INFO     | app.models.model_loader | Loading banana model weights from 'saved_models/agroguard_banana_convnext_small.pth' on cuda
2026-05-15 10:36:53 | INFO     | app.models.model_loader | Banana disease model loaded successfully (7 classes).
2026-05-15 10:36:57 | INFO     | app.main | ╔══════════════════════════════════════════════╗
2026-05-15 10:36:57 | INFO     | app.main | ║  AgroGuard-AI STARTING  ║
2026-05-15 10:36:57 | INFO     | app.main | ╚══════════════════════════════════════════════╝
2026-05-15 10:36:57 | INFO     | app.database.db | Database tables created / verified.
2026-05-15 10:36:57 | INFO     | app.main | ✓ Database tables ready.
2026-05-15 10:36:57 | INFO     | app.main | ✓ Banana disease model loaded and ready.
2026-05-15 10:36:57 | INFO     | app.main | ✓ AgroGuard-AI is ready → base URL: /api/v1
2026-05-15 10:37:59 | INFO     | app.api.auth | POST /auth/login | phone='8667540547'
2026-05-15 10:38:00 | INFO     | app.services.auth_service | JWT token created for farmer_id=3
2026-05-15 10:38:00 | INFO     | app.services.auth_service | Farmer logged in → id=3 phone='8667540547'
2026-05-15 10:38:14 | INFO     | app.api.routes | POST /predict | farmer_id=3 phone='8667540547' file='image.jpg' lat=None lng=None language='english' (resolved from 'en')
2026-05-15 10:38:14 | INFO     | app.services.prediction_service | ── Prediction Pipeline START (farmer_id=3 language=english) ──
2026-05-15 10:38:14 | INFO     | app.services.prediction_service | Step 1 ✓ Image type and size validated
2026-05-15 10:38:14 | INFO     | app.services.guardrail_service | Plant guardrail ✓ green=46.8% variance=4247 edges=0.353
2026-05-15 10:38:14 | INFO     | app.services.prediction_service | Step 2 ✓ Plant/leaf content validated
2026-05-15 10:38:15 | INFO     | app.services.prediction_service | Step 3 ✓ Preprocessed → (1, 3, 224, 224)
2026-05-15 10:38:17 | INFO     | app.models.disease_classifier | Prediction → 'Banana - Bunchy Top Virus (BBTV)' confidence=1.0000 ✓
2026-05-15 10:38:17 | INFO     | app.services.prediction_service | Step 4 ✓ Disease='Banana - Bunchy Top Virus (BBTV)' Confidence=1.0000 is_confident=True is_banana=True
2026-05-15 10:38:17 | INFO     | app.models.severity_estimator | Disease 'Banana - Bunchy Top Virus (BBTV)' is always treated as High severity.
2026-05-15 10:38:17 | INFO     | app.services.prediction_service | Step 5 ✓ Severity=High
2026-05-15 10:38:17 | INFO     | app.services.advisory_service | ICAR KB matched keyword='bunchy' severity='High'
2026-05-15 10:38:17 | INFO     | app.services.advisory_service | ICAR KB advisory — disease='Banana - Bunchy Top Virus (BBTV)' severity='High'
2026-05-15 10:38:17 | INFO     | app.services.prediction_service | Step 6 ✓ Advisory generated (1453 chars) language='english'
2026-05-15 10:38:17 | INFO     | app.services.location_service | No GPS — returning default ICAR-NRCB centre
2026-05-15 10:38:17 | INFO     | app.services.prediction_service | Step 7 ✓ Found 1 nearby centres
2026-05-15 10:38:17 | INFO     | app.database.crud | Prediction saved → id=111 farmer_id=3 disease='Banana - Bunchy Top Virus (BBTV)'
2026-05-15 10:38:17 | INFO     | app.services.prediction_service | Step 8 ✓ Saved to database
2026-05-15 10:38:17 | INFO     | app.services.prediction_service | ── Pipeline COMPLETE → Banana - Bunchy Top Virus (BBTV) | High | 100.00% | lang=english ──
2026-05-15 10:43:11 | INFO     | app.main | AgroGuard-AI shutting down gracefully.
2026-05-15 10:43:20 | INFO     | app.models.model_loader | Creating ModelLoader singleton (path=saved_models/agroguard_banana_convnext_small.pth)
2026-05-15 10:43:21 | INFO     | app.models.model_loader | Loading banana model weights from 'saved_models/agroguard_banana_convnext_small.pth' on cuda
2026-05-15 10:43:21 | INFO     | app.models.model_loader | Banana disease model loaded successfully (7 classes).
2026-05-15 10:43:21 | INFO     | app.main | ╔══════════════════════════════════════════════╗
2026-05-15 10:43:21 | INFO     | app.main | ║  AgroGuard-AI STARTING  ║
2026-05-15 10:43:21 | INFO     | app.main | ╚══════════════════════════════════════════════╝
2026-05-15 10:43:22 | INFO     | app.database.db | Database tables created / verified.
2026-05-15 10:43:22 | INFO     | app.main | ✓ Database tables ready.
2026-05-15 10:43:22 | INFO     | app.main | ✓ Banana disease model loaded and ready.
2026-05-15 10:43:22 | INFO     | app.main | ✓ AgroGuard-AI is ready → base URL: /api/v1
2026-05-15 10:44:11 | INFO     | app.api.routes | POST /predict | farmer_id=3 phone='8667540547' file='image.jpg' lat=None lng=None language='english' (resolved from 'en')
2026-05-15 10:44:11 | INFO     | app.services.prediction_service | ── Prediction Pipeline START (farmer_id=3 language=english) ──
2026-05-15 10:44:11 | INFO     | app.services.prediction_service | Step 1 ✓ Image type and size validated
2026-05-15 10:44:11 | INFO     | app.services.guardrail_service | Plant guardrail ✓ green=80.8% variance=3505 edges=0.324
2026-05-15 10:44:11 | INFO     | app.services.prediction_service | Step 2 ✓ Plant/leaf content validated
2026-05-15 10:44:12 | INFO     | app.services.prediction_service | Step 3 ✓ Preprocessed → (1, 3, 224, 224)
2026-05-15 10:44:12 | INFO     | app.models.disease_classifier | Prediction → 'Banana - Yellow Sigatoka' confidence=1.0000 ✓
2026-05-15 10:44:12 | INFO     | app.services.prediction_service | Step 4 ✓ Disease='Banana - Yellow Sigatoka' Confidence=1.0000 is_confident=True is_banana=True
2026-05-15 10:44:12 | INFO     | app.models.severity_estimator | Severity estimated → High (disease='Banana - Yellow Sigatoka', confidence=1.0000)
2026-05-15 10:44:12 | INFO     | app.services.prediction_service | Step 5 ✓ Severity=High
2026-05-15 10:44:12 | INFO     | app.services.advisory_service | ICAR KB matched keyword='yellow sigatoka' severity='High'
2026-05-15 10:44:12 | INFO     | app.services.advisory_service | ICAR KB advisory — disease='Banana - Yellow Sigatoka' severity='High'
2026-05-15 10:44:12 | INFO     | app.services.prediction_service | Step 6 ✓ Advisory generated (1507 chars) language='english'
2026-05-15 10:44:12 | INFO     | app.services.location_service | No GPS coordinates — cannot search for nearby offices
2026-05-15 10:44:12 | INFO     | app.services.prediction_service | Step 7 ✓ Found 0 nearby centres
2026-05-15 10:44:12 | INFO     | app.database.crud | Prediction saved → id=112 farmer_id=3 disease='Banana - Yellow Sigatoka'
2026-05-15 10:44:12 | INFO     | app.services.prediction_service | Step 8 ✓ Saved to database
2026-05-15 10:44:12 | INFO     | app.services.prediction_service | ── Pipeline COMPLETE → Banana - Yellow Sigatoka | High | 100.00% | lang=english ──
2026-05-15 10:49:34 | INFO     | app.main | AgroGuard-AI shutting down gracefully.
2026-05-15 10:49:42 | INFO     | app.models.model_loader | Creating ModelLoader singleton (path=saved_models/agroguard_banana_convnext_small.pth)
2026-05-15 10:49:43 | INFO     | app.models.model_loader | Loading banana model weights from 'saved_models/agroguard_banana_convnext_small.pth' on cuda
2026-05-15 10:49:43 | INFO     | app.models.model_loader | Banana disease model loaded successfully (7 classes).
2026-05-15 10:49:44 | INFO     | app.main | ╔══════════════════════════════════════════════╗
2026-05-15 10:49:44 | INFO     | app.main | ║  AgroGuard-AI STARTING  ║
2026-05-15 10:49:44 | INFO     | app.main | ╚══════════════════════════════════════════════╝
2026-05-15 10:49:44 | INFO     | app.database.db | Database tables created / verified.
2026-05-15 10:49:44 | INFO     | app.main | ✓ Database tables ready.
2026-05-15 10:49:44 | INFO     | app.main | ✓ Banana disease model loaded and ready.
2026-05-15 10:49:44 | INFO     | app.main | ✓ AgroGuard-AI is ready → base URL: /api/v1
2026-05-15 10:53:17 | INFO     | app.main | AgroGuard-AI shutting down gracefully.
2026-05-15 10:53:24 | INFO     | app.models.model_loader | Creating ModelLoader singleton (path=saved_models/agroguard_banana_convnext_small.pth)
2026-05-15 10:53:25 | INFO     | app.models.model_loader | Loading banana model weights from 'saved_models/agroguard_banana_convnext_small.pth' on cuda
2026-05-15 10:53:25 | INFO     | app.models.model_loader | Banana disease model loaded successfully (7 classes).
2026-05-15 10:53:25 | INFO     | app.main | ╔══════════════════════════════════════════════╗
2026-05-15 10:53:25 | INFO     | app.main | ║  AgroGuard-AI STARTING  ║
2026-05-15 10:53:25 | INFO     | app.main | ╚══════════════════════════════════════════════╝
2026-05-15 10:53:25 | INFO     | app.database.db | Database tables created / verified.
2026-05-15 10:53:25 | INFO     | app.main | ✓ Database tables ready.
2026-05-15 10:53:25 | INFO     | app.main | ✓ Banana disease model loaded and ready.
2026-05-15 10:53:25 | INFO     | app.main | ✓ AgroGuard-AI is ready → base URL: /api/v1
2026-05-15 10:55:48 | INFO     | app.main | AgroGuard-AI shutting down gracefully.
2026-05-15 10:55:56 | INFO     | app.models.model_loader | Creating ModelLoader singleton (path=saved_models/agroguard_banana_convnext_small.pth)
2026-05-15 10:55:57 | INFO     | app.models.model_loader | Loading banana model weights from 'saved_models/agroguard_banana_convnext_small.pth' on cuda
2026-05-15 10:55:58 | INFO     | app.models.model_loader | Banana disease model loaded successfully (7 classes).
2026-05-15 10:55:58 | INFO     | app.main | ╔══════════════════════════════════════════════╗
2026-05-15 10:55:58 | INFO     | app.main | ║  AgroGuard-AI STARTING  ║
2026-05-15 10:55:58 | INFO     | app.main | ╚══════════════════════════════════════════════╝
2026-05-15 10:55:58 | INFO     | app.database.db | Database tables created / verified.
2026-05-15 10:55:58 | INFO     | app.main | ✓ Database tables ready.
2026-05-15 10:55:58 | INFO     | app.main | ✓ Banana disease model loaded and ready.
2026-05-15 10:55:58 | INFO     | app.main | ✓ AgroGuard-AI is ready → base URL: /api/v1
2026-05-15 10:57:30 | INFO     | app.api.routes | POST /predict | farmer_id=3 phone='8667540547' file='image.jpg' lat=None lng=None language='english' (resolved from 'en')
2026-05-15 10:57:30 | INFO     | app.services.prediction_service | ── Prediction Pipeline START (farmer_id=3 language=english) ──
2026-05-15 10:57:30 | INFO     | app.services.prediction_service | Step 1 ✓ Image type and size validated
2026-05-15 10:57:30 | INFO     | app.services.guardrail_service | Plant guardrail ✓ green=26.9% variance=4111 edges=0.325
2026-05-15 10:57:30 | INFO     | app.services.prediction_service | Step 2 ✓ Plant/leaf content validated
2026-05-15 10:57:31 | INFO     | app.services.prediction_service | Step 3 ✓ Preprocessed → (1, 3, 224, 224)
2026-05-15 10:57:34 | WARNING  | app.models.disease_classifier | Low confidence prediction rejected (confidence=0.7470 < threshold=0.7500)
2026-05-15 10:57:34 | INFO     | app.services.prediction_service | Step 4 ✓ Disease='Banana - Yellow Sigatoka' Confidence=0.7470 is_confident=False is_banana=True
2026-05-15 10:57:34 | INFO     | app.models.severity_estimator | Severity estimated → Medium (disease='Banana - Yellow Sigatoka', confidence=0.7470)
2026-05-15 10:57:34 | INFO     | app.services.prediction_service | Step 5 ✓ Severity=Medium
2026-05-15 10:57:34 | INFO     | app.services.prediction_service | Step 6 ✓ Advisory skipped — not confident or not banana
2026-05-15 10:57:34 | INFO     | app.services.location_service | No GPS coordinates — cannot search for nearby offices
2026-05-15 10:57:34 | INFO     | app.services.prediction_service | Step 7 ✓ Found 0 nearby centres
2026-05-15 10:57:34 | INFO     | app.database.crud | Prediction saved → id=113 farmer_id=3 disease='Banana - Yellow Sigatoka'
2026-05-15 10:57:34 | INFO     | app.services.prediction_service | Step 8 ✓ Saved to database
2026-05-15 10:57:34 | INFO     | app.services.prediction_service | ── Pipeline COMPLETE → Banana - Yellow Sigatoka | Medium | 74.70% | lang=english ──
2026-05-15 10:58:08 | INFO     | app.api.routes | POST /predict | farmer_id=3 phone='8667540547' file='image.jpg' lat=None lng=None language='english' (resolved from 'en')
2026-05-15 10:58:08 | INFO     | app.services.prediction_service | ── Prediction Pipeline START (farmer_id=3 language=english) ──
2026-05-15 10:58:08 | INFO     | app.services.prediction_service | Step 1 ✓ Image type and size validated
2026-05-15 10:58:08 | INFO     | app.services.guardrail_service | Plant guardrail ✓ green=45.4% variance=4965 edges=0.279
2026-05-15 10:58:08 | INFO     | app.services.prediction_service | Step 2 ✓ Plant/leaf content validated
2026-05-15 10:58:11 | INFO     | app.services.prediction_service | Step 3 ✓ Preprocessed → (1, 3, 224, 224)
2026-05-15 10:58:11 | INFO     | app.models.disease_classifier | Prediction → 'Banana - Panama Disease (Fusarium Wilt)' confidence=1.0000 ✓
2026-05-15 10:58:11 | INFO     | app.services.prediction_service | Step 4 ✓ Disease='Banana - Panama Disease (Fusarium Wilt)' Confidence=1.0000 is_confident=True is_banana=True
2026-05-15 10:58:11 | INFO     | app.models.severity_estimator | Disease 'Banana - Panama Disease (Fusarium Wilt)' is always treated as High severity.
2026-05-15 10:58:11 | INFO     | app.services.prediction_service | Step 5 ✓ Severity=High
2026-05-15 10:58:11 | INFO     | app.services.advisory_service | ICAR KB matched keyword='panama' severity='High'
2026-05-15 10:58:11 | INFO     | app.services.advisory_service | ICAR KB advisory — disease='Banana - Panama Disease (Fusarium Wilt)' severity='High'
2026-05-15 10:58:11 | INFO     | app.services.prediction_service | Step 6 ✓ Advisory generated (2432 chars) language='english'
2026-05-15 10:58:11 | INFO     | app.services.location_service | No GPS coordinates — cannot search for nearby offices
2026-05-15 10:58:11 | INFO     | app.services.prediction_service | Step 7 ✓ Found 0 nearby centres
2026-05-15 10:58:11 | INFO     | app.database.crud | Prediction saved → id=114 farmer_id=3 disease='Banana - Panama Disease (Fusarium Wilt)'
2026-05-15 10:58:11 | INFO     | app.services.prediction_service | Step 8 ✓ Saved to database
2026-05-15 10:58:11 | INFO     | app.services.prediction_service | ── Pipeline COMPLETE → Banana - Panama Disease (Fusarium Wilt) | High | 100.00% | lang=english ──
2026-05-15 10:58:11 | INFO     | app.main | AgroGuard-AI shutting down gracefully.
2026-05-15 10:58:21 | INFO     | app.models.model_loader | Creating ModelLoader singleton (path=saved_models/agroguard_banana_convnext_small.pth)
2026-05-15 10:58:22 | INFO     | app.models.model_loader | Loading banana model weights from 'saved_models/agroguard_banana_convnext_small.pth' on cuda
2026-05-15 10:58:22 | INFO     | app.models.model_loader | Banana disease model loaded successfully (7 classes).
2026-05-15 10:58:23 | INFO     | app.main | ╔══════════════════════════════════════════════╗
2026-05-15 10:58:23 | INFO     | app.main | ║  AgroGuard-AI STARTING  ║
2026-05-15 10:58:23 | INFO     | app.main | ╚══════════════════════════════════════════════╝
2026-05-15 10:58:23 | INFO     | app.database.db | Database tables created / verified.
2026-05-15 10:58:23 | INFO     | app.main | ✓ Database tables ready.
2026-05-15 10:58:23 | INFO     | app.main | ✓ Banana disease model loaded and ready.
2026-05-15 10:58:23 | INFO     | app.main | ✓ AgroGuard-AI is ready → base URL: /api/v1
2026-05-15 11:01:48 | INFO     | app.main | AgroGuard-AI shutting down gracefully.
2026-05-15 11:01:57 | INFO     | app.models.model_loader | Creating ModelLoader singleton (path=saved_models/agroguard_banana_convnext_small.pth)
2026-05-15 11:01:58 | INFO     | app.models.model_loader | Loading banana model weights from 'saved_models/agroguard_banana_convnext_small.pth' on cuda
2026-05-15 11:01:58 | INFO     | app.models.model_loader | Banana disease model loaded successfully (7 classes).
2026-05-15 11:01:59 | INFO     | app.main | ╔══════════════════════════════════════════════╗
2026-05-15 11:01:59 | INFO     | app.main | ║  AgroGuard-AI STARTING  ║
2026-05-15 11:01:59 | INFO     | app.main | ╚══════════════════════════════════════════════╝
2026-05-15 11:02:00 | INFO     | app.database.db | Database tables created / verified.
2026-05-15 11:02:00 | INFO     | app.main | ✓ Database tables ready.
2026-05-15 11:02:00 | INFO     | app.main | ✓ Banana disease model loaded and ready.
2026-05-15 11:02:00 | INFO     | app.main | ✓ AgroGuard-AI is ready → base URL: /api/v1
2026-05-15 11:02:04 | INFO     | app.api.routes | POST /predict | farmer_id=3 phone='8667540547' file='image.jpg' lat=None lng=None language='english' (resolved from 'en')
2026-05-15 11:02:04 | INFO     | app.services.prediction_service | ── Prediction Pipeline START (farmer_id=3 language=english) ──
2026-05-15 11:02:04 | INFO     | app.services.prediction_service | Step 1 ✓ Image type and size validated
2026-05-15 11:02:04 | INFO     | app.services.guardrail_service | Plant guardrail ✓ green=68.3% variance=4446 edges=0.194
2026-05-15 11:02:04 | INFO     | app.services.prediction_service | Step 2 ✓ Plant/leaf content validated
2026-05-15 11:02:06 | INFO     | app.services.prediction_service | Step 3 ✓ Preprocessed → (1, 3, 224, 224)
2026-05-15 11:02:07 | INFO     | app.models.disease_classifier | Prediction → 'Banana - Healthy' confidence=0.9297 ✓
2026-05-15 11:02:07 | INFO     | app.services.prediction_service | Step 4 ✓ Disease='Banana - Healthy' Confidence=0.9297 is_confident=True is_banana=True
2026-05-15 11:02:07 | INFO     | app.models.severity_estimator | Banana plant is healthy — no severity assigned.
2026-05-15 11:02:07 | INFO     | app.services.prediction_service | Step 5 ✓ Severity=None
2026-05-15 11:02:07 | INFO     | app.services.advisory_service | ICAR KB matched keyword='healthy' severity='None'
2026-05-15 11:02:07 | INFO     | app.services.advisory_service | ICAR KB advisory — disease='Banana - Healthy' severity='None'
2026-05-15 11:02:07 | INFO     | app.services.prediction_service | Step 6 ✓ Advisory generated (1432 chars) language='english'
2026-05-15 11:02:07 | INFO     | app.services.prediction_service | Step 7 ✓ Found 0 nearby centres
2026-05-15 11:02:07 | INFO     | app.database.crud | Prediction saved → id=115 farmer_id=3 disease='Banana - Healthy'
2026-05-15 11:02:07 | INFO     | app.services.prediction_service | Step 8 ✓ Saved to database
2026-05-15 11:02:07 | INFO     | app.services.prediction_service | ── Pipeline COMPLETE → Banana - Healthy | None | 92.97% | lang=english ──
2026-05-15 11:02:25 | INFO     | app.api.auth | POST /auth/login | phone='8667540547'
2026-05-15 11:02:25 | INFO     | app.services.auth_service | JWT token created for farmer_id=3
2026-05-15 11:02:25 | INFO     | app.services.auth_service | Farmer logged in → id=3 phone='8667540547'
2026-05-15 11:02:33 | INFO     | app.api.routes | POST /predict | farmer_id=3 phone='8667540547' file='image.jpg' lat=11.392493 lng=79.706322 language='english' (resolved from 'en')
2026-05-15 11:02:33 | INFO     | app.services.prediction_service | ── Prediction Pipeline START (farmer_id=3 language=english) ──
2026-05-15 11:02:33 | INFO     | app.services.prediction_service | Step 1 ✓ Image type and size validated
2026-05-15 11:02:33 | INFO     | app.services.guardrail_service | Plant guardrail ✓ green=46.8% variance=4247 edges=0.353
2026-05-15 11:02:33 | INFO     | app.services.prediction_service | Step 2 ✓ Plant/leaf content validated
2026-05-15 11:02:34 | INFO     | app.services.prediction_service | Step 3 ✓ Preprocessed → (1, 3, 224, 224)
2026-05-15 11:02:34 | INFO     | app.models.disease_classifier | Prediction → 'Banana - Bunchy Top Virus (BBTV)' confidence=1.0000 ✓
2026-05-15 11:02:34 | INFO     | app.services.prediction_service | Step 4 ✓ Disease='Banana - Bunchy Top Virus (BBTV)' Confidence=1.0000 is_confident=True is_banana=True
2026-05-15 11:02:34 | INFO     | app.models.severity_estimator | Disease 'Banana - Bunchy Top Virus (BBTV)' is always treated as High severity.
2026-05-15 11:02:34 | INFO     | app.services.prediction_service | Step 5 ✓ Severity=High
2026-05-15 11:02:34 | INFO     | app.services.advisory_service | ICAR KB matched keyword='bunchy' severity='High'
2026-05-15 11:02:34 | INFO     | app.services.advisory_service | ICAR KB advisory — disease='Banana - Bunchy Top Virus (BBTV)' severity='High'
2026-05-15 11:02:34 | INFO     | app.services.prediction_service | Step 6 ✓ Advisory generated (1453 chars) language='english'
2026-05-15 11:02:37 | INFO     | app.services.location_service | Query 'agriculture office' → 10 new results
2026-05-15 11:02:37 | INFO     | app.services.location_service | Returning 5 nearby centers for (11.3925, 79.7063)
2026-05-15 11:02:37 | INFO     | app.services.prediction_service | Step 7 ✓ Found 5 nearby centres
2026-05-15 11:02:37 | INFO     | app.database.crud | Prediction saved → id=116 farmer_id=3 disease='Banana - Bunchy Top Virus (BBTV)'
2026-05-15 11:02:37 | INFO     | app.services.prediction_service | Step 8 ✓ Saved to database
2026-05-15 11:02:37 | INFO     | app.services.prediction_service | ── Pipeline COMPLETE → Banana - Bunchy Top Virus (BBTV) | High | 100.00% | lang=english ──
2026-05-15 11:05:36 | INFO     | app.api.routes | POST /predict | farmer_id=3 phone='8667540547' file='image.jpg' lat=11.392493 lng=79.706322 language='english' (resolved from 'en')
2026-05-15 11:05:36 | INFO     | app.services.prediction_service | ── Prediction Pipeline START (farmer_id=3 language=english) ──
2026-05-15 11:05:36 | INFO     | app.services.prediction_service | Step 1 ✓ Image type and size validated
2026-05-15 11:05:36 | INFO     | app.services.guardrail_service | Plant guardrail ✓ green=15.0% variance=4119 edges=0.270
2026-05-15 11:05:36 | INFO     | app.services.prediction_service | Step 2 ✓ Plant/leaf content validated
2026-05-15 11:05:38 | INFO     | app.services.prediction_service | Step 3 ✓ Preprocessed → (1, 3, 224, 224)
2026-05-15 11:05:38 | INFO     | app.models.disease_classifier | Prediction → 'Banana - Panama Disease (Fusarium Wilt)' confidence=1.0000 ✓
2026-05-15 11:05:38 | INFO     | app.services.prediction_service | Step 4 ✓ Disease='Banana - Panama Disease (Fusarium Wilt)' Confidence=1.0000 is_confident=True is_banana=True
2026-05-15 11:05:38 | INFO     | app.models.severity_estimator | Disease 'Banana - Panama Disease (Fusarium Wilt)' is always treated as High severity.
2026-05-15 11:05:38 | INFO     | app.services.prediction_service | Step 5 ✓ Severity=High
2026-05-15 11:05:38 | INFO     | app.services.advisory_service | ICAR KB matched keyword='panama' severity='High'
2026-05-15 11:05:38 | INFO     | app.services.advisory_service | ICAR KB advisory — disease='Banana - Panama Disease (Fusarium Wilt)' severity='High'
2026-05-15 11:05:38 | INFO     | app.services.prediction_service | Step 6 ✓ Advisory generated (2432 chars) language='english'
2026-05-15 11:05:41 | INFO     | app.services.location_service | Query 'agriculture office' → 10 new results
2026-05-15 11:05:41 | INFO     | app.services.location_service | Returning 5 nearby centers for (11.3925, 79.7063)
2026-05-15 11:05:41 | INFO     | app.services.prediction_service | Step 7 ✓ Found 5 nearby centres
2026-05-15 11:05:41 | INFO     | app.database.crud | Prediction saved → id=117 farmer_id=3 disease='Banana - Panama Disease (Fusarium Wilt)'
2026-05-15 11:05:41 | INFO     | app.services.prediction_service | Step 8 ✓ Saved to database
2026-05-15 11:05:41 | INFO     | app.services.prediction_service | ── Pipeline COMPLETE → Banana - Panama Disease (Fusarium Wilt) | High | 100.00% | lang=english ──
2026-05-15 11:07:23 | INFO     | app.main | AgroGuard-AI shutting down gracefully.
2026-05-15 11:07:31 | INFO     | app.models.model_loader | Creating ModelLoader singleton (path=saved_models/agroguard_banana_convnext_small.pth)
2026-05-15 11:07:33 | INFO     | app.models.model_loader | Loading banana model weights from 'saved_models/agroguard_banana_convnext_small.pth' on cuda
2026-05-15 11:07:33 | INFO     | app.models.model_loader | Banana disease model loaded successfully (7 classes).
2026-05-15 11:07:34 | INFO     | app.main | ╔══════════════════════════════════════════════╗
2026-05-15 11:07:34 | INFO     | app.main | ║  AgroGuard-AI STARTING  ║
2026-05-15 11:07:34 | INFO     | app.main | ╚══════════════════════════════════════════════╝
2026-05-15 11:07:34 | INFO     | app.database.db | Database tables created / verified.
2026-05-15 11:07:34 | INFO     | app.main | ✓ Database tables ready.
2026-05-15 11:07:34 | INFO     | app.main | ✓ Banana disease model loaded and ready.
2026-05-15 11:07:34 | INFO     | app.main | ✓ AgroGuard-AI is ready → base URL: /api/v1
2026-05-15 11:13:23 | INFO     | app.main | AgroGuard-AI shutting down gracefully.
2026-05-15 11:13:31 | INFO     | app.models.model_loader | Creating ModelLoader singleton (path=saved_models/agroguard_banana_convnext_small.pth)
2026-05-15 11:13:32 | INFO     | app.models.model_loader | Loading banana model weights from 'saved_models/agroguard_banana_convnext_small.pth' on cuda
2026-05-15 11:13:33 | INFO     | app.models.model_loader | Banana disease model loaded successfully (7 classes).
2026-05-15 11:13:33 | INFO     | app.main | ╔══════════════════════════════════════════════╗
2026-05-15 11:13:33 | INFO     | app.main | ║  AgroGuard-AI STARTING  ║
2026-05-15 11:13:33 | INFO     | app.main | ╚══════════════════════════════════════════════╝
2026-05-15 11:13:34 | INFO     | app.database.db | Database tables created / verified.
2026-05-15 11:13:34 | INFO     | app.main | ✓ Database tables ready.
2026-05-15 11:13:34 | INFO     | app.main | ✓ Banana disease model loaded and ready.
2026-05-15 11:13:34 | INFO     | app.main | ✓ AgroGuard-AI is ready → base URL: /api/v1
2026-05-15 11:13:36 | INFO     | app.api.routes | POST /predict | farmer_id=3 phone='8667540547' file='image.jpg' lat=None lng=None language='english' (resolved from 'en')
2026-05-15 11:13:36 | INFO     | app.services.prediction_service | ── Prediction Pipeline START (farmer_id=3 language=english) ──
2026-05-15 11:13:36 | INFO     | app.services.prediction_service | Step 1 ✓ Image type and size validated
2026-05-15 11:13:36 | INFO     | app.services.guardrail_service | Plant guardrail ✓ green=45.5% variance=5832 edges=0.247
2026-05-15 11:13:36 | INFO     | app.services.prediction_service | Step 2 ✓ Plant/leaf content validated
2026-05-15 11:13:37 | INFO     | app.services.prediction_service | Step 3 ✓ Preprocessed → (1, 3, 224, 224)
2026-05-15 11:13:38 | INFO     | app.models.disease_classifier | Prediction → 'Banana - Black Sigatoka' confidence=0.9948 ✓
2026-05-15 11:13:38 | INFO     | app.services.prediction_service | Step 4 ✓ Disease='Banana - Black Sigatoka' Confidence=0.9948 is_confident=True is_banana=True
2026-05-15 11:13:38 | INFO     | app.models.severity_estimator | Severity estimated → High (disease='Banana - Black Sigatoka', confidence=0.9948)
2026-05-15 11:13:38 | INFO     | app.services.prediction_service | Step 5 ✓ Severity=High
2026-05-15 11:13:38 | INFO     | app.services.advisory_service | ICAR KB matched keyword='black sigatoka' severity='High'
2026-05-15 11:13:38 | INFO     | app.services.advisory_service | ICAR KB advisory — disease='Banana - Black Sigatoka' severity='High'
2026-05-15 11:13:38 | INFO     | app.services.prediction_service | Step 6 ✓ Advisory generated (2143 chars) language='english'
2026-05-15 11:13:38 | INFO     | app.services.prediction_service | Step 7 ✓ Found 0 nearby centres
2026-05-15 11:13:38 | INFO     | app.database.crud | Prediction saved → id=118 farmer_id=3 disease='Banana - Black Sigatoka'
2026-05-15 11:13:38 | INFO     | app.services.prediction_service | Step 8 ✓ Saved to database
2026-05-15 11:13:38 | INFO     | app.services.prediction_service | ── Pipeline COMPLETE → Banana - Black Sigatoka | High | 99.48% | lang=english ──
2026-05-15 11:21:19 | INFO     | app.main | AgroGuard-AI shutting down gracefully.
2026-05-15 11:21:32 | INFO     | app.models.model_loader | Creating ModelLoader singleton (path=saved_models/agroguard_banana_convnext_small.pth)
2026-05-15 11:21:33 | INFO     | app.models.model_loader | Loading banana model weights from 'saved_models/agroguard_banana_convnext_small.pth' on cuda
2026-05-15 11:21:33 | INFO     | app.models.model_loader | Banana disease model loaded successfully (7 classes).
2026-05-15 11:21:34 | INFO     | app.main | ╔══════════════════════════════════════════════╗
2026-05-15 11:21:34 | INFO     | app.main | ║  AgroGuard-AI STARTING  ║
2026-05-15 11:21:34 | INFO     | app.main | ╚══════════════════════════════════════════════╝
2026-05-15 11:21:34 | INFO     | app.database.db | Database tables created / verified.
2026-05-15 11:21:34 | INFO     | app.main | ✓ Database tables ready.
2026-05-15 11:21:34 | INFO     | app.main | ✓ Banana disease model loaded and ready.
2026-05-15 11:21:34 | INFO     | app.main | ✓ AgroGuard-AI is ready → base URL: /api/v1
2026-05-15 11:21:50 | INFO     | app.api.routes | POST /predict | farmer_id=3 phone='8667540547' file='image.jpg' lat=None lng=None language='english' (resolved from 'en')
2026-05-15 11:21:50 | INFO     | app.services.prediction_service | ── Prediction Pipeline START (farmer_id=3 language=english) ──
2026-05-15 11:21:50 | INFO     | app.services.prediction_service | Step 1 ✓ Image type and size validated
2026-05-15 11:21:50 | INFO     | app.services.guardrail_service | Plant guardrail ✓ green=15.2% variance=4313 edges=0.209
2026-05-15 11:21:50 | INFO     | app.services.prediction_service | Step 2 ✓ Plant/leaf content validated
2026-05-15 11:21:51 | INFO     | app.services.prediction_service | Step 3 ✓ Preprocessed → (1, 3, 224, 224)
2026-05-15 11:21:51 | INFO     | app.models.disease_classifier | Prediction → 'Banana - Pseudostem Weevil Infestation' confidence=1.0000 ✓
2026-05-15 11:21:51 | INFO     | app.services.prediction_service | Step 4 ✓ Disease='Banana - Pseudostem Weevil Infestation' Confidence=1.0000 is_confident=True is_banana=True
2026-05-15 11:21:51 | INFO     | app.models.severity_estimator | Severity estimated → High (disease='Banana - Pseudostem Weevil Infestation', confidence=1.0000)
2026-05-15 11:21:51 | INFO     | app.services.prediction_service | Step 5 ✓ Severity=High
2026-05-15 11:21:51 | INFO     | app.services.advisory_service | ICAR KB matched keyword='weevil' severity='High'
2026-05-15 11:21:51 | INFO     | app.services.advisory_service | ICAR KB advisory — disease='Banana - Pseudostem Weevil Infestation' severity='High'
2026-05-15 11:21:51 | INFO     | app.services.prediction_service | Step 6 ✓ Advisory generated (1880 chars) language='english'
2026-05-15 11:21:51 | INFO     | app.services.prediction_service | Step 7 ✓ Found 0 nearby centres
2026-05-15 11:21:51 | INFO     | app.database.crud | Prediction saved → id=119 farmer_id=3 disease='Banana - Pseudostem Weevil Infestation'
2026-05-15 11:21:51 | INFO     | app.services.prediction_service | Step 8 ✓ Saved to database
2026-05-15 11:21:51 | INFO     | app.services.prediction_service | ── Pipeline COMPLETE → Banana - Pseudostem Weevil Infestation | High | 100.00% | lang=english ──
2026-05-15 11:23:18 | INFO     | app.api.routes | POST /predict | farmer_id=3 phone='8667540547' file='image.jpg' lat=None lng=None language='english' (resolved from 'en')
2026-05-15 11:23:18 | INFO     | app.services.prediction_service | ── Prediction Pipeline START (farmer_id=3 language=english) ──
2026-05-15 11:23:18 | INFO     | app.services.prediction_service | Step 1 ✓ Image type and size validated
2026-05-15 11:23:19 | INFO     | app.services.guardrail_service | Plant guardrail ✓ green=30.0% variance=2042 edges=0.014
2026-05-15 11:23:20 | INFO     | app.services.prediction_service | Step 2 ✓ Plant/leaf content validated
2026-05-15 11:23:20 | WARNING  | app.api.routes | Validation error: Image is too blurry (score: 29.2). Please take a clearer photo of the banana leaf in good lighting.
2026-05-15 11:23:40 | INFO     | app.api.routes | POST /predict | farmer_id=3 phone='8667540547' file='image.jpg' lat=11.392493 lng=79.706322 language='english' (resolved from 'en')
2026-05-15 11:23:40 | INFO     | app.services.prediction_service | ── Prediction Pipeline START (farmer_id=3 language=english) ──
2026-05-15 11:23:40 | INFO     | app.services.prediction_service | Step 1 ✓ Image type and size validated
2026-05-15 11:23:40 | INFO     | app.services.guardrail_service | Plant guardrail ✓ green=13.2% variance=5767 edges=0.106
2026-05-15 11:23:40 | INFO     | app.services.prediction_service | Step 2 ✓ Plant/leaf content validated
2026-05-15 11:23:41 | INFO     | app.services.prediction_service | Step 3 ✓ Preprocessed → (1, 3, 224, 224)
2026-05-15 11:23:41 | INFO     | app.models.disease_classifier | Prediction → 'Banana - Pseudostem Weevil Infestation' confidence=1.0000 ✓
2026-05-15 11:23:41 | INFO     | app.services.prediction_service | Step 4 ✓ Disease='Banana - Pseudostem Weevil Infestation' Confidence=1.0000 is_confident=True is_banana=True
2026-05-15 11:23:41 | INFO     | app.models.severity_estimator | Severity estimated → High (disease='Banana - Pseudostem Weevil Infestation', confidence=1.0000)
2026-05-15 11:23:41 | INFO     | app.services.prediction_service | Step 5 ✓ Severity=High
2026-05-15 11:23:41 | INFO     | app.services.advisory_service | ICAR KB matched keyword='weevil' severity='High'
2026-05-15 11:23:41 | INFO     | app.services.advisory_service | ICAR KB advisory — disease='Banana - Pseudostem Weevil Infestation' severity='High'
2026-05-15 11:23:41 | INFO     | app.services.prediction_service | Step 6 ✓ Advisory generated (1880 chars) language='english'
2026-05-15 11:23:44 | WARNING  | app.services.location_service | Geoapify error at radius 25000 m: Client error '400 Bad Request' for url 'https://api.geoapify.com/v2/places?categories=office.government%2Coffice.research%2Cagriculture.centers%2Chotricultural.centers&filter=circle%3A79.706322%2C11.392493%2C25000&bias=proximity%3A79.706322%2C11.392493&limit=50&apiKey=5a7d324da87b4b45a3a70c86c3300630'
For more information check: https://developer.mozilla.org/en-US/docs/Web/HTTP/Status/400
2026-05-15 11:23:44 | INFO     | app.services.location_service | Returning 0 agriculture centres for (11.3925, 79.7063)
2026-05-15 11:23:44 | INFO     | app.services.prediction_service | Step 7 ✓ Found 0 nearby centres
2026-05-15 11:23:44 | INFO     | app.database.crud | Prediction saved → id=120 farmer_id=3 disease='Banana - Pseudostem Weevil Infestation'
2026-05-15 11:23:44 | INFO     | app.services.prediction_service | Step 8 ✓ Saved to database
2026-05-15 11:23:44 | INFO     | app.services.prediction_service | ── Pipeline COMPLETE → Banana - Pseudostem Weevil Infestation | High | 100.00% | lang=english ──
2026-05-15 11:24:12 | INFO     | app.api.routes | GET /maps/nearby-centers | lat=11.392493 lng=79.706322 (frontend alias)
2026-05-15 11:24:14 | WARNING  | app.services.location_service | Geoapify error at radius 25000 m: Client error '400 Bad Request' for url 'https://api.geoapify.com/v2/places?categories=office.government%2Coffice.research%2Cagriculture.centers%2Chotricultural.centers&filter=circle%3A79.706322%2C11.392493%2C25000&bias=proximity%3A79.706322%2C11.392493&limit=50&apiKey=5a7d324da87b4b45a3a70c86c3300630'
For more information check: https://developer.mozilla.org/en-US/docs/Web/HTTP/Status/400
2026-05-15 11:24:14 | INFO     | app.services.location_service | Returning 0 agriculture centres for (11.3925, 79.7063)
2026-05-15 11:24:33 | INFO     | app.api.routes | GET /maps/nearby-centers | lat=11.392493 lng=79.706322 (frontend alias)
2026-05-15 11:24:35 | WARNING  | app.services.location_service | Geoapify error at radius 25000 m: Client error '400 Bad Request' for url 'https://api.geoapify.com/v2/places?categories=office.government%2Coffice.research%2Cagriculture.centers%2Chotricultural.centers&filter=circle%3A79.706322%2C11.392493%2C25000&bias=proximity%3A79.706322%2C11.392493&limit=50&apiKey=5a7d324da87b4b45a3a70c86c3300630'
For more information check: https://developer.mozilla.org/en-US/docs/Web/HTTP/Status/400
2026-05-15 11:24:35 | INFO     | app.services.location_service | Returning 0 agriculture centres for (11.3925, 79.7063)
2026-05-15 11:26:09 | INFO     | app.api.speech | POST /speech/transcribe | file='recording.wav' lang='None'
2026-05-15 11:26:09 | INFO     | app.services.speech_service | Whisper transcription started | lang_hint='None' | size=2088 bytes
2026-05-15 11:26:09 | INFO     | app.services.speech_service | Loading Whisper medium model... (first run downloads ~1.5 GB — please wait)
2026-05-15 11:26:34 | INFO     | app.services.speech_service | ✓ Whisper medium model loaded successfully.
2026-05-15 11:27:01 | INFO     | app.services.speech_service | Whisper complete | detected_lang='en' | text=''
2026-05-15 14:38:47 | INFO     | app.models.model_loader | Creating ModelLoader singleton (path=saved_models/agroguard_banana_convnext_small.pth)
2026-05-15 14:38:50 | INFO     | app.models.model_loader | Loading banana model weights from 'saved_models/agroguard_banana_convnext_small.pth' on cuda
2026-05-15 14:38:51 | INFO     | app.models.model_loader | Banana disease model loaded successfully (7 classes).
2026-05-15 14:38:56 | INFO     | app.main | ╔══════════════════════════════════════════════╗
2026-05-15 14:38:56 | INFO     | app.main | ║  AgroGuard-AI STARTING  ║
2026-05-15 14:38:56 | INFO     | app.main | ╚══════════════════════════════════════════════╝
2026-05-15 14:38:56 | INFO     | app.database.db | Database tables created / verified.
2026-05-15 14:38:56 | INFO     | app.main | ✓ Database tables ready.
2026-05-15 14:38:56 | INFO     | app.main | ✓ Banana disease model loaded and ready.
2026-05-15 14:38:56 | INFO     | app.main | ✓ AgroGuard-AI is ready → base URL: /api/v1
2026-05-15 15:21:22 | INFO     | app.api.auth | POST /auth/login | phone='8667540547'
2026-05-15 15:21:23 | INFO     | app.services.auth_service | JWT token created for farmer_id=3
2026-05-15 15:21:23 | INFO     | app.services.auth_service | Farmer logged in → id=3 phone='8667540547'
2026-05-15 15:21:41 | INFO     | app.api.routes | POST /predict | farmer_id=3 phone='8667540547' file='image.jpg' lat=None lng=None language='english' (resolved from 'en')
2026-05-15 15:21:41 | INFO     | app.services.prediction_service | ── Prediction Pipeline START (farmer_id=3 language=english) ──
2026-05-15 15:21:41 | INFO     | app.services.prediction_service | Step 1 ✓ Image type and size validated
2026-05-15 15:21:42 | INFO     | app.services.guardrail_service | Plant guardrail ✓ green=90.4% variance=1547 edges=0.181
2026-05-15 15:21:42 | INFO     | app.services.prediction_service | Step 2 ✓ Plant/leaf content validated
2026-05-15 15:21:45 | INFO     | app.services.prediction_service | Step 3 ✓ Preprocessed → (1, 3, 224, 224)
2026-05-15 15:21:47 | INFO     | app.models.disease_classifier | Prediction → 'Banana - Healthy' confidence=1.0000 ✓
2026-05-15 15:21:47 | INFO     | app.services.prediction_service | Step 4 ✓ Disease='Banana - Healthy' Confidence=1.0000 is_confident=True is_banana=True
2026-05-15 15:21:47 | INFO     | app.models.severity_estimator | Banana plant is healthy — no severity assigned.
2026-05-15 15:21:47 | INFO     | app.services.prediction_service | Step 5 ✓ Severity=None
2026-05-15 15:21:47 | INFO     | app.services.advisory_service | ICAR KB matched keyword='healthy' severity='None'
2026-05-15 15:21:47 | INFO     | app.services.advisory_service | ICAR KB advisory — disease='Banana - Healthy' severity='None'
2026-05-15 15:21:47 | INFO     | app.services.prediction_service | Step 6 ✓ Advisory generated (1432 chars) language='english'
2026-05-15 15:21:47 | INFO     | app.services.prediction_service | Step 7 ✓ Found 0 nearby centres
2026-05-15 15:21:48 | INFO     | app.database.crud | Prediction saved → id=121 farmer_id=3 disease='Banana - Healthy'
2026-05-15 15:21:48 | INFO     | app.services.prediction_service | Step 8 ✓ Saved to database
2026-05-15 15:21:48 | INFO     | app.services.prediction_service | ── Pipeline COMPLETE → Banana - Healthy | None | 100.00% | lang=english ──
2026-05-15 15:22:19 | INFO     | app.api.routes | POST /predict | farmer_id=3 phone='8667540547' file='image.jpg' lat=None lng=None language='english' (resolved from 'en')
2026-05-15 15:22:19 | INFO     | app.services.prediction_service | ── Prediction Pipeline START (farmer_id=3 language=english) ──
2026-05-15 15:22:19 | INFO     | app.services.prediction_service | Step 1 ✓ Image type and size validated
2026-05-15 15:22:20 | INFO     | app.services.guardrail_service | Plant guardrail ✓ green=45.4% variance=4965 edges=0.279
2026-05-15 15:22:20 | INFO     | app.services.prediction_service | Step 2 ✓ Plant/leaf content validated
2026-05-15 15:22:23 | INFO     | app.services.prediction_service | Step 3 ✓ Preprocessed → (1, 3, 224, 224)
2026-05-15 15:22:23 | INFO     | app.models.disease_classifier | Prediction → 'Banana - Panama Disease (Fusarium Wilt)' confidence=1.0000 ✓
2026-05-15 15:22:23 | INFO     | app.services.prediction_service | Step 4 ✓ Disease='Banana - Panama Disease (Fusarium Wilt)' Confidence=1.0000 is_confident=True is_banana=True
2026-05-15 15:22:23 | INFO     | app.models.severity_estimator | Disease 'Banana - Panama Disease (Fusarium Wilt)' is always treated as High severity.
2026-05-15 15:22:23 | INFO     | app.services.prediction_service | Step 5 ✓ Severity=High
2026-05-15 15:22:23 | INFO     | app.services.advisory_service | ICAR KB matched keyword='panama' severity='High'
2026-05-15 15:22:23 | INFO     | app.services.advisory_service | ICAR KB advisory — disease='Banana - Panama Disease (Fusarium Wilt)' severity='High'
2026-05-15 15:22:23 | INFO     | app.services.prediction_service | Step 6 ✓ Advisory generated (2432 chars) language='english'
2026-05-15 15:22:23 | INFO     | app.services.prediction_service | Step 7 ✓ Found 0 nearby centres
2026-05-15 15:22:23 | INFO     | app.database.crud | Prediction saved → id=122 farmer_id=3 disease='Banana - Panama Disease (Fusarium Wilt)'
2026-05-15 15:22:24 | INFO     | app.services.prediction_service | Step 8 ✓ Saved to database
2026-05-15 15:22:24 | INFO     | app.services.prediction_service | ── Pipeline COMPLETE → Banana - Panama Disease (Fusarium Wilt) | High | 100.00% | lang=english ──
2026-05-15 15:23:17 | INFO     | app.api.routes | POST /predict | farmer_id=3 phone='8667540547' file='image.jpg' lat=None lng=None language='tamil' (resolved from 'ta')
2026-05-15 15:23:17 | INFO     | app.services.prediction_service | ── Prediction Pipeline START (farmer_id=3 language=tamil) ──
2026-05-15 15:23:17 | INFO     | app.services.prediction_service | Step 1 ✓ Image type and size validated
2026-05-15 15:23:17 | INFO     | app.services.guardrail_service | Plant guardrail ✓ green=15.0% variance=4119 edges=0.270
2026-05-15 15:23:17 | INFO     | app.services.prediction_service | Step 2 ✓ Plant/leaf content validated
2026-05-15 15:23:19 | INFO     | app.services.prediction_service | Step 3 ✓ Preprocessed → (1, 3, 224, 224)
2026-05-15 15:23:19 | INFO     | app.models.disease_classifier | Prediction → 'Banana - Panama Disease (Fusarium Wilt)' confidence=1.0000 ✓
2026-05-15 15:23:19 | INFO     | app.services.prediction_service | Step 4 ✓ Disease='Banana - Panama Disease (Fusarium Wilt)' Confidence=1.0000 is_confident=True is_banana=True
2026-05-15 15:23:19 | INFO     | app.models.severity_estimator | Disease 'Banana - Panama Disease (Fusarium Wilt)' is always treated as High severity.
2026-05-15 15:23:19 | INFO     | app.services.prediction_service | Step 5 ✓ Severity=High
2026-05-15 15:23:19 | INFO     | app.services.advisory_service | Regional KB advisory — disease='Banana - Panama Disease (Fusarium Wilt)' severity='High' language='tamil'
2026-05-15 15:23:19 | INFO     | app.services.prediction_service | Step 6 ✓ Advisory generated (1208 chars) language='tamil'
2026-05-15 15:23:19 | INFO     | app.services.prediction_service | Step 7 ✓ Found 0 nearby centres
2026-05-15 15:23:20 | INFO     | app.database.crud | Prediction saved → id=123 farmer_id=3 disease='Banana - Panama Disease (Fusarium Wilt)'
2026-05-15 15:23:20 | INFO     | app.services.prediction_service | Step 8 ✓ Saved to database
2026-05-15 15:23:20 | INFO     | app.services.prediction_service | ── Pipeline COMPLETE → Banana - Panama Disease (Fusarium Wilt) | High | 100.00% | lang=tamil ──
2026-07-28 23:37:20 | INFO     | app.models.model_loader | Creating ModelLoader singleton (path=saved_models/agroguard_banana_convnext_small.pth)
2026-07-28 23:37:22 | INFO     | app.models.model_loader | Loading banana model weights from 'saved_models/agroguard_banana_convnext_small.pth' on cuda
2026-07-28 23:37:23 | INFO     | app.models.model_loader | Banana disease model loaded successfully (7 classes).
2026-07-28 23:37:27 | INFO     | app.main | ╔══════════════════════════════════════════════╗
2026-07-28 23:37:27 | INFO     | app.main | ║  AgroGuard-AI STARTING  ║
2026-07-28 23:37:27 | INFO     | app.main | ╚══════════════════════════════════════════════╝
2026-07-28 23:37:27 | INFO     | app.database.db | Database tables created / verified.
2026-07-28 23:37:27 | INFO     | app.main | ✓ Database tables ready.
2026-07-28 23:37:27 | INFO     | app.main | ✓ Banana disease model loaded and ready.
2026-07-28 23:37:27 | INFO     | app.main | ✓ AgroGuard-AI is ready → base URL: /api/v1
2026-07-28 23:37:30 | INFO     | app.models.model_loader | Creating ModelLoader singleton (path=saved_models/agroguard_banana_convnext_small.pth)
2026-07-28 23:37:31 | INFO     | app.models.model_loader | Loading banana model weights from 'saved_models/agroguard_banana_convnext_small.pth' on cuda
2026-07-28 23:37:32 | INFO     | app.models.model_loader | Banana disease model loaded successfully (7 classes).
2026-07-28 23:37:32 | INFO     | app.main | ╔══════════════════════════════════════════════╗
2026-07-28 23:37:32 | INFO     | app.main | ║  AgroGuard-AI STARTING  ║
2026-07-28 23:37:32 | INFO     | app.main | ╚══════════════════════════════════════════════╝
2026-07-28 23:37:32 | INFO     | app.database.db | Database tables created / verified.
2026-07-28 23:37:32 | INFO     | app.main | ✓ Database tables ready.
2026-07-28 23:37:32 | INFO     | app.main | ✓ Banana disease model loaded and ready.
2026-07-28 23:37:32 | INFO     | app.main | ✓ AgroGuard-AI is ready → base URL: /api/v1
2026-07-28 23:39:25 | INFO     | app.api.auth | POST /auth/register | phone='8667540547' name='ragul'
2026-07-28 23:39:30 | INFO     | app.api.auth | POST /auth/login | phone='8667540547'
2026-07-28 23:39:31 | INFO     | app.services.auth_service | JWT token created for farmer_id=3
2026-07-28 23:39:31 | INFO     | app.services.auth_service | Farmer logged in → id=3 phone='8667540547'
2026-07-28 23:39:44 | INFO     | app.api.routes | POST /predict | farmer_id=3 phone='8667540547' file='image.jpg' lat=None lng=None language='english' (resolved from 'en')
2026-07-28 23:39:44 | INFO     | app.services.prediction_service | ── Prediction Pipeline START (farmer_id=3 language=english) ──
2026-07-28 23:39:44 | INFO     | app.services.prediction_service | Step 1 ✓ Image type and size validated
2026-07-28 23:39:45 | INFO     | app.services.guardrail_service | Plant guardrail ✓ green=45.5% variance=5832 edges=0.247
2026-07-28 23:39:45 | INFO     | app.services.prediction_service | Step 2 ✓ Plant/leaf content validated
2026-07-28 23:39:45 | INFO     | app.services.prediction_service | Step 3 ✓ Preprocessed → (1, 3, 224, 224)
2026-07-28 23:39:47 | INFO     | app.models.disease_classifier | Prediction → 'Banana - Black Sigatoka' confidence=0.9948 ✓
2026-07-28 23:39:47 | INFO     | app.services.prediction_service | Step 4 ✓ Disease='Banana - Black Sigatoka' Confidence=0.9948 is_confident=True is_banana=True
2026-07-28 23:39:47 | INFO     | app.models.severity_estimator | Severity estimated → High (disease='Banana - Black Sigatoka', confidence=0.9948)
2026-07-28 23:39:47 | INFO     | app.services.prediction_service | Step 5 ✓ Severity=High
2026-07-28 23:39:47 | INFO     | app.services.advisory_service | ICAR KB matched keyword='black sigatoka' severity='High'
2026-07-28 23:39:47 | INFO     | app.services.advisory_service | ICAR KB advisory — disease='Banana - Black Sigatoka' severity='High'
2026-07-28 23:39:47 | INFO     | app.services.prediction_service | Step 6 ✓ Advisory generated (2143 chars) language='english'
2026-07-28 23:39:47 | INFO     | app.services.prediction_service | Step 7 ✓ Found 0 nearby centres
2026-07-28 23:39:47 | INFO     | app.database.crud | Prediction saved → id=124 farmer_id=3 disease='Banana - Black Sigatoka'
2026-07-28 23:39:47 | INFO     | app.services.prediction_service | Step 8 ✓ Saved to database
2026-07-28 23:39:47 | INFO     | app.services.prediction_service | ── Pipeline COMPLETE → Banana - Black Sigatoka | High | 99.48% | lang=english ──
2026-07-28 23:41:53 | INFO     | app.api.auth | POST /auth/login | phone='8667540547'
2026-07-28 23:41:54 | INFO     | app.services.auth_service | JWT token created for farmer_id=3
2026-07-28 23:41:54 | INFO     | app.services.auth_service | Farmer logged in → id=3 phone='8667540547'
2026-07-28 23:42:31 | INFO     | app.api.routes | POST /predict | farmer_id=3 phone='8667540547' file='download (3).jpg' lat=-90.0 lng=-180.0 language='english' (resolved from 'english')
2026-07-28 23:42:31 | INFO     | app.services.prediction_service | ── Prediction Pipeline START (farmer_id=3 language=english) ──
2026-07-28 23:42:31 | INFO     | app.services.prediction_service | Default GPS values received — treating as no GPS
2026-07-28 23:42:31 | INFO     | app.services.prediction_service | Step 1 ✓ Image type and size validated
2026-07-28 23:42:31 | INFO     | app.services.guardrail_service | Plant guardrail ✓ green=13.2% variance=5767 edges=0.106
2026-07-28 23:42:31 | INFO     | app.services.prediction_service | Step 2 ✓ Plant/leaf content validated
2026-07-28 23:42:31 | INFO     | app.services.prediction_service | Step 3 ✓ Preprocessed → (1, 3, 224, 224)
2026-07-28 23:42:32 | INFO     | app.models.disease_classifier | Prediction → 'Banana - Pseudostem Weevil Infestation' confidence=1.0000 ✓
2026-07-28 23:42:32 | INFO     | app.services.prediction_service | Step 4 ✓ Disease='Banana - Pseudostem Weevil Infestation' Confidence=1.0000 is_confident=True is_banana=True
2026-07-28 23:42:32 | INFO     | app.models.severity_estimator | Severity estimated → High (disease='Banana - Pseudostem Weevil Infestation', confidence=1.0000)
2026-07-28 23:42:32 | INFO     | app.services.prediction_service | Step 5 ✓ Severity=High
2026-07-28 23:42:32 | INFO     | app.services.advisory_service | ICAR KB matched keyword='weevil' severity='High'
2026-07-28 23:42:32 | INFO     | app.services.advisory_service | ICAR KB advisory — disease='Banana - Pseudostem Weevil Infestation' severity='High'
2026-07-28 23:42:32 | INFO     | app.services.prediction_service | Step 6 ✓ Advisory generated (1880 chars) language='english'
2026-07-28 23:42:32 | INFO     | app.services.prediction_service | Step 7 ✓ Found 0 nearby centres
2026-07-28 23:42:32 | INFO     | app.database.crud | Prediction saved → id=125 farmer_id=3 disease='Banana - Pseudostem Weevil Infestation'
2026-07-28 23:42:32 | INFO     | app.services.prediction_service | Step 8 ✓ Saved to database
2026-07-28 23:42:32 | INFO     | app.services.prediction_service | ── Pipeline COMPLETE → Banana - Pseudostem Weevil Infestation | High | 100.00% | lang=english ──
2026-07-28 23:43:45 | INFO     | app.api.routes | POST /predict | farmer_id=3 phone='8667540547' file='image.jpg' lat=None lng=None language='english' (resolved from 'en')
2026-07-28 23:43:45 | INFO     | app.services.prediction_service | ── Prediction Pipeline START (farmer_id=3 language=english) ──
2026-07-28 23:43:45 | INFO     | app.services.prediction_service | Step 1 ✓ Image type and size validated
2026-07-28 23:43:45 | INFO     | app.services.guardrail_service | Plant guardrail ✓ green=45.4% variance=4965 edges=0.279
2026-07-28 23:43:45 | INFO     | app.services.prediction_service | Step 2 ✓ Plant/leaf content validated
2026-07-28 23:43:48 | INFO     | app.services.prediction_service | Step 3 ✓ Preprocessed → (1, 3, 224, 224)
2026-07-28 23:43:48 | INFO     | app.models.disease_classifier | Prediction → 'Banana - Panama Disease (Fusarium Wilt)' confidence=1.0000 ✓
2026-07-28 23:43:48 | INFO     | app.services.prediction_service | Step 4 ✓ Disease='Banana - Panama Disease (Fusarium Wilt)' Confidence=1.0000 is_confident=True is_banana=True
2026-07-28 23:43:48 | INFO     | app.models.severity_estimator | Disease 'Banana - Panama Disease (Fusarium Wilt)' is always treated as High severity.
2026-07-28 23:43:48 | INFO     | app.services.prediction_service | Step 5 ✓ Severity=High
2026-07-28 23:43:48 | INFO     | app.services.advisory_service | ICAR KB matched keyword='panama' severity='High'
2026-07-28 23:43:48 | INFO     | app.services.advisory_service | ICAR KB advisory — disease='Banana - Panama Disease (Fusarium Wilt)' severity='High'
2026-07-28 23:43:48 | INFO     | app.services.prediction_service | Step 6 ✓ Advisory generated (2432 chars) language='english'
2026-07-28 23:43:48 | INFO     | app.services.prediction_service | Step 7 ✓ Found 0 nearby centres
2026-07-28 23:43:49 | INFO     | app.database.crud | Prediction saved → id=126 farmer_id=3 disease='Banana - Panama Disease (Fusarium Wilt)'
2026-07-28 23:43:49 | INFO     | app.services.prediction_service | Step 8 ✓ Saved to database
2026-07-28 23:43:49 | INFO     | app.services.prediction_service | ── Pipeline COMPLETE → Banana - Panama Disease (Fusarium Wilt) | High | 100.00% | lang=english ──
2026-07-28 23:44:04 | INFO     | app.api.routes | POST /predict | farmer_id=3 phone='8667540547' file='image.jpg' lat=None lng=None language='english' (resolved from 'en')
2026-07-28 23:44:04 | INFO     | app.services.prediction_service | ── Prediction Pipeline START (farmer_id=3 language=english) ──
2026-07-28 23:44:04 | INFO     | app.services.prediction_service | Step 1 ✓ Image type and size validated
2026-07-28 23:44:04 | INFO     | app.services.guardrail_service | Plant guardrail ✓ green=13.2% variance=5767 edges=0.106
2026-07-28 23:44:04 | INFO     | app.services.prediction_service | Step 2 ✓ Plant/leaf content validated
2026-07-28 23:44:05 | INFO     | app.services.prediction_service | Step 3 ✓ Preprocessed → (1, 3, 224, 224)
2026-07-28 23:44:05 | INFO     | app.models.disease_classifier | Prediction → 'Banana - Pseudostem Weevil Infestation' confidence=1.0000 ✓
2026-07-28 23:44:05 | INFO     | app.services.prediction_service | Step 4 ✓ Disease='Banana - Pseudostem Weevil Infestation' Confidence=1.0000 is_confident=True is_banana=True
2026-07-28 23:44:05 | INFO     | app.models.severity_estimator | Severity estimated → High (disease='Banana - Pseudostem Weevil Infestation', confidence=1.0000)
2026-07-28 23:44:05 | INFO     | app.services.prediction_service | Step 5 ✓ Severity=High
2026-07-28 23:44:05 | INFO     | app.services.advisory_service | ICAR KB matched keyword='weevil' severity='High'
2026-07-28 23:44:05 | INFO     | app.services.advisory_service | ICAR KB advisory — disease='Banana - Pseudostem Weevil Infestation' severity='High'
2026-07-28 23:44:05 | INFO     | app.services.prediction_service | Step 6 ✓ Advisory generated (1880 chars) language='english'
2026-07-28 23:44:05 | INFO     | app.services.prediction_service | Step 7 ✓ Found 0 nearby centres
2026-07-28 23:44:05 | INFO     | app.database.crud | Prediction saved → id=127 farmer_id=3 disease='Banana - Pseudostem Weevil Infestation'
2026-07-28 23:44:05 | INFO     | app.services.prediction_service | Step 8 ✓ Saved to database
2026-07-28 23:44:05 | INFO     | app.services.prediction_service | ── Pipeline COMPLETE → Banana - Pseudostem Weevil Infestation | High | 100.00% | lang=english ──
2026-07-28 23:44:22 | INFO     | app.main | AgroGuard-AI shutting down gracefully.
2026-07-28 23:47:13 | INFO     | app.models.model_loader | Creating ModelLoader singleton (path=saved_models/agroguard_banana_convnext_small.pth)
2026-07-28 23:47:14 | INFO     | app.models.model_loader | Loading banana model weights from 'saved_models/agroguard_banana_convnext_small.pth' on cuda
2026-07-28 23:47:15 | INFO     | app.models.model_loader | Banana disease model loaded successfully (7 classes).
2026-07-28 23:47:15 | INFO     | app.main | ╔══════════════════════════════════════════════╗
2026-07-28 23:47:15 | INFO     | app.main | ║  AgroGuard-AI STARTING  ║
2026-07-28 23:47:15 | INFO     | app.main | ╚══════════════════════════════════════════════╝
2026-07-28 23:47:15 | INFO     | app.database.db | Database tables created / verified.
2026-07-28 23:47:15 | INFO     | app.main | ✓ Database tables ready.
2026-07-28 23:47:15 | INFO     | app.main | ✓ Banana disease model loaded and ready.
2026-07-28 23:47:15 | INFO     | app.main | ✓ AgroGuard-AI is ready → base URL: /api/v1
2026-07-28 23:47:22 | INFO     | app.api.auth | POST /auth/login | phone='8667540547'
2026-07-28 23:47:22 | INFO     | app.services.auth_service | JWT token created for farmer_id=3
2026-07-28 23:47:22 | INFO     | app.services.auth_service | Farmer logged in → id=3 phone='8667540547'
2026-07-28 23:47:39 | INFO     | app.api.routes | POST /predict | farmer_id=3 phone='8667540547' file='image.jpg' lat=None lng=None language='english' (resolved from 'en')
2026-07-28 23:47:39 | INFO     | app.services.prediction_service | ── Prediction Pipeline START (farmer_id=3 language=english) ──
2026-07-28 23:47:39 | INFO     | app.services.prediction_service | Step 1 ✓ Image type and size validated
2026-07-28 23:47:39 | INFO     | app.services.guardrail_service | Plant guardrail ✓ green=13.2% variance=5767 edges=0.106
2026-07-28 23:47:39 | INFO     | app.services.prediction_service | Step 2 ✓ Plant/leaf content validated
2026-07-28 23:47:40 | INFO     | app.services.prediction_service | Step 3 ✓ Preprocessed → (1, 3, 224, 224)
2026-07-28 23:47:40 | INFO     | app.models.disease_classifier | Prediction → 'Banana - Pseudostem Weevil Infestation' confidence=1.0000 ✓
2026-07-28 23:47:40 | INFO     | app.services.prediction_service | Step 4 ✓ Disease='Banana - Pseudostem Weevil Infestation' Confidence=1.0000 is_confident=True is_banana=True
2026-07-28 23:47:40 | INFO     | app.models.severity_estimator | Severity estimated → High (disease='Banana - Pseudostem Weevil Infestation', confidence=1.0000)
2026-07-28 23:47:40 | INFO     | app.services.prediction_service | Step 5 ✓ Severity=High
2026-07-28 23:47:40 | INFO     | app.services.advisory_service | ICAR KB matched keyword='weevil' severity='High'
2026-07-28 23:47:40 | INFO     | app.services.advisory_service | ICAR KB advisory — disease='Banana - Pseudostem Weevil Infestation' severity='High'
2026-07-28 23:47:40 | INFO     | app.services.prediction_service | Step 6 ✓ Advisory generated (1880 chars) language='english'
2026-07-28 23:47:40 | INFO     | app.services.prediction_service | Step 7 ✓ Found 0 nearby centres
2026-07-28 23:47:40 | INFO     | app.database.crud | Prediction saved → id=128 farmer_id=3 disease='Banana - Pseudostem Weevil Infestation'
2026-07-28 23:47:40 | INFO     | app.services.prediction_service | Step 8 ✓ Saved to database
2026-07-28 23:47:40 | INFO     | app.services.prediction_service | ── Pipeline COMPLETE → Banana - Pseudostem Weevil Infestation | High | 100.00% | lang=english ──
2026-08-18 00:24:13 | INFO     | app.models.model_loader | Creating ModelLoader singleton (path=saved_models/agroguard_banana_convnext_small.pth)
2026-08-18 00:24:13 | INFO     | app.models.model_loader | Creating ModelLoader singleton (path=saved_models/agroguard_banana_convnext_small.pth)
2026-08-18 00:24:15 | INFO     | app.models.model_loader | Loading banana model weights from 'saved_models/agroguard_banana_convnext_small.pth' on cuda
2026-08-18 00:24:15 | INFO     | app.models.model_loader | Loading banana model weights from 'saved_models/agroguard_banana_convnext_small.pth' on cuda
2026-08-18 00:24:15 | INFO     | app.models.model_loader | Loading banana model weights from 'saved_models/agroguard_banana_convnext_small.pth' on cuda
2026-08-18 00:24:16 | INFO     | app.models.model_loader | Banana disease model loaded successfully (7 classes).
2026-08-18 00:24:16 | INFO     | app.models.model_loader | Banana disease model loaded successfully (7 classes).
2026-08-18 00:24:16 | INFO     | app.models.model_loader | Banana disease model loaded successfully (7 classes).
2026-08-18 00:24:34 | INFO     | app.models.model_loader | Creating ModelLoader singleton (path=saved_models/agroguard_banana_convnext_small.pth)
2026-08-18 00:24:34 | INFO     | app.models.model_loader | Creating ModelLoader singleton (path=saved_models/agroguard_banana_convnext_small.pth)
2026-08-18 00:24:34 | INFO     | app.models.model_loader | Loading banana model weights from 'saved_models/agroguard_banana_convnext_small.pth' on cuda
2026-08-18 00:24:34 | INFO     | app.models.model_loader | Loading banana model weights from 'saved_models/agroguard_banana_convnext_small.pth' on cuda
2026-08-18 00:24:35 | INFO     | app.models.model_loader | Banana disease model loaded successfully (7 classes).
2026-08-18 00:24:35 | INFO     | app.models.model_loader | Banana disease model loaded successfully (7 classes).
2026-08-18 00:24:35 | INFO     | app.main | ╔══════════════════════════════════════════════╗
2026-08-18 00:24:35 | INFO     | app.main | ║  AgroGuard-AI STARTING  ║
2026-08-18 00:24:35 | INFO     | app.main | ╚══════════════════════════════════════════════╝
2026-08-18 00:24:36 | INFO     | app.database.db | Database tables created / verified.
2026-08-18 00:24:36 | INFO     | app.main | ✓ Database tables ready.
2026-08-18 00:24:36 | INFO     | app.main | ✓ Banana disease model loaded and ready.
2026-08-18 00:24:36 | INFO     | app.main | ✓ AgroGuard-AI is ready → base URL: /api/v1
2026-08-18 00:28:12 | INFO     | app.api.auth | POST /auth/register | phone='8667540547' name='Ragul RG'
2026-08-18 00:28:12 | ERROR    | app.api.auth | Registration error: (sqlalchemy.dialects.postgresql.asyncpg.ProgrammingError) <class 'asyncpg.exceptions.UndefinedColumnError'>: column farmers.google_id does not exist
[SQL: SELECT farmers.id, farmers.name, farmers.phone, farmers.email, farmers.password_hash, farmers.google_id, farmers.auth_provider, farmers.village, farmers.district, farmers.state, farmers.is_active, farmers.created_at 
FROM farmers 
WHERE farmers.phone = $1::VARCHAR]
[parameters: ('8667540547',)]
(Background on this error at: https://sqlalche.me/e/20/f405)
2026-08-18 00:29:59 | INFO     | app.api.auth | POST /auth/register | phone='8667540547' name='Ragul RG'
2026-08-18 00:29:59 | ERROR    | app.api.auth | Registration error: (sqlalchemy.dialects.postgresql.asyncpg.ProgrammingError) <class 'asyncpg.exceptions.UndefinedColumnError'>: column farmers.google_id does not exist
[SQL: SELECT farmers.id, farmers.name, farmers.phone, farmers.email, farmers.password_hash, farmers.google_id, farmers.auth_provider, farmers.village, farmers.district, farmers.state, farmers.is_active, farmers.created_at 
FROM farmers 
WHERE farmers.phone = $1::VARCHAR]
[parameters: ('8667540547',)]
(Background on this error at: https://sqlalche.me/e/20/f405)
2026-08-18 00:30:03 | INFO     | app.api.auth | POST /auth/register | phone='8667540547' name='Ragul RG'
2026-08-18 00:30:03 | ERROR    | app.api.auth | Registration error: (sqlalchemy.dialects.postgresql.asyncpg.ProgrammingError) <class 'asyncpg.exceptions.UndefinedColumnError'>: column farmers.google_id does not exist
[SQL: SELECT farmers.id, farmers.name, farmers.phone, farmers.email, farmers.password_hash, farmers.google_id, farmers.auth_provider, farmers.village, farmers.district, farmers.state, farmers.is_active, farmers.created_at 
FROM farmers 
WHERE farmers.phone = $1::VARCHAR]
[parameters: ('8667540547',)]
(Background on this error at: https://sqlalche.me/e/20/f405)
2026-08-18 00:32:33 | INFO     | app.api.auth | POST /auth/register | phone='8667540547' name='Ragul RG'
2026-08-18 00:32:33 | INFO     | app.main | AgroGuard-AI shutting down gracefully.
2026-08-18 00:32:46 | INFO     | app.models.model_loader | Creating ModelLoader singleton (path=saved_models/agroguard_banana_convnext_small.pth)
2026-08-18 00:32:47 | INFO     | app.models.model_loader | Loading banana model weights from 'saved_models/agroguard_banana_convnext_small.pth' on cuda
2026-08-18 00:32:48 | INFO     | app.models.model_loader | Banana disease model loaded successfully (7 classes).
2026-08-18 00:32:48 | INFO     | app.main | ╔══════════════════════════════════════════════╗
2026-08-18 00:32:48 | INFO     | app.main | ║  AgroGuard-AI STARTING  ║
2026-08-18 00:32:48 | INFO     | app.main | ╚══════════════════════════════════════════════╝
2026-08-18 00:32:49 | INFO     | app.database.db | Database tables created / verified.
2026-08-18 00:32:49 | INFO     | app.main | ✓ Database tables ready.
2026-08-18 00:32:49 | INFO     | app.main | ✓ Banana disease model loaded and ready.
2026-08-18 00:32:49 | INFO     | app.main | ✓ AgroGuard-AI is ready → base URL: /api/v1
2026-08-18 00:33:56 | INFO     | app.models.model_loader | Creating ModelLoader singleton (path=saved_models/agroguard_banana_convnext_small.pth)
2026-08-18 00:33:57 | INFO     | app.models.model_loader | Loading banana model weights from 'saved_models/agroguard_banana_convnext_small.pth' on cuda
2026-08-18 00:33:57 | INFO     | app.models.model_loader | Banana disease model loaded successfully (7 classes).
2026-08-18 00:34:23 | INFO     | app.api.auth | POST /auth/login/email | email='raguljayakumar34@gmail.com'
2026-08-18 00:34:24 | INFO     | app.services.auth_service | JWT access token created for farmer_id=3
2026-08-18 00:34:24 | INFO     | app.services.auth_service | JWT refresh token created for farmer_id=3
2026-08-18 00:34:24 | INFO     | app.services.auth_service | Farmer logged in (email) → id=3 email='raguljayakumar34@gmail.com'
2026-08-18 00:34:24 | INFO     | app.main | AgroGuard-AI shutting down gracefully.
2026-08-18 00:34:37 | INFO     | app.models.model_loader | Creating ModelLoader singleton (path=saved_models/agroguard_banana_convnext_small.pth)
2026-08-18 00:34:38 | INFO     | app.models.model_loader | Loading banana model weights from 'saved_models/agroguard_banana_convnext_small.pth' on cuda
2026-08-18 00:34:39 | INFO     | app.models.model_loader | Banana disease model loaded successfully (7 classes).
2026-08-18 00:34:39 | INFO     | app.main | ╔══════════════════════════════════════════════╗
2026-08-18 00:34:39 | INFO     | app.main | ║  AgroGuard-AI STARTING  ║
2026-08-18 00:34:39 | INFO     | app.main | ╚══════════════════════════════════════════════╝
2026-08-18 00:34:41 | INFO     | app.database.db | Database tables created / verified.
2026-08-18 00:34:41 | INFO     | app.main | ✓ Database tables ready.
2026-08-18 00:34:41 | INFO     | app.main | ✓ Banana disease model loaded and ready.
2026-08-18 00:34:41 | INFO     | app.main | ✓ AgroGuard-AI is ready → base URL: /api/v1
2026-08-18 00:34:48 | INFO     | app.api.routes | POST /predict | farmer_id=3 phone='8667540547' file='image.jpg' lat=None lng=None language='english' (resolved from 'en')
2026-08-18 00:34:48 | INFO     | app.services.prediction_service | ── Prediction Pipeline START (farmer_id=3 language=english) ──
2026-08-18 00:34:48 | INFO     | app.services.prediction_service | Step 1 ✓ Image type and size validated
2026-08-18 00:34:48 | WARNING  | app.api.routes | Validation error: Image dimensions (6016x4016) exceed maximum allowed (4096x4096). Please resize your image.
2026-08-18 00:35:05 | INFO     | app.api.routes | POST /predict | farmer_id=3 phone='8667540547' file='image.jpg' lat=None lng=None language='english' (resolved from 'en')
2026-08-18 00:35:05 | INFO     | app.services.prediction_service | ── Prediction Pipeline START (farmer_id=3 language=english) ──
2026-08-18 00:35:05 | INFO     | app.services.prediction_service | Step 1 ✓ Image type and size validated
2026-08-18 00:35:05 | INFO     | app.services.prediction_service | Step 1b ✓ Magic bytes and dimensions validated
2026-08-18 00:35:05 | INFO     | app.services.guardrail_service | Plant guardrail ✓ plant=90.7% variance=1547 edges=0.181
2026-08-18 00:35:05 | INFO     | app.services.prediction_service | Step 2 ✓ Plant/leaf content validated
2026-08-18 00:35:07 | INFO     | app.services.prediction_service | Step 3 ✓ Preprocessed → (1, 3, 224, 224)
2026-08-18 00:35:09 | INFO     | app.models.disease_classifier | Prediction → 'Banana - Healthy' confidence=1.0000 ✓
2026-08-18 00:35:09 | INFO     | app.services.prediction_service | Step 4 ✓ Disease='Banana - Healthy' Confidence=1.0000 is_confident=True is_banana=True
2026-08-18 00:35:09 | INFO     | app.models.severity_estimator | Banana plant is healthy — no severity assigned.
2026-08-18 00:35:09 | INFO     | app.services.prediction_service | Step 5 ✓ Severity=None
2026-08-18 00:35:09 | INFO     | app.services.advisory_service | ICAR KB matched keyword='healthy' severity='None'
2026-08-18 00:35:09 | INFO     | app.services.advisory_service | ICAR KB advisory — disease='Banana - Healthy' severity='None'
2026-08-18 00:35:09 | INFO     | app.services.prediction_service | Step 6 ✓ Advisory generated (1432 chars) language='english'
2026-08-18 00:35:09 | INFO     | app.services.prediction_service | Step 7 ✓ Found 0 nearby centres
2026-08-18 00:35:09 | INFO     | app.database.crud | Prediction saved → id=129 farmer_id=3 disease='Banana - Healthy'
2026-08-18 00:35:09 | INFO     | app.services.prediction_service | Step 8 ✓ Saved to database
2026-08-18 00:35:09 | INFO     | app.services.prediction_service | ── Pipeline COMPLETE → Banana - Healthy | None | 100.00% | lang=english ──
2026-08-18 00:35:43 | INFO     | app.api.routes | POST /predict | farmer_id=3 phone='8667540547' file='image.jpg' lat=None lng=None language='english' (resolved from 'en')
2026-08-18 00:35:43 | INFO     | app.services.prediction_service | ── Prediction Pipeline START (farmer_id=3 language=english) ──
2026-08-18 00:35:43 | INFO     | app.services.prediction_service | Step 1 ✓ Image type and size validated
2026-08-18 00:35:44 | INFO     | app.services.prediction_service | Step 1b ✓ Magic bytes and dimensions validated
2026-08-18 00:35:44 | INFO     | app.services.guardrail_service | Plant guardrail ✓ plant=50.5% variance=4965 edges=0.279
2026-08-18 00:35:44 | INFO     | app.services.prediction_service | Step 2 ✓ Plant/leaf content validated
2026-08-18 00:35:46 | INFO     | app.services.prediction_service | Step 3 ✓ Preprocessed → (1, 3, 224, 224)
2026-08-18 00:35:46 | INFO     | app.models.disease_classifier | Prediction → 'Banana - Panama Disease (Fusarium Wilt)' confidence=1.0000 ✓
2026-08-18 00:35:46 | INFO     | app.services.prediction_service | Step 4 ✓ Disease='Banana - Panama Disease (Fusarium Wilt)' Confidence=1.0000 is_confident=True is_banana=True
2026-08-18 00:35:46 | INFO     | app.models.severity_estimator | Disease 'Banana - Panama Disease (Fusarium Wilt)' is always treated as High severity.
2026-08-18 00:35:46 | INFO     | app.services.prediction_service | Step 5 ✓ Severity=High
2026-08-18 00:35:46 | INFO     | app.services.advisory_service | ICAR KB matched keyword='panama' severity='High'
2026-08-18 00:35:46 | INFO     | app.services.advisory_service | ICAR KB advisory — disease='Banana - Panama Disease (Fusarium Wilt)' severity='High'
2026-08-18 00:35:46 | INFO     | app.services.prediction_service | Step 6 ✓ Advisory generated (2432 chars) language='english'
2026-08-18 00:35:46 | INFO     | app.services.prediction_service | Step 7 ✓ Found 0 nearby centres
2026-08-18 00:35:46 | INFO     | app.database.crud | Prediction saved → id=130 farmer_id=3 disease='Banana - Panama Disease (Fusarium Wilt)'
2026-08-18 00:35:46 | INFO     | app.services.prediction_service | Step 8 ✓ Saved to database
2026-08-18 00:35:46 | INFO     | app.services.prediction_service | ── Pipeline COMPLETE → Banana - Panama Disease (Fusarium Wilt) | High | 100.00% | lang=english ──
2026-08-18 00:35:46 | INFO     | app.api.routes | GET /maps/nearby-centers | lat=9.9025 lng=78.0841 (frontend alias)
2026-08-18 00:36:06 | INFO     | app.api.routes | POST /predict | farmer_id=3 phone='8667540547' file='image.jpg' lat=9.9025 lng=78.0841 language='tamil' (resolved from 'ta')
2026-08-18 00:36:06 | INFO     | app.services.prediction_service | ── Prediction Pipeline START (farmer_id=3 language=tamil) ──
2026-08-18 00:36:06 | INFO     | app.services.prediction_service | Step 1 ✓ Image type and size validated
2026-08-18 00:36:06 | INFO     | app.services.prediction_service | Step 1b ✓ Magic bytes and dimensions validated
2026-08-18 00:36:06 | INFO     | app.services.guardrail_service | Plant guardrail ✓ plant=29.8% variance=5767 edges=0.106
2026-08-18 00:36:06 | INFO     | app.services.prediction_service | Step 2 ✓ Plant/leaf content validated
2026-08-18 00:36:07 | INFO     | app.services.prediction_service | Step 3 ✓ Preprocessed → (1, 3, 224, 224)
2026-08-18 00:36:07 | INFO     | app.models.disease_classifier | Prediction → 'Banana - Pseudostem Weevil Infestation' confidence=1.0000 ✓
2026-08-18 00:36:07 | INFO     | app.services.prediction_service | Step 4 ✓ Disease='Banana - Pseudostem Weevil Infestation' Confidence=1.0000 is_confident=True is_banana=True
2026-08-18 00:36:07 | INFO     | app.models.severity_estimator | Severity estimated → High (disease='Banana - Pseudostem Weevil Infestation', confidence=1.0000)
2026-08-18 00:36:07 | INFO     | app.services.prediction_service | Step 5 ✓ Severity=High
2026-08-18 00:36:07 | INFO     | app.services.advisory_service | ICAR KB matched keyword='weevil' severity='High'
2026-08-18 00:36:08 | INFO     | app.services.advisory_service | ✓ Gemini 2.5 Flash client initialised.
2026-08-18 00:36:09 | ERROR    | app.services.advisory_service | Gemini API error: 404 NOT_FOUND. {'error': {'code': 404, 'message': 'This model models/gemini-2.5-flash is no longer available to new users. Please update your code to use models/gemini-3.6-flash for the latest features and improvements.', 'status': 'NOT_FOUND'}}
2026-08-18 00:36:09 | INFO     | app.services.prediction_service | Step 6 ✓ Advisory generated (1936 chars) language='tamil'
2026-08-18 00:36:11 | WARNING  | app.services.location_service | Geoapify HTTP error: Client error '400 Bad Request' for url 'https://api.geoapify.com/v2/places?categories=office.government%2Coffice.research%2Cagriculture.centers%2Chorticultural.centers&filter=circle%3A78.0841%2C9.9025%2C25000&bias=proximity%3A78.0841%2C9.9025&limit=50&apiKey=5a7d324da87b4b45a3a70c86c3300630'
For more information check: https://developer.mozilla.org/en-US/docs/Web/HTTP/Status/400
2026-08-18 00:36:11 | INFO     | app.services.location_service | Radius 25000 m → 0 agri centres found so far
2026-08-18 00:36:12 | WARNING  | app.services.location_service | Geoapify HTTP error: Client error '400 Bad Request' for url 'https://api.geoapify.com/v2/places?categories=office.government%2Coffice.research%2Cagriculture.centers%2Chorticultural.centers&filter=circle%3A78.0841%2C9.9025%2C50000&bias=proximity%3A78.0841%2C9.9025&limit=50&apiKey=5a7d324da87b4b45a3a70c86c3300630'
For more information check: https://developer.mozilla.org/en-US/docs/Web/HTTP/Status/400
2026-08-18 00:36:12 | INFO     | app.services.location_service | Radius 50000 m → 0 agri centres found so far
2026-08-18 00:36:14 | WARNING  | app.services.location_service | Geoapify HTTP error: Client error '400 Bad Request' for url 'https://api.geoapify.com/v2/places?categories=office.government%2Coffice.research%2Cagriculture.centers%2Chorticultural.centers&filter=circle%3A78.0841%2C9.9025%2C100000&bias=proximity%3A78.0841%2C9.9025&limit=50&apiKey=5a7d324da87b4b45a3a70c86c3300630'
For more information check: https://developer.mozilla.org/en-US/docs/Web/HTTP/Status/400
2026-08-18 00:36:14 | INFO     | app.services.location_service | Radius 100000 m → 0 agri centres found so far
2026-08-18 00:36:16 | WARNING  | app.services.location_service | Geoapify HTTP error: Client error '400 Bad Request' for url 'https://api.geoapify.com/v2/places?categories=office.government%2Coffice.research%2Cagriculture.centers%2Chorticultural.centers&filter=circle%3A78.0841%2C9.9025%2C200000&bias=proximity%3A78.0841%2C9.9025&limit=50&apiKey=5a7d324da87b4b45a3a70c86c3300630'
For more information check: https://developer.mozilla.org/en-US/docs/Web/HTTP/Status/400
2026-08-18 00:36:16 | INFO     | app.services.location_service | Radius 200000 m → 0 agri centres found so far
2026-08-18 00:36:16 | INFO     | app.services.location_service | Returning 0 agriculture centres for (9.9025, 78.0841)
2026-08-18 00:36:16 | INFO     | app.services.prediction_service | Step 7 ✓ Found 0 nearby centres
2026-08-18 00:36:16 | INFO     | app.database.crud | Prediction saved → id=131 farmer_id=3 disease='Banana - Pseudostem Weevil Infestation'
2026-08-18 00:36:16 | INFO     | app.services.prediction_service | Step 8 ✓ Saved to database
2026-08-18 00:36:16 | INFO     | app.services.prediction_service | ── Pipeline COMPLETE → Banana - Pseudostem Weevil Infestation | High | 100.00% | lang=tamil ──
2026-08-18 00:37:25 | INFO     | app.main | AgroGuard-AI shutting down gracefully.
2026-08-18 12:23:21 | INFO     | app.models.model_loader | Creating ModelLoader singleton (path=saved_models/agroguard_banana_convnext_small.pth)
2026-08-18 12:23:25 | INFO     | app.models.model_loader | Loading banana model weights from 'saved_models/agroguard_banana_convnext_small.pth' on cuda
2026-08-18 12:23:26 | INFO     | app.models.model_loader | Banana disease model loaded successfully (7 classes).
2026-08-18 12:23:31 | INFO     | app.main | ╔══════════════════════════════════════════════╗
2026-08-18 12:23:31 | INFO     | app.main | ║  AgroGuard-AI STARTING  ║
2026-08-18 12:23:31 | INFO     | app.main | ╚══════════════════════════════════════════════╝
2026-08-18 12:23:33 | INFO     | app.database.db | Database tables created / verified.
2026-08-18 12:23:33 | INFO     | app.main | ✓ Database tables ready.
2026-08-18 12:23:33 | INFO     | app.main | ✓ Banana disease model loaded and ready.
2026-08-18 12:23:33 | INFO     | app.main | ✓ AgroGuard-AI is ready → base URL: /api/v1
2026-08-18 13:01:37 | INFO     | app.models.model_loader | Creating ModelLoader singleton (path=saved_models/agroguard_banana_convnext_small.pth)
2026-08-18 13:01:40 | INFO     | app.models.model_loader | Loading banana model weights from 'saved_models/agroguard_banana_convnext_small.pth' on cuda
2026-08-18 13:01:40 | INFO     | app.models.model_loader | Banana disease model loaded successfully (7 classes).
2026-08-18 13:01:56 | INFO     | app.main | ╔══════════════════════════════════════════════╗
2026-08-18 13:01:56 | INFO     | app.main | ║  AgroGuard-AI STARTING  ║
2026-08-18 13:01:56 | INFO     | app.main | ╚══════════════════════════════════════════════╝
2026-08-18 13:01:57 | INFO     | app.database.db | Database tables created / verified.
2026-08-18 13:01:57 | INFO     | app.main | ✓ Database tables ready.
2026-08-18 13:01:57 | INFO     | app.main | ✓ Banana disease model loaded and ready.
2026-08-18 13:01:57 | INFO     | app.main | ✓ AgroGuard-AI is ready → base URL: /api/v1
2026-08-18 13:02:55 | INFO     | app.api.auth | POST /auth/google
2026-08-18 13:02:55 | ERROR    | app.api.auth | Google login error: No module named 'authlib'
2026-08-18 13:03:17 | INFO     | app.api.auth | POST /auth/google
2026-08-18 13:03:17 | ERROR    | app.api.auth | Google login error: No module named 'authlib'
2026-08-18 13:03:21 | INFO     | app.api.auth | POST /auth/login/email | email='raguljayakumar34@gmail.com'
2026-08-18 13:03:22 | INFO     | app.services.auth_service | JWT access token created for farmer_id=3
2026-08-18 13:03:22 | INFO     | app.services.auth_service | JWT refresh token created for farmer_id=3
2026-08-18 13:03:22 | INFO     | app.services.auth_service | Farmer logged in (email) → id=3 email='raguljayakumar34@gmail.com'
2026-08-18 13:03:34 | INFO     | app.api.routes | GET /maps/nearby-centers | lat=13.1262 lng=80.2335 (frontend alias)
2026-08-18 13:22:03 | INFO     | app.main | AgroGuard-AI shutting down gracefully.
2026-08-18 13:22:12 | INFO     | app.models.model_loader | Creating ModelLoader singleton (path=saved_models/agroguard_banana_convnext_small.pth)
2026-08-18 13:22:13 | INFO     | app.models.model_loader | Loading banana model weights from 'saved_models/agroguard_banana_convnext_small.pth' on cuda
2026-08-18 13:22:13 | INFO     | app.models.model_loader | Banana disease model loaded successfully (7 classes).
2026-08-18 13:22:14 | INFO     | app.main | ╔══════════════════════════════════════════════╗
2026-08-18 13:22:14 | INFO     | app.main | ║  AgroGuard-AI STARTING  ║
2026-08-18 13:22:14 | INFO     | app.main | ╚══════════════════════════════════════════════╝
2026-08-18 13:22:15 | INFO     | app.database.db | Database tables created / verified.
2026-08-18 13:22:15 | INFO     | app.main | ✓ Database tables ready.
2026-08-18 13:22:15 | INFO     | app.main | ✓ Banana disease model loaded and ready.
2026-08-18 13:22:15 | INFO     | app.main | ✓ AgroGuard-AI is ready → base URL: /api/v1
2026-08-18 13:22:26 | WARNING  | app.services.auth_service | JWT access token decode failed: Signature has expired.
2026-08-18 13:22:26 | WARNING  | app.utils.dependencies | Invalid JWT token received.
2026-08-18 13:22:38 | WARNING  | app.services.auth_service | JWT access token decode failed: Signature has expired.
2026-08-18 13:22:38 | WARNING  | app.utils.dependencies | Invalid JWT token received.
2026-08-18 13:22:45 | INFO     | app.api.auth | POST /auth/login/email | email='raguljayakumar34@gmail.com'
2026-08-18 13:22:46 | INFO     | app.services.auth_service | JWT access token created for farmer_id=3
2026-08-18 13:22:46 | INFO     | app.services.auth_service | JWT refresh token created for farmer_id=3
2026-08-18 13:22:46 | INFO     | app.services.auth_service | Farmer logged in (email) → id=3 email='raguljayakumar34@gmail.com'
2026-08-18 13:22:55 | INFO     | app.api.routes | POST /predict | farmer_id=3 phone='8667540547' file='image.jpg' lat=13.1262 lng=80.2335 language='english' (resolved from 'en')
2026-08-18 13:22:55 | INFO     | app.services.prediction_service | ── Prediction Pipeline START (farmer_id=3 language=english) ──
2026-08-18 13:22:55 | INFO     | app.services.prediction_service | Step 1 ✓ Image type and size validated
2026-08-18 13:22:55 | INFO     | app.services.prediction_service | Step 1b ✓ Magic bytes and dimensions validated
2026-08-18 13:22:55 | INFO     | app.services.guardrail_service | Plant guardrail ✓ plant=35.4% variance=4313 edges=0.209
2026-08-18 13:22:55 | INFO     | app.services.prediction_service | Step 2 ✓ Plant/leaf content validated
2026-08-18 13:22:56 | INFO     | app.services.prediction_service | Step 3 ✓ Preprocessed → (1, 3, 224, 224)
2026-08-18 13:22:58 | INFO     | app.models.disease_classifier | Prediction → 'Banana - Pseudostem Weevil Infestation' confidence=1.0000 ✓
2026-08-18 13:22:58 | INFO     | app.services.prediction_service | Step 4 ✓ Disease='Banana - Pseudostem Weevil Infestation' Confidence=1.0000 is_confident=True is_banana=True
2026-08-18 13:22:58 | INFO     | app.models.severity_estimator | Severity estimated → High (disease='Banana - Pseudostem Weevil Infestation', confidence=1.0000)
2026-08-18 13:22:58 | INFO     | app.services.prediction_service | Step 5 ✓ Severity=High
2026-08-18 13:22:58 | INFO     | app.services.advisory_service | ICAR KB matched keyword='weevil' severity='High'
2026-08-18 13:22:58 | INFO     | app.services.advisory_service | ICAR KB advisory — disease='Banana - Pseudostem Weevil Infestation' severity='High'
2026-08-18 13:22:58 | INFO     | app.services.prediction_service | Step 6 ✓ Advisory generated (1880 chars) language='english'
2026-08-18 13:23:01 | WARNING  | app.services.location_service | Geoapify HTTP error: Client error '400 Bad Request' for url 'https://api.geoapify.com/v2/places?categories=office.government%2Coffice.research%2Cagriculture.centers%2Chorticultural.centers&filter=circle%3A80.2335%2C13.1262%2C25000&bias=proximity%3A80.2335%2C13.1262&limit=50&apiKey=5a7d324da87b4b45a3a70c86c3300630'
For more information check: https://developer.mozilla.org/en-US/docs/Web/HTTP/Status/400
2026-08-18 13:23:01 | INFO     | app.services.location_service | Radius 25000 m → 0 agri centres found so far
2026-08-18 13:23:02 | WARNING  | app.services.location_service | Geoapify HTTP error: Client error '400 Bad Request' for url 'https://api.geoapify.com/v2/places?categories=office.government%2Coffice.research%2Cagriculture.centers%2Chorticultural.centers&filter=circle%3A80.2335%2C13.1262%2C50000&bias=proximity%3A80.2335%2C13.1262&limit=50&apiKey=5a7d324da87b4b45a3a70c86c3300630'
For more information check: https://developer.mozilla.org/en-US/docs/Web/HTTP/Status/400
2026-08-18 13:23:02 | INFO     | app.services.location_service | Radius 50000 m → 0 agri centres found so far
2026-08-18 13:23:04 | WARNING  | app.services.location_service | Geoapify HTTP error: Client error '400 Bad Request' for url 'https://api.geoapify.com/v2/places?categories=office.government%2Coffice.research%2Cagriculture.centers%2Chorticultural.centers&filter=circle%3A80.2335%2C13.1262%2C100000&bias=proximity%3A80.2335%2C13.1262&limit=50&apiKey=5a7d324da87b4b45a3a70c86c3300630'
For more information check: https://developer.mozilla.org/en-US/docs/Web/HTTP/Status/400
2026-08-18 13:23:04 | INFO     | app.services.location_service | Radius 100000 m → 0 agri centres found so far
2026-08-18 13:23:05 | WARNING  | app.services.location_service | Geoapify HTTP error: Client error '400 Bad Request' for url 'https://api.geoapify.com/v2/places?categories=office.government%2Coffice.research%2Cagriculture.centers%2Chorticultural.centers&filter=circle%3A80.2335%2C13.1262%2C200000&bias=proximity%3A80.2335%2C13.1262&limit=50&apiKey=5a7d324da87b4b45a3a70c86c3300630'
For more information check: https://developer.mozilla.org/en-US/docs/Web/HTTP/Status/400
2026-08-18 13:23:05 | INFO     | app.services.location_service | Radius 200000 m → 0 agri centres found so far
2026-08-18 13:23:05 | INFO     | app.services.location_service | Returning 0 agriculture centres for (13.1262, 80.2335)
2026-08-18 13:23:05 | INFO     | app.services.prediction_service | Step 7 ✓ Found 0 nearby centres
2026-08-18 13:23:06 | INFO     | app.database.crud | Prediction saved → id=132 farmer_id=3 disease='Banana - Pseudostem Weevil Infestation'
2026-08-18 13:23:06 | INFO     | app.services.prediction_service | Step 8 ✓ Saved to database
2026-08-18 13:23:06 | INFO     | app.services.prediction_service | ── Pipeline COMPLETE → Banana - Pseudostem Weevil Infestation | High | 100.00% | lang=english ──
2026-08-18 13:24:21 | INFO     | app.api.auth | POST /auth/login | phone='8667540547'
2026-08-18 13:24:21 | INFO     | app.services.auth_service | JWT access token created for farmer_id=3
2026-08-18 13:24:21 | INFO     | app.services.auth_service | JWT refresh token created for farmer_id=3
2026-08-18 13:24:21 | INFO     | app.services.auth_service | Farmer logged in → id=3 phone='8667540547'
2026-08-18 13:25:06 | INFO     | app.api.routes | POST /predict | farmer_id=3 phone='8667540547' file='download (3).jpg' lat=-90.0 lng=-180.0 language='english' (resolved from 'english')
2026-08-18 13:25:06 | INFO     | app.services.prediction_service | ── Prediction Pipeline START (farmer_id=3 language=english) ──
2026-08-18 13:25:06 | INFO     | app.services.prediction_service | Default GPS values received — treating as no GPS
2026-08-18 13:25:06 | INFO     | app.services.prediction_service | Step 1 ✓ Image type and size validated
2026-08-18 13:25:06 | INFO     | app.services.prediction_service | Step 1b ✓ Magic bytes and dimensions validated
2026-08-18 13:25:06 | INFO     | app.services.guardrail_service | Plant guardrail ✓ plant=29.8% variance=5767 edges=0.106
2026-08-18 13:25:06 | INFO     | app.services.prediction_service | Step 2 ✓ Plant/leaf content validated
2026-08-18 13:25:07 | INFO     | app.services.prediction_service | Step 3 ✓ Preprocessed → (1, 3, 224, 224)
2026-08-18 13:25:07 | INFO     | app.models.disease_classifier | Prediction → 'Banana - Pseudostem Weevil Infestation' confidence=1.0000 ✓
2026-08-18 13:25:07 | INFO     | app.services.prediction_service | Step 4 ✓ Disease='Banana - Pseudostem Weevil Infestation' Confidence=1.0000 is_confident=True is_banana=True
2026-08-18 13:25:07 | INFO     | app.models.severity_estimator | Severity estimated → High (disease='Banana - Pseudostem Weevil Infestation', confidence=1.0000)
2026-08-18 13:25:07 | INFO     | app.services.prediction_service | Step 5 ✓ Severity=High
2026-08-18 13:25:07 | INFO     | app.services.advisory_service | ICAR KB matched keyword='weevil' severity='High'
2026-08-18 13:25:07 | INFO     | app.services.advisory_service | ICAR KB advisory — disease='Banana - Pseudostem Weevil Infestation' severity='High'
2026-08-18 13:25:07 | INFO     | app.services.prediction_service | Step 6 ✓ Advisory generated (1880 chars) language='english'
2026-08-18 13:25:07 | INFO     | app.services.prediction_service | Step 7 ✓ Found 0 nearby centres
2026-08-18 13:25:07 | INFO     | app.database.crud | Prediction saved → id=133 farmer_id=3 disease='Banana - Pseudostem Weevil Infestation'
2026-08-18 13:25:07 | INFO     | app.services.prediction_service | Step 8 ✓ Saved to database
2026-08-18 13:25:07 | INFO     | app.services.prediction_service | ── Pipeline COMPLETE → Banana - Pseudostem Weevil Infestation | High | 100.00% | lang=english ──
2026-08-18 13:34:16 | INFO     | app.main | AgroGuard-AI shutting down gracefully.
2026-08-18 13:34:22 | INFO     | app.models.model_loader | Creating ModelLoader singleton (path=saved_models/agroguard_banana_convnext_small.pth)
2026-08-18 13:34:23 | INFO     | app.models.model_loader | Loading banana model weights from 'saved_models/agroguard_banana_convnext_small.pth' on cuda
2026-08-18 13:34:23 | INFO     | app.models.model_loader | Banana disease model loaded successfully (7 classes).
2026-08-18 13:34:23 | INFO     | app.main | ╔══════════════════════════════════════════════╗
2026-08-18 13:34:23 | INFO     | app.main | ║  AgroGuard-AI STARTING  ║
2026-08-18 13:34:23 | INFO     | app.main | ╚══════════════════════════════════════════════╝
2026-08-18 13:34:24 | INFO     | app.database.db | Database tables created / verified.
2026-08-18 13:34:24 | INFO     | app.main | ✓ Database tables ready.
2026-08-18 13:34:24 | INFO     | app.main | ✓ Banana disease model loaded and ready.
2026-08-18 13:34:24 | INFO     | app.main | ✓ AgroGuard-AI is ready → base URL: /api/v1
2026-08-18 13:35:15 | WARNING  | app.services.location_service | Google Places HTTP error for query 'ICAR research center': 403 — {
  "error": {
    "code": 403,
    "message": "Requests to this API places.googleapis.com method google.maps.places.v1.Places.SearchText are blocked.",
    "status": "PERMISSION_DENIED",
    "details
2026-08-18 13:35:15 | WARNING  | app.services.location_service | Google Places HTTP error for query 'Agricultural university': 403 — {
  "error": {
    "code": 403,
    "message": "Places API (New) has not been used in project 672788660177 before or it is disabled. Enable it by visiting https://console.developers.google.com/apis/ap
2026-08-18 13:35:15 | WARNING  | app.services.location_service | Google Places HTTP error for query 'Agriculture office': 403 — {
  "error": {
    "code": 403,
    "message": "Requests to this API places.googleapis.com method google.maps.places.v1.Places.SearchText are blocked.",
    "status": "PERMISSION_DENIED",
    "details
2026-08-18 13:35:15 | WARNING  | app.services.location_service | Google Places HTTP error for query 'Horticulture office': 403 — {
  "error": {
    "code": 403,
    "message": "Requests to this API places.googleapis.com method google.maps.places.v1.Places.SearchText are blocked.",
    "status": "PERMISSION_DENIED",
    "details
2026-08-18 13:35:15 | WARNING  | app.services.location_service | Google Places HTTP error for query 'Krishi Vigyan Kendra': 403 — {
  "error": {
    "code": 403,
    "message": "Requests to this API places.googleapis.com method google.maps.places.v1.Places.SearchText are blocked.",
    "status": "PERMISSION_DENIED",
    "details
2026-08-18 13:35:15 | INFO     | app.services.location_service | Returning 0 agriculture centres for (13.1262, 80.2335)
2026-08-18 13:43:37 | WARNING  | app.services.location_service | Google Places HTTP error for query 'Agriculture office': 403 — {
  "error": {
    "code": 403,
    "message": "Places API (New) has not been used in project 672788660177 before or it is disabled. Enable it by visiting https://console.developers.google.com/apis/ap
2026-08-18 13:43:37 | WARNING  | app.services.location_service | Google Places HTTP error for query 'ICAR research center': 403 — {
  "error": {
    "code": 403,
    "message": "Requests to this API places.googleapis.com method google.maps.places.v1.Places.SearchText are blocked.",
    "status": "PERMISSION_DENIED",
    "details
2026-08-18 13:43:37 | WARNING  | app.services.location_service | Google Places HTTP error for query 'Horticulture office': 403 — {
  "error": {
    "code": 403,
    "message": "Places API (New) has not been used in project 672788660177 before or it is disabled. Enable it by visiting https://console.developers.google.com/apis/ap
2026-08-18 13:43:37 | WARNING  | app.services.location_service | Google Places HTTP error for query 'Krishi Vigyan Kendra': 403 — {
  "error": {
    "code": 403,
    "message": "Places API (New) has not been used in project 672788660177 before or it is disabled. Enable it by visiting https://console.developers.google.com/apis/ap
2026-08-18 13:43:37 | WARNING  | app.services.location_service | Google Places HTTP error for query 'Agricultural university': 403 — {
  "error": {
    "code": 403,
    "message": "Places API (New) has not been used in project 672788660177 before or it is disabled. Enable it by visiting https://console.developers.google.com/apis/ap
2026-08-18 13:43:37 | INFO     | app.services.location_service | Returning 0 agriculture centres for (13.1262, 80.2335)
2026-08-18 13:45:36 | WARNING  | app.services.auth_service | JWT access token decode failed: Signature has expired.
2026-08-18 13:45:36 | WARNING  | app.utils.dependencies | Invalid JWT token received.
2026-08-18 13:45:46 | INFO     | app.api.auth | POST /auth/login/email | email='raguljayakumar34@gmail.com'
2026-08-18 13:45:46 | INFO     | app.services.auth_service | JWT access token created for farmer_id=3
2026-08-18 13:45:46 | INFO     | app.services.auth_service | JWT refresh token created for farmer_id=3
2026-08-18 13:45:46 | INFO     | app.services.auth_service | Farmer logged in (email) → id=3 email='raguljayakumar34@gmail.com'
2026-08-18 13:45:55 | INFO     | app.api.routes | GET /maps/nearby-centers | lat=11.379598 lng=79.69478 (frontend alias)
2026-08-18 13:45:59 | WARNING  | app.services.location_service | Google Places HTTP error for query 'Krishi Vigyan Kendra': 403 — {
  "error": {
    "code": 403,
    "message": "Requests to this API places.googleapis.com method google.maps.places.v1.Places.SearchText are blocked.",
    "status": "PERMISSION_DENIED",
    "details
2026-08-18 13:45:59 | WARNING  | app.services.location_service | Google Places HTTP error for query 'Agricultural university': 403 — {
  "error": {
    "code": 403,
    "message": "Requests to this API places.googleapis.com method google.maps.places.v1.Places.SearchText are blocked.",
    "status": "PERMISSION_DENIED",
    "details
2026-08-18 13:45:59 | WARNING  | app.services.location_service | Google Places HTTP error for query 'ICAR research center': 403 — {
  "error": {
    "code": 403,
    "message": "Requests to this API places.googleapis.com method google.maps.places.v1.Places.SearchText are blocked.",
    "status": "PERMISSION_DENIED",
    "details
2026-08-18 13:46:00 | WARNING  | app.services.location_service | Google Places HTTP error for query 'Agriculture office': 403 — {
  "error": {
    "code": 403,
    "message": "Requests to this API places.googleapis.com method google.maps.places.v1.Places.SearchText are blocked.",
    "status": "PERMISSION_DENIED",
    "details
2026-08-18 13:46:00 | WARNING  | app.services.location_service | Google Places HTTP error for query 'Horticulture office': 403 — {
  "error": {
    "code": 403,
    "message": "Requests to this API places.googleapis.com method google.maps.places.v1.Places.SearchText are blocked.",
    "status": "PERMISSION_DENIED",
    "details
2026-08-18 13:46:00 | INFO     | app.services.location_service | Returning 0 agriculture centres for (11.3796, 79.6948)
2026-08-18 13:47:01 | WARNING  | app.services.location_service | Google Places HTTP error for query 'Horticulture office': 403 — {
  "error": {
    "code": 403,
    "message": "Requests to this API places.googleapis.com method google.maps.places.v1.Places.SearchText are blocked.",
    "status": "PERMISSION_DENIED",
    "details
2026-08-18 13:47:01 | WARNING  | app.services.location_service | Google Places HTTP error for query 'Agricultural university': 403 — {
  "error": {
    "code": 403,
    "message": "Requests to this API places.googleapis.com method google.maps.places.v1.Places.SearchText are blocked.",
    "status": "PERMISSION_DENIED",
    "details
2026-08-18 13:47:01 | WARNING  | app.services.location_service | Google Places HTTP error for query 'Agriculture office': 403 — {
  "error": {
    "code": 403,
    "message": "Requests to this API places.googleapis.com method google.maps.places.v1.Places.SearchText are blocked.",
    "status": "PERMISSION_DENIED",
    "details
2026-08-18 13:47:01 | WARNING  | app.services.location_service | Google Places HTTP error for query 'ICAR research center': 403 — {
  "error": {
    "code": 403,
    "message": "Places API (New) has not been used in project 672788660177 before or it is disabled. Enable it by visiting https://console.developers.google.com/apis/ap
2026-08-18 13:47:01 | WARNING  | app.services.location_service | Google Places HTTP error for query 'Krishi Vigyan Kendra': 403 — {
  "error": {
    "code": 403,
    "message": "Requests to this API places.googleapis.com method google.maps.places.v1.Places.SearchText are blocked.",
    "status": "PERMISSION_DENIED",
    "details
2026-08-18 13:47:01 | INFO     | app.services.location_service | Returning 0 agriculture centres for (13.1262, 80.2335)
2026-08-18 13:51:49 | INFO     | app.services.location_service | Loaded 125 curated agriculture centres from agriculture_centres.json
2026-08-18 13:51:49 | INFO     | app.services.location_service | Curated database: 7 centres within 75 km of (13.1262, 80.2335)
2026-08-18 13:51:51 | INFO     | app.services.location_service | Google Places API: 0 additional centres found
2026-08-18 13:51:51 | INFO     | app.services.location_service | Returning 5 agriculture centres for (13.1262, 80.2335)
2026-08-18 13:52:16 | INFO     | app.services.location_service | Loaded 125 curated agriculture centres from agriculture_centres.json
2026-08-18 13:52:16 | INFO     | app.services.location_service | Curated database: 7 centres within 75 km of (13.1262, 80.2335)
2026-08-18 13:52:17 | INFO     | app.services.location_service | Google Places API: 0 additional centres found
2026-08-18 13:52:17 | INFO     | app.services.location_service | Returning 5 agriculture centres for (13.1262, 80.2335)
2026-08-18 13:52:17 | INFO     | app.services.location_service | Curated database: 13 centres within 75 km of (11.3796, 79.6948)
2026-08-18 13:52:19 | INFO     | app.services.location_service | Google Places API: 0 additional centres found
2026-08-18 13:52:19 | INFO     | app.services.location_service | Returning 5 agriculture centres for (11.3796, 79.6948)
2026-08-18 13:52:19 | INFO     | app.services.location_service | Curated database: 14 centres within 75 km of (10.7900, 78.7000)
2026-08-18 13:52:20 | INFO     | app.services.location_service | Google Places API: 0 additional centres found
2026-08-18 13:52:20 | INFO     | app.services.location_service | Returning 5 agriculture centres for (10.7900, 78.7000)
2026-08-18 13:53:33 | INFO     | app.main | AgroGuard-AI shutting down gracefully.
2026-08-18 13:54:49 | INFO     | app.services.location_service | Loaded 125 curated agriculture centres from agriculture_centres.json
2026-08-18 13:54:49 | INFO     | app.models.model_loader | Creating ModelLoader singleton (path=saved_models/agroguard_banana_convnext_small.pth)
2026-08-18 13:54:49 | INFO     | app.models.model_loader | Loading banana model weights from 'saved_models/agroguard_banana_convnext_small.pth' on cuda
2026-08-18 13:54:50 | INFO     | app.models.model_loader | Banana disease model loaded successfully (7 classes).
2026-08-18 13:54:50 | INFO     | app.main | ╔══════════════════════════════════════════════╗
2026-08-18 13:54:50 | INFO     | app.main | ║  AgroGuard-AI STARTING  ║
2026-08-18 13:54:50 | INFO     | app.main | ╚══════════════════════════════════════════════╝
2026-08-18 13:54:51 | INFO     | app.database.db | Database tables created / verified.
2026-08-18 13:54:51 | INFO     | app.main | ✓ Database tables ready.
2026-08-18 13:54:51 | INFO     | app.main | ✓ Banana disease model loaded and ready.
2026-08-18 13:54:51 | INFO     | app.main | ✓ AgroGuard-AI is ready → base URL: /api/v1
2026-08-18 13:54:51 | INFO     | app.services.location_service | Loaded 125 curated agriculture centres from agriculture_centres.json
2026-08-18 13:54:51 | INFO     | app.services.location_service | Curated database: 7 centres within 75 km of (13.1262, 80.2335)
2026-08-18 13:54:57 | INFO     | app.services.location_service | Geoapify Places API: 2 additional centres found
2026-08-18 13:54:57 | INFO     | app.services.location_service | Returning 5 agriculture centres for (13.1262, 80.2335)
2026-08-18 13:54:57 | INFO     | app.services.location_service | Curated database: 13 centres within 75 km of (11.3796, 79.6948)
2026-08-18 13:55:03 | INFO     | app.services.location_service | Geoapify Places API: 2 additional centres found
2026-08-18 13:55:03 | INFO     | app.services.location_service | Returning 5 agriculture centres for (11.3796, 79.6948)
2026-08-18 13:55:03 | INFO     | app.services.location_service | Curated database: 14 centres within 75 km of (10.7900, 78.7000)
2026-08-18 13:55:08 | INFO     | app.services.location_service | Geoapify Places API: 2 additional centres found
2026-08-18 13:55:08 | INFO     | app.services.location_service | Returning 5 agriculture centres for (10.7900, 78.7000)
2026-08-18 13:56:10 | INFO     | app.api.routes | GET /maps/nearby-centers | lat=13.1262 lng=80.2335 (frontend alias)
2026-08-18 13:56:10 | INFO     | app.services.location_service | Curated database: 7 centres within 75 km of (13.1262, 80.2335)
2026-08-18 13:56:18 | INFO     | app.services.location_service | Geoapify Places API: 2 additional centres found
2026-08-18 13:56:18 | INFO     | app.services.location_service | Returning 5 agriculture centres for (13.1262, 80.2335)
2026-08-18 13:59:33 | INFO     | app.main | AgroGuard-AI shutting down gracefully.
2026-08-18 13:59:39 | INFO     | app.services.location_service | Loaded 125 curated agriculture centres from agriculture_centres.json
2026-08-18 13:59:39 | INFO     | app.models.model_loader | Creating ModelLoader singleton (path=saved_models/agroguard_banana_convnext_small.pth)
2026-08-18 13:59:39 | INFO     | app.models.model_loader | Loading banana model weights from 'saved_models/agroguard_banana_convnext_small.pth' on cuda
2026-08-18 13:59:40 | INFO     | app.models.model_loader | Banana disease model loaded successfully (7 classes).
2026-08-18 13:59:40 | INFO     | app.main | ╔══════════════════════════════════════════════╗
2026-08-18 13:59:40 | INFO     | app.main | ║  AgroGuard-AI STARTING  ║
2026-08-18 13:59:40 | INFO     | app.main | ╚══════════════════════════════════════════════╝
2026-08-18 13:59:41 | INFO     | app.database.db | Database tables created / verified.
2026-08-18 13:59:41 | INFO     | app.main | ✓ Database tables ready.
2026-08-18 13:59:41 | INFO     | app.main | ✓ Banana disease model loaded and ready.
2026-08-18 13:59:41 | INFO     | app.main | ✓ AgroGuard-AI is ready → base URL: /api/v1
2026-08-18 13:59:46 | INFO     | app.services.location_service | Loaded 125 curated agriculture centres from agriculture_centres.json
2026-08-18 13:59:46 | INFO     | app.models.model_loader | Creating ModelLoader singleton (path=saved_models/agroguard_banana_convnext_small.pth)
2026-08-18 13:59:47 | INFO     | app.models.model_loader | Loading banana model weights from 'saved_models/agroguard_banana_convnext_small.pth' on cuda
2026-08-18 13:59:47 | INFO     | app.models.model_loader | Banana disease model loaded successfully (7 classes).
2026-08-18 13:59:47 | INFO     | app.main | ╔══════════════════════════════════════════════╗
2026-08-18 13:59:47 | INFO     | app.main | ║  AgroGuard-AI STARTING  ║
2026-08-18 13:59:47 | INFO     | app.main | ╚══════════════════════════════════════════════╝
2026-08-18 13:59:48 | INFO     | app.database.db | Database tables created / verified.
2026-08-18 13:59:48 | INFO     | app.main | ✓ Database tables ready.
2026-08-18 13:59:48 | INFO     | app.main | ✓ Banana disease model loaded and ready.
2026-08-18 13:59:48 | INFO     | app.main | ✓ AgroGuard-AI is ready → base URL: /api/v1
2026-08-18 13:59:56 | INFO     | app.services.location_service | Loaded 125 curated agriculture centres from agriculture_centres.json
2026-08-18 13:59:56 | INFO     | app.services.location_service | Curated database: 7 centres within 75 km of (13.1262, 80.2335)
2026-08-18 14:00:01 | INFO     | app.services.location_service | Geoapify Places API: 2 additional centres found
2026-08-18 14:00:01 | INFO     | app.services.location_service | Returning 5 agriculture centres for (13.1262, 80.2335)
2026-08-18 14:00:01 | INFO     | app.services.location_service | Curated database: 13 centres within 75 km of (11.3796, 79.6948)
2026-08-18 14:00:05 | INFO     | app.services.location_service | Geoapify Places API: 2 additional centres found
2026-08-18 14:00:05 | INFO     | app.services.location_service | Returning 5 agriculture centres for (11.3796, 79.6948)
2026-08-18 14:00:05 | INFO     | app.services.location_service | Curated database: 14 centres within 75 km of (10.7900, 78.7000)
2026-08-18 14:00:10 | INFO     | app.services.location_service | Geoapify Places API: 2 additional centres found
2026-08-18 14:00:10 | INFO     | app.services.location_service | Returning 5 agriculture centres for (10.7900, 78.7000)
2026-08-18 14:02:26 | WARNING  | app.services.auth_service | JWT access token decode failed: Signature has expired.
2026-08-18 14:02:26 | WARNING  | app.utils.dependencies | Invalid JWT token received.
2026-08-18 14:04:26 | WARNING  | app.services.auth_service | JWT access token decode failed: Signature has expired.
2026-08-18 14:04:26 | WARNING  | app.utils.dependencies | Invalid JWT token received.
2026-08-18 14:04:26 | INFO     | app.main | AgroGuard-AI shutting down gracefully.
2026-08-18 14:04:32 | INFO     | app.services.location_service | Loaded 125 curated agriculture centres from agriculture_centres.json
2026-08-18 14:04:32 | INFO     | app.models.model_loader | Creating ModelLoader singleton (path=saved_models/agroguard_banana_convnext_small.pth)
2026-08-18 14:04:33 | INFO     | app.models.model_loader | Loading banana model weights from 'saved_models/agroguard_banana_convnext_small.pth' on cuda
2026-08-18 14:04:33 | INFO     | app.models.model_loader | Banana disease model loaded successfully (7 classes).
2026-08-18 14:04:34 | INFO     | app.main | ╔══════════════════════════════════════════════╗
2026-08-18 14:04:34 | INFO     | app.main | ║  AgroGuard-AI STARTING  ║
2026-08-18 14:04:34 | INFO     | app.main | ╚══════════════════════════════════════════════╝
2026-08-18 14:04:34 | INFO     | app.database.db | Database tables created / verified.
2026-08-18 14:04:34 | INFO     | app.main | ✓ Database tables ready.
2026-08-18 14:04:34 | INFO     | app.main | ✓ Banana disease model loaded and ready.
2026-08-18 14:04:34 | INFO     | app.main | ✓ AgroGuard-AI is ready → base URL: /api/v1
2026-08-18 14:04:40 | INFO     | app.services.location_service | Loaded 125 curated agriculture centres from agriculture_centres.json
2026-08-18 14:04:40 | INFO     | app.models.model_loader | Creating ModelLoader singleton (path=saved_models/agroguard_banana_convnext_small.pth)
2026-08-18 14:04:40 | INFO     | app.models.model_loader | Loading banana model weights from 'saved_models/agroguard_banana_convnext_small.pth' on cuda
2026-08-18 14:04:41 | INFO     | app.models.model_loader | Banana disease model loaded successfully (7 classes).
2026-08-18 14:04:41 | INFO     | app.main | ╔══════════════════════════════════════════════╗
2026-08-18 14:04:41 | INFO     | app.main | ║  AgroGuard-AI STARTING  ║
2026-08-18 14:04:41 | INFO     | app.main | ╚══════════════════════════════════════════════╝
2026-08-18 14:04:42 | INFO     | app.database.db | Database tables created / verified.
2026-08-18 14:04:42 | INFO     | app.main | ✓ Database tables ready.
2026-08-18 14:04:42 | INFO     | app.main | ✓ Banana disease model loaded and ready.
2026-08-18 14:04:42 | INFO     | app.main | ✓ AgroGuard-AI is ready → base URL: /api/v1
2026-08-18 14:04:42 | WARNING  | app.services.auth_service | JWT access token decode failed: Signature has expired.
2026-08-18 14:04:42 | WARNING  | app.utils.dependencies | Invalid JWT token received.
2026-08-18 14:04:43 | INFO     | app.services.location_service | Loaded 125 curated agriculture centres from agriculture_centres.json
2026-08-18 14:04:43 | INFO     | app.models.model_loader | Creating ModelLoader singleton (path=saved_models/agroguard_banana_convnext_small.pth)
2026-08-18 14:04:44 | INFO     | app.models.model_loader | Loading banana model weights from 'saved_models/agroguard_banana_convnext_small.pth' on cuda
2026-08-18 14:04:44 | INFO     | app.models.model_loader | Banana disease model loaded successfully (7 classes).
2026-08-18 14:04:44 | INFO     | app.api.routes | Latitude/Longitude missing, using default location (10.8267, 78.6932)
2026-08-18 14:04:44 | INFO     | app.services.location_service | Curated database: 16 centres within 75 km of (10.8267, 78.6932)
2026-08-18 14:04:51 | INFO     | app.services.location_service | Geoapify Places API: 2 additional centres found
2026-08-18 14:04:51 | INFO     | app.services.location_service | Returning 5 agriculture centres for (10.8267, 78.6932)
2026-08-18 14:05:00 | INFO     | app.api.auth | POST /auth/login/email | email='raguljayakumar34@gmail.com'
2026-08-18 14:05:01 | INFO     | app.services.auth_service | JWT access token created for farmer_id=3
2026-08-18 14:05:01 | INFO     | app.services.auth_service | JWT refresh token created for farmer_id=3
2026-08-18 14:05:01 | INFO     | app.services.auth_service | Farmer logged in (email) → id=3 email='raguljayakumar34@gmail.com'
2026-08-18 14:05:03 | INFO     | app.api.routes | GET /maps/nearby-centers | lat=13.1262 lng=80.2335 (frontend alias)
2026-08-18 14:05:03 | INFO     | app.services.location_service | Curated database: 7 centres within 75 km of (13.1262, 80.2335)
2026-08-18 14:05:13 | INFO     | app.services.location_service | Geoapify Places API: 2 additional centres found
2026-08-18 14:05:13 | INFO     | app.services.location_service | Returning 5 agriculture centres for (13.1262, 80.2335)
2026-08-18 14:07:32 | INFO     | app.services.location_service | Loaded 125 curated agriculture centres from agriculture_centres.json
2026-08-18 14:07:32 | INFO     | app.services.location_service | Curated database: 7 centres within 75 km of (13.1262, 80.2335)
2026-08-18 14:07:42 | INFO     | app.services.location_service | Geoapify Places API: 0 additional centres found
2026-08-18 14:07:42 | INFO     | app.services.location_service | Returning 5 agriculture centres for (13.1262, 80.2335)
2026-08-18 14:07:42 | INFO     | app.services.location_service | Curated database: 13 centres within 75 km of (11.3796, 79.6948)
2026-08-18 14:07:48 | INFO     | app.services.location_service | Geoapify Places API: 1 additional centres found
2026-08-18 14:07:48 | INFO     | app.services.location_service | Returning 5 agriculture centres for (11.3796, 79.6948)
2026-08-18 14:07:48 | INFO     | app.services.location_service | Curated database: 14 centres within 75 km of (10.7900, 78.7000)
2026-08-18 14:07:57 | INFO     | app.services.location_service | Geoapify Places API: 2 additional centres found
2026-08-18 14:07:57 | INFO     | app.services.location_service | Returning 5 agriculture centres for (10.7900, 78.7000)
2026-08-18 14:09:35 | INFO     | app.main | AgroGuard-AI shutting down gracefully.
2026-08-18 14:09:41 | INFO     | app.services.location_service | Loaded 125 curated agriculture centres from agriculture_centres.json
2026-08-18 14:09:41 | INFO     | app.models.model_loader | Creating ModelLoader singleton (path=saved_models/agroguard_banana_convnext_small.pth)
2026-08-18 14:09:41 | INFO     | app.models.model_loader | Loading banana model weights from 'saved_models/agroguard_banana_convnext_small.pth' on cuda
2026-08-18 14:09:42 | INFO     | app.models.model_loader | Banana disease model loaded successfully (7 classes).
2026-08-18 14:09:42 | INFO     | app.main | ╔══════════════════════════════════════════════╗
2026-08-18 14:09:42 | INFO     | app.main | ║  AgroGuard-AI STARTING  ║
2026-08-18 14:09:42 | INFO     | app.main | ╚══════════════════════════════════════════════╝
2026-08-18 14:09:43 | INFO     | app.database.db | Database tables created / verified.
2026-08-18 14:09:43 | INFO     | app.main | ✓ Database tables ready.
2026-08-18 14:09:43 | INFO     | app.main | ✓ Banana disease model loaded and ready.
2026-08-18 14:09:43 | INFO     | app.main | ✓ AgroGuard-AI is ready → base URL: /api/v1
2026-08-18 14:10:51 | INFO     | app.api.auth | POST /auth/login/email | email='raguljayakumar34@gmail.com'
2026-08-18 14:10:51 | INFO     | app.services.auth_service | JWT access token created for farmer_id=3
2026-08-18 14:10:51 | INFO     | app.services.auth_service | JWT refresh token created for farmer_id=3
2026-08-18 14:10:51 | INFO     | app.services.auth_service | Farmer logged in (email) → id=3 email='raguljayakumar34@gmail.com'
2026-08-18 14:10:59 | INFO     | app.api.routes | GET /maps/nearby-centers | lat=None lng=None (frontend alias)
2026-08-18 14:10:59 | INFO     | app.api.routes | Latitude/Longitude missing, using default location (10.8267, 78.6932)
2026-08-18 14:10:59 | INFO     | app.services.location_service | Curated database: 16 centres within 75 km of (10.8267, 78.6932)
2026-08-18 14:11:08 | INFO     | app.services.location_service | Geoapify Places API: 2 additional centres found
2026-08-18 14:11:08 | INFO     | app.services.location_service | Returning 5 agriculture centres for (10.8267, 78.6932)
2026-08-18 14:15:09 | INFO     | app.services.location_service | Loaded 104 curated agriculture centres from agriculture_centres.json
2026-08-18 14:15:09 | INFO     | app.services.location_service | Curated database: 16 centres within 75 km of (11.7700, 79.5532)
2026-08-18 14:15:16 | INFO     | app.services.location_service | Geoapify Places API: 0 additional centres found
2026-08-18 14:15:16 | INFO     | app.services.location_service | Returning 5 agriculture centres for (11.7700, 79.5532)
2026-08-18 14:15:29 | INFO     | app.services.location_service | Loaded 104 curated agriculture centres from agriculture_centres.json
2026-08-18 14:15:29 | INFO     | app.services.location_service | Curated database: 16 centres within 75 km of (11.7700, 79.5532)
2026-08-18 14:15:34 | INFO     | app.services.location_service | Geoapify Places API: 0 additional centres found
2026-08-18 14:15:34 | INFO     | app.services.location_service | Returning 5 agriculture centres for (11.7700, 79.5532)
2026-08-18 14:15:34 | INFO     | app.services.location_service | Curated database: 14 centres within 75 km of (10.9602, 79.3782)
2026-08-18 14:15:38 | INFO     | app.services.location_service | Geoapify Places API: 1 additional centres found
2026-08-18 14:15:38 | INFO     | app.services.location_service | Returning 5 agriculture centres for (10.9602, 79.3782)
2026-08-18 14:15:38 | INFO     | app.services.location_service | Curated database: 9 centres within 75 km of (10.6623, 77.0089)
2026-08-18 14:15:43 | INFO     | app.services.location_service | Geoapify Places API: 0 additional centres found
2026-08-18 14:15:43 | INFO     | app.services.location_service | Returning 5 agriculture centres for (10.6623, 77.0089)
2026-08-18 14:15:43 | INFO     | app.services.location_service | Curated database: 13 centres within 75 km of (9.9678, 77.7945)
2026-08-18 14:15:49 | INFO     | app.services.location_service | Geoapify Places API: 0 additional centres found
2026-08-18 14:15:49 | INFO     | app.services.location_service | Returning 5 agriculture centres for (9.9678, 77.7945)
2026-08-18 14:15:49 | INFO     | app.services.location_service | Curated database: 1 centres within 75 km of (11.6103, 76.0827)
2026-08-18 14:15:54 | INFO     | app.services.location_service | Geoapify Places API: 1 additional centres found
2026-08-18 14:15:54 | INFO     | app.services.location_service | Returning 2 agriculture centres for (11.6103, 76.0827)
2026-08-18 14:15:54 | INFO     | app.services.location_service | Curated database: 3 centres within 75 km of (12.5220, 76.8950)
2026-08-18 14:15:58 | INFO     | app.services.location_service | Geoapify Places API: 1 additional centres found
2026-08-18 14:15:58 | INFO     | app.services.location_service | Returning 4 agriculture centres for (12.5220, 76.8950)
2026-08-18 14:17:33 | INFO     | app.main | AgroGuard-AI shutting down gracefully.
2026-08-18 14:17:35 | INFO     | app.services.location_service | Loaded 104 curated agriculture centres from agriculture_centres.json
2026-08-18 14:17:35 | INFO     | app.services.location_service | Curated database: 16 centres near (11.7700, 79.5532)
2026-08-18 14:17:39 | INFO     | app.services.location_service | Loaded 104 curated agriculture centres from agriculture_centres.json
2026-08-18 14:17:40 | INFO     | app.models.model_loader | Creating ModelLoader singleton (path=saved_models/agroguard_banana_convnext_small.pth)
2026-08-18 14:17:40 | INFO     | app.models.model_loader | Loading banana model weights from 'saved_models/agroguard_banana_convnext_small.pth' on cuda
2026-08-18 14:17:41 | INFO     | app.models.model_loader | Banana disease model loaded successfully (7 classes).
2026-08-18 14:17:41 | INFO     | app.main | ╔══════════════════════════════════════════════╗
2026-08-18 14:17:41 | INFO     | app.main | ║  AgroGuard-AI STARTING  ║
2026-08-18 14:17:41 | INFO     | app.main | ╚══════════════════════════════════════════════╝
2026-08-18 14:17:42 | INFO     | app.services.location_service | API Enrichments | Geoapify: 0, Google Places: 0
2026-08-18 14:17:42 | INFO     | app.services.location_service | Returning 5 agriculture centres for (11.7700, 79.5532)
2026-08-18 14:17:42 | INFO     | app.services.location_service | Curated database: 14 centres near (10.9602, 79.3782)
2026-08-18 14:17:42 | INFO     | app.database.db | Database tables created / verified.
2026-08-18 14:17:42 | INFO     | app.main | ✓ Database tables ready.
2026-08-18 14:17:42 | INFO     | app.main | ✓ Banana disease model loaded and ready.
2026-08-18 14:17:42 | INFO     | app.main | ✓ AgroGuard-AI is ready → base URL: /api/v1
2026-08-18 14:17:48 | INFO     | app.services.location_service | Loaded 104 curated agriculture centres from agriculture_centres.json
2026-08-18 14:17:48 | INFO     | app.models.model_loader | Creating ModelLoader singleton (path=saved_models/agroguard_banana_convnext_small.pth)
2026-08-18 14:17:49 | INFO     | app.models.model_loader | Loading banana model weights from 'saved_models/agroguard_banana_convnext_small.pth' on cuda
2026-08-18 14:17:49 | INFO     | app.models.model_loader | Banana disease model loaded successfully (7 classes).
2026-08-18 14:17:49 | INFO     | app.services.location_service | API Enrichments | Geoapify: 1, Google Places: 0
2026-08-18 14:17:49 | INFO     | app.services.location_service | Returning 5 agriculture centres for (10.9602, 79.3782)
2026-08-18 14:17:49 | INFO     | app.services.location_service | Curated database: 9 centres near (10.6623, 77.0089)
2026-08-18 14:17:49 | INFO     | app.main | ╔══════════════════════════════════════════════╗
2026-08-18 14:17:49 | INFO     | app.main | ║  AgroGuard-AI STARTING  ║
2026-08-18 14:17:49 | INFO     | app.main | ╚══════════════════════════════════════════════╝
2026-08-18 14:17:50 | INFO     | app.database.db | Database tables created / verified.
2026-08-18 14:17:50 | INFO     | app.main | ✓ Database tables ready.
2026-08-18 14:17:50 | INFO     | app.main | ✓ Banana disease model loaded and ready.
2026-08-18 14:17:50 | INFO     | app.main | ✓ AgroGuard-AI is ready → base URL: /api/v1
2026-08-18 14:17:55 | INFO     | app.services.location_service | API Enrichments | Geoapify: 0, Google Places: 0
2026-08-18 14:17:55 | INFO     | app.services.location_service | Returning 5 agriculture centres for (10.6623, 77.0089)
2026-08-18 14:17:55 | INFO     | app.services.location_service | Curated database: 13 centres near (9.9678, 77.7945)
2026-08-18 14:18:01 | INFO     | app.services.location_service | API Enrichments | Geoapify: 0, Google Places: 0
2026-08-18 14:18:01 | INFO     | app.services.location_service | Returning 5 agriculture centres for (9.9678, 77.7945)
2026-08-18 14:18:01 | INFO     | app.services.location_service | Curated database: 1 centres near (11.6103, 76.0827)
2026-08-18 14:18:10 | INFO     | app.services.location_service | API Enrichments | Geoapify: 1, Google Places: 0
2026-08-18 14:18:10 | INFO     | app.services.location_service | Returning 2 agriculture centres for (11.6103, 76.0827)
2026-08-18 14:18:10 | INFO     | app.services.location_service | Curated database: 3 centres near (12.5220, 76.8950)
2026-08-18 14:18:16 | INFO     | app.services.location_service | API Enrichments | Geoapify: 1, Google Places: 0
2026-08-18 14:18:16 | INFO     | app.services.location_service | Returning 4 agriculture centres for (12.5220, 76.8950)
2026-08-18 14:20:17 | INFO     | app.api.routes | GET /maps/nearby-centers | lat=None lng=None (frontend alias)
2026-08-18 14:20:17 | INFO     | app.api.routes | Latitude/Longitude missing, using default location (10.8267, 78.6932)
2026-08-18 14:20:17 | INFO     | app.services.location_service | Curated database: 9 centres near (10.8267, 78.6932)
2026-08-18 14:20:25 | INFO     | app.services.location_service | API Enrichments | Geoapify: 2, Google Places: 0
2026-08-18 14:20:25 | INFO     | app.services.location_service | Returning 5 agriculture centres for (10.8267, 78.6932)
2026-08-18 14:22:01 | INFO     | app.services.location_service | Detecting live location on the spot for lat=11.7700, lng=79.5532...
2026-08-18 14:22:05 | INFO     | app.services.location_service | Live Search Results | Geoapify: 1, Google Places: 0
2026-08-18 14:22:05 | INFO     | app.services.location_service | Returning 1 live nearby agriculture centres for (11.7700, 79.5532)
2026-08-18 14:22:05 | INFO     | app.services.location_service | Detecting live location on the spot for lat=10.9602, lng=79.3782...
2026-08-18 14:22:15 | INFO     | app.services.location_service | Live Search Results | Geoapify: 3, Google Places: 0
2026-08-18 14:22:15 | INFO     | app.services.location_service | Returning 3 live nearby agriculture centres for (10.9602, 79.3782)
2026-08-18 14:22:15 | INFO     | app.services.location_service | Detecting live location on the spot for lat=10.6623, lng=77.0089...
2026-08-18 14:22:29 | INFO     | app.services.location_service | Category search 0 results, running Geoapify live text search...
2026-08-18 14:22:33 | INFO     | app.services.location_service | Live Search Results | Geoapify: 17, Google Places: 0
2026-08-18 14:22:33 | INFO     | app.services.location_service | Returning 5 live nearby agriculture centres for (10.6623, 77.0089)
2026-08-18 14:22:43 | INFO     | app.main | AgroGuard-AI shutting down gracefully.
2026-08-18 14:22:49 | INFO     | app.models.model_loader | Creating ModelLoader singleton (path=saved_models/agroguard_banana_convnext_small.pth)
2026-08-18 14:22:49 | INFO     | app.models.model_loader | Loading banana model weights from 'saved_models/agroguard_banana_convnext_small.pth' on cuda
2026-08-18 14:22:50 | INFO     | app.models.model_loader | Banana disease model loaded successfully (7 classes).
2026-08-18 14:22:50 | INFO     | app.main | ╔══════════════════════════════════════════════╗
2026-08-18 14:22:50 | INFO     | app.main | ║  AgroGuard-AI STARTING  ║
2026-08-18 14:22:50 | INFO     | app.main | ╚══════════════════════════════════════════════╝
2026-08-18 14:22:50 | INFO     | app.database.db | Database tables created / verified.
2026-08-18 14:22:50 | INFO     | app.main | ✓ Database tables ready.
2026-08-18 14:22:50 | INFO     | app.main | ✓ Banana disease model loaded and ready.
2026-08-18 14:22:50 | INFO     | app.main | ✓ AgroGuard-AI is ready → base URL: /api/v1
2026-08-18 14:22:56 | INFO     | app.models.model_loader | Creating ModelLoader singleton (path=saved_models/agroguard_banana_convnext_small.pth)
2026-08-18 14:22:57 | INFO     | app.models.model_loader | Loading banana model weights from 'saved_models/agroguard_banana_convnext_small.pth' on cuda
2026-08-18 14:22:57 | INFO     | app.models.model_loader | Banana disease model loaded successfully (7 classes).
2026-08-18 14:22:57 | INFO     | app.main | ╔══════════════════════════════════════════════╗
2026-08-18 14:22:57 | INFO     | app.main | ║  AgroGuard-AI STARTING  ║
2026-08-18 14:22:57 | INFO     | app.main | ╚══════════════════════════════════════════════╝
2026-08-18 14:22:58 | INFO     | app.database.db | Database tables created / verified.
2026-08-18 14:22:58 | INFO     | app.main | ✓ Database tables ready.
2026-08-18 14:22:58 | INFO     | app.main | ✓ Banana disease model loaded and ready.
2026-08-18 14:22:58 | INFO     | app.main | ✓ AgroGuard-AI is ready → base URL: /api/v1
2026-08-18 14:23:02 | INFO     | app.services.location_service | Detecting live location on the spot for lat=11.7700, lng=79.5532...
2026-08-18 14:23:04 | INFO     | app.models.model_loader | Creating ModelLoader singleton (path=saved_models/agroguard_banana_convnext_small.pth)
2026-08-18 14:23:04 | INFO     | app.models.model_loader | Loading banana model weights from 'saved_models/agroguard_banana_convnext_small.pth' on cuda
2026-08-18 14:23:04 | INFO     | app.models.model_loader | Banana disease model loaded successfully (7 classes).
2026-08-18 14:23:05 | INFO     | app.main | ╔══════════════════════════════════════════════╗
2026-08-18 14:23:05 | INFO     | app.main | ║  AgroGuard-AI STARTING  ║
2026-08-18 14:23:05 | INFO     | app.main | ╚══════════════════════════════════════════════╝
2026-08-18 14:23:05 | INFO     | app.database.db | Database tables created / verified.
2026-08-18 14:23:05 | INFO     | app.main | ✓ Database tables ready.
2026-08-18 14:23:05 | INFO     | app.main | ✓ Banana disease model loaded and ready.
2026-08-18 14:23:05 | INFO     | app.main | ✓ AgroGuard-AI is ready → base URL: /api/v1
2026-08-18 14:23:13 | INFO     | app.services.location_service | Category search 0 results, running Geoapify live text search...
2026-08-18 14:23:21 | INFO     | app.services.location_service | Live Search Results | Geoapify: 3, Google Places: 0
2026-08-18 14:23:21 | INFO     | app.services.location_service | Returning 3 live nearby agriculture centres for (11.7700, 79.5532)
2026-08-18 14:23:38 | INFO     | app.services.location_service | Detecting live location on the spot for lat=11.7700, lng=79.5532...
2026-08-18 14:23:47 | INFO     | app.services.location_service | Category search 0 results, running Geoapify live text search...
2026-08-18 14:23:52 | INFO     | app.services.location_service | Live Search Results | Geoapify: 3, Google Places: 0
2026-08-18 14:23:52 | INFO     | app.services.location_service | Returning 3 live nearby agriculture centres for (11.7700, 79.5532)
2026-08-18 14:23:52 | INFO     | app.services.location_service | Detecting live location on the spot for lat=10.9602, lng=79.3782...
2026-08-18 14:23:58 | INFO     | app.services.location_service | Live Search Results | Geoapify: 1, Google Places: 0
2026-08-18 14:23:58 | INFO     | app.services.location_service | Returning 1 live nearby agriculture centres for (10.9602, 79.3782)
2026-08-18 14:23:58 | INFO     | app.services.location_service | Detecting live location on the spot for lat=10.6623, lng=77.0089...
2026-08-18 14:24:04 | INFO     | app.services.location_service | Category search 0 results, running Geoapify live text search...
2026-08-18 14:24:09 | INFO     | app.services.location_service | Live Search Results | Geoapify: 6, Google Places: 0
2026-08-18 14:24:09 | INFO     | app.services.location_service | Returning 5 live nearby agriculture centres for (10.6623, 77.0089)
2026-08-18 14:35:27 | WARNING  | app.services.auth_service | JWT access token decode failed: Signature has expired.
2026-08-18 14:35:27 | WARNING  | app.utils.dependencies | Invalid JWT token received.
2026-08-18 14:35:41 | INFO     | app.api.auth | POST /auth/login/email | email='raguljayakumar34@gmail.com'
2026-08-18 14:35:42 | INFO     | app.services.auth_service | JWT access token created for farmer_id=3
2026-08-18 14:35:42 | INFO     | app.services.auth_service | JWT refresh token created for farmer_id=3
2026-08-18 14:35:42 | INFO     | app.services.auth_service | Farmer logged in (email) → id=3 email='raguljayakumar34@gmail.com'
2026-08-18 14:35:49 | INFO     | app.api.routes | GET /maps/nearby-centers | lat=None lng=None (frontend alias)
2026-08-18 14:35:49 | INFO     | app.api.routes | Latitude/Longitude missing, using default location (10.8267, 78.6932)
2026-08-18 14:35:49 | INFO     | app.services.location_service | Detecting live location on the spot for lat=10.8267, lng=78.6932...
2026-08-18 14:35:55 | INFO     | app.services.location_service | Live Search Results | Geoapify: 2, Google Places: 0
2026-08-18 14:35:55 | INFO     | app.services.location_service | Returning 2 live nearby agriculture centres for (10.8267, 78.6932)
2026-08-18 14:49:19 | INFO     | app.api.routes | GET /maps/nearby-centers | lat=None lng=None (frontend alias)
2026-08-18 14:49:19 | INFO     | app.api.routes | Latitude/Longitude missing, using default location (10.8267, 78.6932)
2026-08-18 14:49:19 | INFO     | app.services.location_service | Returning 2 cached live agriculture centres for (10.8267, 78.6932)
2026-08-18 14:52:16 | INFO     | app.services.location_service | Detecting live location on the spot for lat=11.3995, lng=79.6909...
2026-08-18 14:52:38 | INFO     | app.services.location_service | Live Search Results | Geoapify: 1, Google Places: 0
2026-08-18 14:52:38 | INFO     | app.services.location_service | Returning 1 live nearby agriculture centres for (11.3995, 79.6909)
2026-08-18 14:55:09 | INFO     | app.models.model_loader | Creating ModelLoader singleton (path=saved_models/agroguard_banana_convnext_small.pth)
2026-08-18 14:55:10 | INFO     | app.models.model_loader | Loading banana model weights from 'saved_models/agroguard_banana_convnext_small.pth' on cuda
2026-08-18 14:55:10 | INFO     | app.models.model_loader | Banana disease model loaded successfully (7 classes).
2026-08-18 14:55:10 | INFO     | app.api.routes | Resolving location for farmer 'Test Farmer' via registered profile 'Chidambaram, Cuddalore, Tamil Nadu'...
2026-08-18 14:55:24 | INFO     | app.api.routes | Successfully geocoded farmer profile to lat=11.3995, lng=79.6909
2026-08-18 14:55:24 | INFO     | app.services.location_service | Detecting live location on the spot for lat=11.3995, lng=79.6909...
2026-08-18 14:55:45 | INFO     | app.services.location_service | Live Search Results | Geoapify: 1, Google Places: 0
2026-08-18 14:55:45 | INFO     | app.services.location_service | Returning 1 live nearby agriculture centres for (11.3995, 79.6909)
2026-08-18 14:56:08 | INFO     | app.models.model_loader | Creating ModelLoader singleton (path=saved_models/agroguard_banana_convnext_small.pth)
2026-08-18 14:56:08 | INFO     | app.models.model_loader | Loading banana model weights from 'saved_models/agroguard_banana_convnext_small.pth' on cuda
2026-08-18 14:56:09 | INFO     | app.models.model_loader | Banana disease model loaded successfully (7 classes).
2026-08-18 14:56:09 | INFO     | app.api.routes | Resolving location for farmer 'Test Farmer' via registered profile 'Chidambaram, Cuddalore, Tamil Nadu'...
2026-08-18 14:56:23 | INFO     | app.api.routes | Successfully geocoded farmer profile to lat=11.3995, lng=79.6909
2026-08-18 14:56:23 | INFO     | app.services.location_service | Detecting live location on the spot for lat=11.3995, lng=79.6909...
2026-08-18 14:56:31 | INFO     | app.services.location_service | Live Search Results | Geoapify: 1, Google Places: 0
2026-08-18 14:56:31 | INFO     | app.services.location_service | Returning 1 live nearby agriculture centres for (11.3995, 79.6909)
2026-08-18 14:56:34 | INFO     | app.main | AgroGuard-AI shutting down gracefully.
2026-08-18 14:56:40 | INFO     | app.models.model_loader | Creating ModelLoader singleton (path=saved_models/agroguard_banana_convnext_small.pth)
2026-08-18 14:56:40 | INFO     | app.models.model_loader | Loading banana model weights from 'saved_models/agroguard_banana_convnext_small.pth' on cuda
2026-08-18 14:56:40 | INFO     | app.models.model_loader | Banana disease model loaded successfully (7 classes).
2026-08-18 14:56:41 | INFO     | app.main | ╔══════════════════════════════════════════════╗
2026-08-18 14:56:41 | INFO     | app.main | ║  AgroGuard-AI STARTING  ║
2026-08-18 14:56:41 | INFO     | app.main | ╚══════════════════════════════════════════════╝
2026-08-18 14:56:42 | INFO     | app.database.db | Database tables created / verified.
2026-08-18 14:56:42 | INFO     | app.main | ✓ Database tables ready.
2026-08-18 14:56:42 | INFO     | app.main | ✓ Banana disease model loaded and ready.
2026-08-18 14:56:42 | INFO     | app.main | ✓ AgroGuard-AI is ready → base URL: /api/v1
2026-08-18 14:56:47 | INFO     | app.models.model_loader | Creating ModelLoader singleton (path=saved_models/agroguard_banana_convnext_small.pth)
2026-08-18 14:56:48 | INFO     | app.models.model_loader | Loading banana model weights from 'saved_models/agroguard_banana_convnext_small.pth' on cuda
2026-08-18 14:56:48 | INFO     | app.models.model_loader | Banana disease model loaded successfully (7 classes).
2026-08-18 14:56:48 | INFO     | app.main | ╔══════════════════════════════════════════════╗
2026-08-18 14:56:48 | INFO     | app.main | ║  AgroGuard-AI STARTING  ║
2026-08-18 14:56:48 | INFO     | app.main | ╚══════════════════════════════════════════════╝
2026-08-18 14:56:49 | INFO     | app.database.db | Database tables created / verified.
2026-08-18 14:56:49 | INFO     | app.main | ✓ Database tables ready.
2026-08-18 14:56:49 | INFO     | app.main | ✓ Banana disease model loaded and ready.
2026-08-18 14:56:49 | INFO     | app.main | ✓ AgroGuard-AI is ready → base URL: /api/v1
2026-08-18 14:58:29 | INFO     | app.api.auth | POST /auth/login/email | email='raguljayakumar34@gmail.com'
2026-08-18 14:58:29 | INFO     | app.services.auth_service | JWT access token created for farmer_id=3
2026-08-18 14:58:29 | INFO     | app.services.auth_service | JWT refresh token created for farmer_id=3
2026-08-18 14:58:29 | INFO     | app.services.auth_service | Farmer logged in (email) → id=3 email='raguljayakumar34@gmail.com'
2026-08-18 14:58:37 | INFO     | app.api.routes | GET /maps/nearby-centers | lat=None lng=None (frontend alias)
2026-08-18 14:58:37 | INFO     | app.api.routes | Resolving location for farmer 'RAGUL ' via registered profile 'chidambaram, cuddalore, tamilnadu'...
2026-08-18 14:58:39 | INFO     | app.api.routes | Successfully geocoded farmer profile to lat=11.3995, lng=79.6909
2026-08-18 14:58:40 | INFO     | app.services.location_service | Detecting live location on the spot for lat=11.3995, lng=79.6909...
2026-08-18 14:58:47 | INFO     | app.services.location_service | Live Search Results | Geoapify: 1, Google Places: 0
2026-08-18 14:58:47 | INFO     | app.services.location_service | Returning 1 live nearby agriculture centres for (11.3995, 79.6909)
2026-08-18 15:00:14 | INFO     | app.services.location_service | Loaded 101 curated agriculture centres from agriculture_centres.json
2026-08-18 15:00:14 | INFO     | app.services.location_service | Searching nearby agriculture centres for lat=11.3995, lng=79.6909...
2026-08-18 15:00:28 | INFO     | app.services.location_service | Returning 5 nearby agriculture centres for (11.3995, 79.6909)
2026-08-18 15:01:03 | INFO     | app.api.auth | POST /auth/login | phone='8667540547'
2026-08-18 15:01:04 | INFO     | app.services.auth_service | JWT access token created for farmer_id=3
2026-08-18 15:01:04 | INFO     | app.services.auth_service | JWT refresh token created for farmer_id=3
2026-08-18 15:01:04 | INFO     | app.services.auth_service | Farmer logged in → id=3 phone='8667540547'
2026-08-18 15:01:04 | INFO     | app.main | AgroGuard-AI shutting down gracefully.
2026-08-18 15:01:13 | INFO     | app.services.location_service | Loaded 101 curated agriculture centres from agriculture_centres.json
2026-08-18 15:01:14 | INFO     | app.models.model_loader | Creating ModelLoader singleton (path=saved_models/agroguard_banana_convnext_small.pth)
2026-08-18 15:01:15 | INFO     | app.models.model_loader | Loading banana model weights from 'saved_models/agroguard_banana_convnext_small.pth' on cuda
2026-08-18 15:01:16 | INFO     | app.models.model_loader | Banana disease model loaded successfully (7 classes).
2026-08-18 15:01:17 | INFO     | app.main | ╔══════════════════════════════════════════════╗
2026-08-18 15:01:17 | INFO     | app.main | ║  AgroGuard-AI STARTING  ║
2026-08-18 15:01:17 | INFO     | app.main | ╚══════════════════════════════════════════════╝
2026-08-18 15:01:18 | INFO     | app.database.db | Database tables created / verified.
2026-08-18 15:01:18 | INFO     | app.main | ✓ Database tables ready.
2026-08-18 15:01:18 | INFO     | app.main | ✓ Banana disease model loaded and ready.
2026-08-18 15:01:18 | INFO     | app.main | ✓ AgroGuard-AI is ready → base URL: /api/v1
2026-08-18 15:02:31 | INFO     | app.api.routes | GET /maps/nearby-centers | lat=13.1262 lng=80.2335 (frontend alias)
2026-08-18 15:02:31 | INFO     | app.services.location_service | Searching nearby agriculture centres for lat=13.1262, lng=80.2335...
2026-08-18 15:02:38 | INFO     | app.services.location_service | Returning 5 nearby agriculture centres for (13.1262, 80.2335)
2026-08-18 15:03:12 | INFO     | app.services.location_service | Returning 5 cached agriculture centres for (13.1262, 80.2335)
2026-08-18 15:06:39 | INFO     | app.services.location_service | Searching nearby agriculture centres for lat=11.3993, lng=79.6914...
2026-08-18 15:06:43 | INFO     | app.services.location_service | Returning 5 nearby agriculture centres for (11.3993, 79.6914)
2026-08-18 15:07:36 | INFO     | app.api.auth | POST /auth/google
2026-08-18 15:07:36 | ERROR    | app.api.auth | Google login error: No module named 'authlib'
2026-08-18 15:07:53 | INFO     | app.api.auth | POST /auth/login | phone='8667540547'
2026-08-18 15:07:53 | INFO     | app.services.auth_service | JWT access token created for farmer_id=3
2026-08-18 15:07:53 | INFO     | app.services.auth_service | JWT refresh token created for farmer_id=3
2026-08-18 15:07:53 | INFO     | app.services.auth_service | Farmer logged in → id=3 phone='8667540547'
2026-08-18 15:08:00 | INFO     | app.api.routes | GET /maps/nearby-centers | lat=None lng=None (frontend alias)
2026-08-18 15:08:00 | INFO     | app.api.routes | Resolving location for farmer 'RAGUL ' via registered profile 'chidambaram, cuddalore, tamilnadu'...
2026-08-18 15:08:03 | INFO     | app.api.routes | Successfully geocoded farmer profile to lat=11.3995, lng=79.6909
2026-08-18 15:08:03 | INFO     | app.services.location_service | Returning 5 cached agriculture centres for (11.3995, 79.6909)
2026-08-18 15:08:15 | INFO     | app.api.routes | GET /maps/nearby-centers | lat=13.1262 lng=80.2335 (frontend alias)
2026-08-18 15:08:15 | INFO     | app.services.location_service | Returning 5 cached agriculture centres for (13.1262, 80.2335)
2026-08-18 15:08:40 | INFO     | app.api.routes | POST /predict | farmer_id=3 phone='8667540547' file='image.jpg' lat=None lng=None language='english' (resolved from 'en')
2026-08-18 15:08:40 | INFO     | app.services.prediction_service | ── Prediction Pipeline START (farmer_id=3 language=english) ──
2026-08-18 15:08:40 | INFO     | app.services.prediction_service | Step 1 ✓ Image type and size validated
2026-08-18 15:08:40 | INFO     | app.services.prediction_service | Step 1b ✓ Magic bytes and dimensions validated
2026-08-18 15:08:41 | INFO     | app.services.guardrail_service | Plant guardrail ✓ plant=50.5% variance=4965 edges=0.279
2026-08-18 15:08:41 | INFO     | app.services.prediction_service | Step 2 ✓ Plant/leaf content validated
2026-08-18 15:08:42 | INFO     | app.services.prediction_service | Step 3 ✓ Preprocessed → (1, 3, 224, 224)
2026-08-18 15:08:44 | INFO     | app.models.disease_classifier | Prediction → 'Banana - Panama Disease (Fusarium Wilt)' confidence=1.0000 ✓
2026-08-18 15:08:44 | INFO     | app.services.prediction_service | Step 4 ✓ Disease='Banana - Panama Disease (Fusarium Wilt)' Confidence=1.0000 is_confident=True is_banana=True
2026-08-18 15:08:44 | INFO     | app.models.severity_estimator | Disease 'Banana - Panama Disease (Fusarium Wilt)' is always treated as High severity.
2026-08-18 15:08:44 | INFO     | app.services.prediction_service | Step 5 ✓ Severity=High
2026-08-18 15:08:44 | INFO     | app.services.advisory_service | ICAR KB matched keyword='panama' severity='High'
2026-08-18 15:08:44 | INFO     | app.services.advisory_service | ICAR KB advisory — disease='Banana - Panama Disease (Fusarium Wilt)' severity='High'
2026-08-18 15:08:44 | INFO     | app.services.prediction_service | Step 6 ✓ Advisory generated (2432 chars) language='english'
2026-08-18 15:08:44 | INFO     | app.services.prediction_service | Step 7 ✓ Found 0 nearby centres
2026-08-18 15:08:44 | INFO     | app.database.crud | Prediction saved → id=134 farmer_id=3 disease='Banana - Panama Disease (Fusarium Wilt)'
2026-08-18 15:08:44 | INFO     | app.services.prediction_service | Step 8 ✓ Saved to database
2026-08-18 15:08:44 | INFO     | app.services.prediction_service | ── Pipeline COMPLETE → Banana - Panama Disease (Fusarium Wilt) | High | 100.00% | lang=english ──
2026-08-18 15:13:12 | INFO     | app.services.location_service | Loaded 101 curated agriculture centres from agriculture_centres.json
2026-08-18 15:13:12 | INFO     | app.models.model_loader | Creating ModelLoader singleton (path=saved_models/agroguard_banana_convnext_small.pth)
2026-08-18 15:13:12 | INFO     | app.models.model_loader | Loading banana model weights from 'saved_models/agroguard_banana_convnext_small.pth' on cuda
2026-08-18 15:13:13 | INFO     | app.models.model_loader | Banana disease model loaded successfully (7 classes).
2026-08-18 15:13:13 | INFO     | app.services.prediction_service | ── Prediction Pipeline START (farmer_id=1 language=english) ──
2026-08-18 15:13:13 | INFO     | app.services.prediction_service | Step 1 ✓ Image type and size validated
2026-08-18 15:13:13 | INFO     | app.services.prediction_service | Step 1b ✓ Magic bytes and dimensions validated
2026-08-18 15:13:53 | INFO     | app.services.location_service | Loaded 101 curated agriculture centres from agriculture_centres.json
2026-08-18 15:13:53 | INFO     | app.models.model_loader | Creating ModelLoader singleton (path=saved_models/agroguard_banana_convnext_small.pth)
2026-08-18 15:13:54 | INFO     | app.models.model_loader | Loading banana model weights from 'saved_models/agroguard_banana_convnext_small.pth' on cuda
2026-08-18 15:13:54 | INFO     | app.models.model_loader | Banana disease model loaded successfully (7 classes).
2026-08-18 15:13:54 | INFO     | app.services.prediction_service | ── Prediction Pipeline START (farmer_id=1 language=english) ──
2026-08-18 15:13:54 | INFO     | app.services.prediction_service | Step 1 ✓ Image type and size validated
2026-08-18 15:13:54 | INFO     | app.services.prediction_service | Step 1b ✓ Magic bytes and dimensions validated
2026-08-18 15:13:54 | INFO     | app.services.guardrail_service | Plant guardrail ✓ plant=99.4% variance=929 edges=0.364
2026-08-18 15:13:54 | INFO     | app.services.prediction_service | Step 2 ✓ Plant/leaf content validated
2026-08-18 15:13:55 | INFO     | app.services.prediction_service | Step 3 ✓ Preprocessed → (1, 3, 224, 224)
2026-08-18 15:13:55 | INFO     | app.models.disease_classifier | Prediction → 'Banana - Healthy' confidence=1.0000 ✓
2026-08-18 15:13:55 | INFO     | app.services.prediction_service | Step 4 ✓ Disease='Banana - Healthy' Confidence=1.0000 is_confident=True is_banana=True
2026-08-18 15:13:55 | INFO     | app.models.severity_estimator | Banana plant is healthy — no severity assigned.
2026-08-18 15:13:55 | INFO     | app.services.prediction_service | Step 5 ✓ Severity=None
2026-08-18 15:13:55 | INFO     | app.services.advisory_service | ICAR KB matched keyword='healthy' severity='None'
2026-08-18 15:13:55 | INFO     | app.services.advisory_service | ICAR KB advisory — disease='Banana - Healthy' severity='None'
2026-08-18 15:13:55 | INFO     | app.services.prediction_service | Step 6 ✓ Advisory generated (1432 chars) language='english'
2026-08-18 15:13:55 | INFO     | app.services.prediction_service | Location un-geocoded, defaulting prediction location to Chidambaram (11.3995, 79.6909)
2026-08-18 15:13:55 | INFO     | app.services.location_service | Searching nearby agriculture centres for lat=11.3995, lng=79.6909...
2026-08-18 15:14:00 | INFO     | app.services.location_service | Returning 5 nearby agriculture centres for (11.3995, 79.6909)
2026-08-18 15:14:00 | INFO     | app.services.prediction_service | Step 7 ✓ Found 5 nearby centres for lat=11.3995 lng=79.6909
2026-08-18 15:14:10 | INFO     | app.main | AgroGuard-AI shutting down gracefully.
2026-08-18 15:14:16 | INFO     | app.services.location_service | Loaded 101 curated agriculture centres from agriculture_centres.json
2026-08-18 15:14:16 | INFO     | app.models.model_loader | Creating ModelLoader singleton (path=saved_models/agroguard_banana_convnext_small.pth)
2026-08-18 15:14:16 | INFO     | app.models.model_loader | Loading banana model weights from 'saved_models/agroguard_banana_convnext_small.pth' on cuda
2026-08-18 15:14:17 | INFO     | app.models.model_loader | Banana disease model loaded successfully (7 classes).
2026-08-18 15:14:17 | INFO     | app.main | ╔══════════════════════════════════════════════╗
2026-08-18 15:14:17 | INFO     | app.main | ║  AgroGuard-AI STARTING  ║
2026-08-18 15:14:17 | INFO     | app.main | ╚══════════════════════════════════════════════╝
2026-08-18 15:14:18 | INFO     | app.database.db | Database tables created / verified.
2026-08-18 15:14:18 | INFO     | app.main | ✓ Database tables ready.
2026-08-18 15:14:18 | INFO     | app.main | ✓ Banana disease model loaded and ready.
2026-08-18 15:14:18 | INFO     | app.main | ✓ AgroGuard-AI is ready → base URL: /api/v1
2026-08-18 15:14:23 | INFO     | app.services.location_service | Loaded 101 curated agriculture centres from agriculture_centres.json
2026-08-18 15:14:23 | INFO     | app.models.model_loader | Creating ModelLoader singleton (path=saved_models/agroguard_banana_convnext_small.pth)
2026-08-18 15:14:24 | INFO     | app.models.model_loader | Loading banana model weights from 'saved_models/agroguard_banana_convnext_small.pth' on cuda
2026-08-18 15:14:24 | INFO     | app.models.model_loader | Banana disease model loaded successfully (7 classes).
2026-08-18 15:14:24 | INFO     | app.main | ╔══════════════════════════════════════════════╗
2026-08-18 15:14:24 | INFO     | app.main | ║  AgroGuard-AI STARTING  ║
2026-08-18 15:14:24 | INFO     | app.main | ╚══════════════════════════════════════════════╝
2026-08-18 15:14:25 | INFO     | app.services.location_service | Loaded 101 curated agriculture centres from agriculture_centres.json
2026-08-18 15:14:25 | INFO     | app.database.db | Database tables created / verified.
2026-08-18 15:14:25 | INFO     | app.main | ✓ Database tables ready.
2026-08-18 15:14:25 | INFO     | app.main | ✓ Banana disease model loaded and ready.
2026-08-18 15:14:25 | INFO     | app.main | ✓ AgroGuard-AI is ready → base URL: /api/v1
2026-08-18 15:14:25 | INFO     | app.models.model_loader | Creating ModelLoader singleton (path=saved_models/agroguard_banana_convnext_small.pth)
2026-08-18 15:14:25 | INFO     | app.models.model_loader | Loading banana model weights from 'saved_models/agroguard_banana_convnext_small.pth' on cuda
2026-08-18 15:14:26 | INFO     | app.models.model_loader | Banana disease model loaded successfully (7 classes).
2026-08-18 15:14:26 | INFO     | app.services.prediction_service | ── Prediction Pipeline START (farmer_id=3 language=english) ──
2026-08-18 15:14:26 | INFO     | app.services.prediction_service | Step 1 ✓ Image type and size validated
2026-08-18 15:14:26 | INFO     | app.services.prediction_service | Step 1b ✓ Magic bytes and dimensions validated
2026-08-18 15:14:26 | INFO     | app.services.guardrail_service | Plant guardrail ✓ plant=99.4% variance=929 edges=0.364
2026-08-18 15:14:26 | INFO     | app.services.prediction_service | Step 2 ✓ Plant/leaf content validated
2026-08-18 15:14:26 | INFO     | app.services.prediction_service | Step 3 ✓ Preprocessed → (1, 3, 224, 224)
2026-08-18 15:14:27 | INFO     | app.models.disease_classifier | Prediction → 'Banana - Healthy' confidence=1.0000 ✓
2026-08-18 15:14:27 | INFO     | app.services.prediction_service | Step 4 ✓ Disease='Banana - Healthy' Confidence=1.0000 is_confident=True is_banana=True
2026-08-18 15:14:27 | INFO     | app.models.severity_estimator | Banana plant is healthy — no severity assigned.
2026-08-18 15:14:27 | INFO     | app.services.prediction_service | Step 5 ✓ Severity=None
2026-08-18 15:14:27 | INFO     | app.services.advisory_service | ICAR KB matched keyword='healthy' severity='None'
2026-08-18 15:14:27 | INFO     | app.services.advisory_service | ICAR KB advisory — disease='Banana - Healthy' severity='None'
2026-08-18 15:14:27 | INFO     | app.services.prediction_service | Step 6 ✓ Advisory generated (1432 chars) language='english'
2026-08-18 15:14:27 | INFO     | app.services.prediction_service | Resolving prediction location via farmer profile 'chidambaram, cuddalore, tamilnadu'...
2026-08-18 15:14:30 | INFO     | app.services.prediction_service | Prediction location resolved to lat=11.3995, lng=79.6909
2026-08-18 15:14:30 | INFO     | app.services.location_service | Searching nearby agriculture centres for lat=11.3995, lng=79.6909...
2026-08-18 15:14:34 | INFO     | app.services.location_service | Returning 5 nearby agriculture centres for (11.3995, 79.6909)
2026-08-18 15:14:34 | INFO     | app.services.prediction_service | Step 7 ✓ Found 5 nearby centres for lat=11.3995 lng=79.6909
2026-08-18 15:14:35 | INFO     | app.database.crud | Prediction saved → id=136 farmer_id=3 disease='Banana - Healthy'
2026-08-18 15:14:35 | INFO     | app.services.prediction_service | Step 8 ✓ Saved to database
2026-08-18 15:14:35 | INFO     | app.services.prediction_service | ── Pipeline COMPLETE → Banana - Healthy | None | 100.00% | lang=english ──
2026-08-18 15:15:47 | INFO     | app.api.routes | POST /predict | farmer_id=3 phone='8667540547' file='image.jpg' lat=None lng=None language='english' (resolved from 'en')
2026-08-18 15:15:47 | INFO     | app.services.prediction_service | ── Prediction Pipeline START (farmer_id=3 language=english) ──
2026-08-18 15:15:47 | INFO     | app.services.prediction_service | Step 1 ✓ Image type and size validated
2026-08-18 15:15:47 | INFO     | app.services.prediction_service | Step 1b ✓ Magic bytes and dimensions validated
2026-08-18 15:15:47 | INFO     | app.services.guardrail_service | Plant guardrail ✓ plant=56.4% variance=5832 edges=0.247
2026-08-18 15:15:47 | INFO     | app.services.prediction_service | Step 2 ✓ Plant/leaf content validated
2026-08-18 15:15:48 | INFO     | app.services.prediction_service | Step 3 ✓ Preprocessed → (1, 3, 224, 224)
2026-08-18 15:15:48 | INFO     | app.models.disease_classifier | Prediction → 'Banana - Black Sigatoka' confidence=0.9948 ✓
2026-08-18 15:15:48 | INFO     | app.services.prediction_service | Step 4 ✓ Disease='Banana - Black Sigatoka' Confidence=0.9948 is_confident=True is_banana=True
2026-08-18 15:15:48 | INFO     | app.models.severity_estimator | Severity estimated → High (disease='Banana - Black Sigatoka', confidence=0.9948)
2026-08-18 15:15:48 | INFO     | app.services.prediction_service | Step 5 ✓ Severity=High
2026-08-18 15:15:48 | INFO     | app.services.advisory_service | ICAR KB matched keyword='black sigatoka' severity='High'
2026-08-18 15:15:48 | INFO     | app.services.advisory_service | ICAR KB advisory — disease='Banana - Black Sigatoka' severity='High'
2026-08-18 15:15:48 | INFO     | app.services.prediction_service | Step 6 ✓ Advisory generated (2143 chars) language='english'
2026-08-18 15:15:48 | INFO     | app.services.prediction_service | Resolving prediction location via farmer profile 'chidambaram, cuddalore, tamilnadu'...
2026-08-18 15:15:51 | INFO     | app.services.prediction_service | Prediction location resolved to lat=11.3995, lng=79.6909
2026-08-18 15:15:51 | INFO     | app.services.location_service | Searching nearby agriculture centres for lat=11.3995, lng=79.6909...
2026-08-18 15:15:58 | INFO     | app.services.location_service | Returning 5 nearby agriculture centres for (11.3995, 79.6909)
2026-08-18 15:15:58 | INFO     | app.services.prediction_service | Step 7 ✓ Found 5 nearby centres for lat=11.3995 lng=79.6909
2026-08-18 15:15:58 | INFO     | app.database.crud | Prediction saved → id=137 farmer_id=3 disease='Banana - Black Sigatoka'
2026-08-18 15:15:58 | INFO     | app.services.prediction_service | Step 8 ✓ Saved to database
2026-08-18 15:15:58 | INFO     | app.services.prediction_service | ── Pipeline COMPLETE → Banana - Black Sigatoka | High | 99.48% | lang=english ──
2026-08-18 15:17:11 | INFO     | app.api.routes | POST /predict | farmer_id=3 phone='8667540547' file='image.jpg' lat=None lng=None language='tamil' (resolved from 'ta')
2026-08-18 15:17:11 | INFO     | app.services.prediction_service | ── Prediction Pipeline START (farmer_id=3 language=tamil) ──
2026-08-18 15:17:11 | INFO     | app.services.prediction_service | Step 1 ✓ Image type and size validated
2026-08-18 15:17:11 | INFO     | app.services.prediction_service | Step 1b ✓ Magic bytes and dimensions validated
2026-08-18 15:17:11 | INFO     | app.services.guardrail_service | Plant guardrail ✓ plant=90.7% variance=1547 edges=0.181
2026-08-18 15:17:11 | INFO     | app.services.prediction_service | Step 2 ✓ Plant/leaf content validated
2026-08-18 15:17:12 | INFO     | app.services.prediction_service | Step 3 ✓ Preprocessed → (1, 3, 224, 224)
2026-08-18 15:17:13 | INFO     | app.models.disease_classifier | Prediction → 'Banana - Healthy' confidence=1.0000 ✓
2026-08-18 15:17:13 | INFO     | app.services.prediction_service | Step 4 ✓ Disease='Banana - Healthy' Confidence=1.0000 is_confident=True is_banana=True
2026-08-18 15:17:13 | INFO     | app.models.severity_estimator | Banana plant is healthy — no severity assigned.
2026-08-18 15:17:13 | INFO     | app.services.prediction_service | Step 5 ✓ Severity=None
2026-08-18 15:17:13 | INFO     | app.services.advisory_service | Regional KB advisory — disease='Banana - Healthy' severity='None' language='tamil'
2026-08-18 15:17:13 | INFO     | app.services.prediction_service | Step 6 ✓ Advisory generated (809 chars) language='tamil'
2026-08-18 15:17:13 | INFO     | app.services.prediction_service | Resolving prediction location via farmer profile 'chidambaram, cuddalore, tamilnadu'...
2026-08-18 15:17:20 | INFO     | app.services.prediction_service | Prediction location resolved to lat=11.3995, lng=79.6909
2026-08-18 15:17:20 | INFO     | app.services.location_service | Returning 5 cached agriculture centres for (11.3995, 79.6909)
2026-08-18 15:17:20 | INFO     | app.services.prediction_service | Step 7 ✓ Found 5 nearby centres for lat=11.3995 lng=79.6909
2026-08-18 15:17:20 | INFO     | app.database.crud | Prediction saved → id=138 farmer_id=3 disease='Banana - Healthy'
2026-08-18 15:17:20 | INFO     | app.services.prediction_service | Step 8 ✓ Saved to database
2026-08-18 15:17:20 | INFO     | app.services.prediction_service | ── Pipeline COMPLETE → Banana - Healthy | None | 100.00% | lang=tamil ──
2026-08-18 15:23:25 | INFO     | app.main | AgroGuard-AI shutting down gracefully.
2026-08-18 15:23:34 | INFO     | app.services.location_service | Loaded 101 curated agriculture centres from agriculture_centres.json
2026-08-18 15:23:34 | INFO     | app.models.model_loader | Creating ModelLoader singleton (path=saved_models/agroguard_banana_convnext_small.pth)
2026-08-18 15:23:34 | INFO     | app.models.model_loader | Loading banana model weights from 'saved_models/agroguard_banana_convnext_small.pth' on cuda
2026-08-18 15:23:35 | INFO     | app.models.model_loader | Banana disease model loaded successfully (7 classes).
2026-08-18 15:23:35 | INFO     | app.main | ╔══════════════════════════════════════════════╗
2026-08-18 15:23:35 | INFO     | app.main | ║  AgroGuard-AI STARTING  ║
2026-08-18 15:23:35 | INFO     | app.main | ╚══════════════════════════════════════════════╝
2026-08-18 15:23:36 | INFO     | app.database.db | Database tables created / verified.
2026-08-18 15:23:36 | INFO     | app.main | ✓ Database tables ready.
2026-08-18 15:23:36 | INFO     | app.main | ✓ Banana disease model loaded and ready.
2026-08-18 15:23:36 | INFO     | app.main | ✓ AgroGuard-AI is ready → base URL: /api/v1
2026-08-18 15:23:42 | INFO     | app.services.location_service | Loaded 101 curated agriculture centres from agriculture_centres.json
2026-08-18 15:23:42 | INFO     | app.models.model_loader | Creating ModelLoader singleton (path=saved_models/agroguard_banana_convnext_small.pth)
2026-08-18 15:23:42 | INFO     | app.models.model_loader | Loading banana model weights from 'saved_models/agroguard_banana_convnext_small.pth' on cuda
2026-08-18 15:23:43 | INFO     | app.models.model_loader | Banana disease model loaded successfully (7 classes).
2026-08-18 15:23:43 | INFO     | app.main | ╔══════════════════════════════════════════════╗
2026-08-18 15:23:43 | INFO     | app.main | ║  AgroGuard-AI STARTING  ║
2026-08-18 15:23:43 | INFO     | app.main | ╚══════════════════════════════════════════════╝
2026-08-18 15:23:44 | INFO     | app.database.db | Database tables created / verified.
2026-08-18 15:23:44 | INFO     | app.main | ✓ Database tables ready.
2026-08-18 15:23:44 | INFO     | app.main | ✓ Banana disease model loaded and ready.
2026-08-18 15:23:44 | INFO     | app.main | ✓ AgroGuard-AI is ready → base URL: /api/v1
2026-08-18 15:23:44 | INFO     | app.api.speech | POST /speech/synthesize | lang='ta' text_len=74
2026-08-18 15:23:44 | INFO     | app.services.speech_service | TTS synthesis | raw_lang='ta' -> target_lang='ta' | text_len=66
2026-08-18 15:29:40 | INFO     | app.api.speech | POST /speech/synthesize | lang='ta' text_len=766
2026-08-18 15:29:40 | INFO     | app.services.speech_service | TTS synthesis | raw_lang='ta' -> target_lang='ta' | text_len=766
2026-08-18 15:31:39 | WARNING  | app.services.auth_service | JWT access token decode failed: Signature has expired.
2026-08-18 15:31:39 | WARNING  | app.utils.dependencies | Invalid JWT token received.
2026-08-18 15:33:14 | INFO     | app.services.auth_service | JWT access token created for farmer_id=1
2026-08-18 15:33:37 | INFO     | app.main | AgroGuard-AI shutting down gracefully.
2026-08-18 15:33:44 | INFO     | app.services.location_service | Loaded 101 curated agriculture centres from agriculture_centres.json
2026-08-18 15:33:44 | INFO     | app.models.model_loader | Creating ModelLoader singleton (path=saved_models/agroguard_banana_convnext_small.pth)
2026-08-18 15:33:44 | INFO     | app.models.model_loader | Loading banana model weights from 'saved_models/agroguard_banana_convnext_small.pth' on cuda
2026-08-18 15:33:45 | INFO     | app.models.model_loader | Banana disease model loaded successfully (7 classes).
2026-08-18 15:33:46 | INFO     | app.main | ╔══════════════════════════════════════════════╗
2026-08-18 15:33:46 | INFO     | app.main | ║  AgroGuard-AI STARTING  ║
2026-08-18 15:33:46 | INFO     | app.main | ╚══════════════════════════════════════════════╝
2026-08-18 15:33:46 | INFO     | app.database.db | Database tables created / verified.
2026-08-18 15:33:46 | INFO     | app.main | ✓ Database tables ready.
2026-08-18 15:33:46 | INFO     | app.main | ✓ Banana disease model loaded and ready.
2026-08-18 15:33:46 | INFO     | app.main | ✓ AgroGuard-AI is ready → base URL: /api/v1
2026-08-18 15:33:51 | INFO     | app.services.location_service | Loaded 101 curated agriculture centres from agriculture_centres.json
2026-08-18 15:33:52 | INFO     | app.models.model_loader | Creating ModelLoader singleton (path=saved_models/agroguard_banana_convnext_small.pth)
2026-08-18 15:33:52 | INFO     | app.models.model_loader | Loading banana model weights from 'saved_models/agroguard_banana_convnext_small.pth' on cuda
2026-08-18 15:33:52 | INFO     | app.models.model_loader | Banana disease model loaded successfully (7 classes).
2026-08-18 15:33:53 | INFO     | app.main | ╔══════════════════════════════════════════════╗
2026-08-18 15:33:53 | INFO     | app.main | ║  AgroGuard-AI STARTING  ║
2026-08-18 15:33:53 | INFO     | app.main | ╚══════════════════════════════════════════════╝
2026-08-18 15:33:53 | INFO     | app.database.db | Database tables created / verified.
2026-08-18 15:33:53 | INFO     | app.main | ✓ Database tables ready.
2026-08-18 15:33:53 | INFO     | app.main | ✓ Banana disease model loaded and ready.
2026-08-18 15:33:53 | INFO     | app.main | ✓ AgroGuard-AI is ready → base URL: /api/v1
2026-08-18 15:35:17 | INFO     | app.api.auth | POST /auth/login | phone='8667540547'
2026-08-18 15:35:18 | INFO     | app.services.auth_service | JWT access token created for farmer_id=3
2026-08-18 15:35:18 | INFO     | app.services.auth_service | JWT refresh token created for farmer_id=3
2026-08-18 15:35:18 | INFO     | app.services.auth_service | Farmer logged in → id=3 phone='8667540547'
2026-08-18 15:35:31 | INFO     | app.api.routes | POST /predict | farmer_id=3 phone='8667540547' file='image.jpg' lat=13.1262 lng=80.2335 language='english' (resolved from 'en')
2026-08-18 15:35:31 | INFO     | app.services.prediction_service | ── Prediction Pipeline START (farmer_id=3 language=english) ──
2026-08-18 15:35:31 | INFO     | app.services.prediction_service | Step 1 ✓ Image type and size validated
2026-08-18 15:35:31 | INFO     | app.services.prediction_service | Step 1b ✓ Magic bytes and dimensions validated
2026-08-18 15:35:31 | INFO     | app.services.guardrail_service | Plant guardrail ✓ plant=65.2% variance=4111 edges=0.325
2026-08-18 15:35:31 | INFO     | app.services.prediction_service | Step 2 ✓ Plant/leaf content validated
2026-08-18 15:35:32 | INFO     | app.services.prediction_service | Step 3 ✓ Preprocessed → (1, 3, 224, 224)
2026-08-18 15:35:33 | WARNING  | app.models.disease_classifier | Low confidence prediction rejected (confidence=0.7470 < threshold=0.7500)
2026-08-18 15:35:33 | INFO     | app.services.prediction_service | Step 4 ✓ Disease='Banana - Yellow Sigatoka' Confidence=0.7470 is_confident=False is_banana=True
2026-08-18 15:35:33 | INFO     | app.models.severity_estimator | Severity estimated → Medium (disease='Banana - Yellow Sigatoka', confidence=0.7470)
2026-08-18 15:35:33 | INFO     | app.services.prediction_service | Step 5 ✓ Severity=Medium
2026-08-18 15:35:33 | INFO     | app.services.prediction_service | Step 6 ✓ Advisory skipped — not confident or not banana
2026-08-18 15:35:33 | INFO     | app.services.location_service | Searching nearby agriculture centres for lat=13.1262, lng=80.2335...
2026-08-18 15:35:37 | INFO     | app.services.location_service | Returning 5 nearby agriculture centres for (13.1262, 80.2335)
2026-08-18 15:35:37 | INFO     | app.services.prediction_service | Step 7 ✓ Found 5 nearby centres for lat=13.1262 lng=80.2335
2026-08-18 15:35:37 | INFO     | app.database.crud | Prediction saved → id=139 farmer_id=3 disease='Banana - Yellow Sigatoka'
2026-08-18 15:35:37 | INFO     | app.services.prediction_service | Step 8 ✓ Saved to database
2026-08-18 15:35:37 | INFO     | app.services.prediction_service | ── Pipeline COMPLETE → Banana - Yellow Sigatoka | Medium | 74.70% | lang=english ──
2026-08-18 15:36:14 | INFO     | app.api.routes | GET /maps/nearby-centers | lat=13.1262 lng=80.2335 (frontend alias)
2026-08-18 15:36:14 | INFO     | app.services.location_service | Returning 5 cached agriculture centres for (13.1262, 80.2335)
2026-08-18 15:36:24 | INFO     | app.main | AgroGuard-AI shutting down gracefully.
2026-08-18 19:40:29 | INFO     | app.services.location_service | Loaded 101 curated agriculture centres from agriculture_centres.json
2026-08-18 19:40:31 | INFO     | app.models.model_loader | Creating ModelLoader singleton (path=saved_models/agroguard_banana_convnext_small.pth)
2026-08-18 19:40:34 | INFO     | app.models.model_loader | Loading banana model weights from 'saved_models/agroguard_banana_convnext_small.pth' on cuda
2026-08-18 19:40:35 | INFO     | app.models.model_loader | Banana disease model loaded successfully (7 classes).
2026-08-18 19:40:39 | INFO     | app.main | ╔══════════════════════════════════════════════╗
2026-08-18 19:40:39 | INFO     | app.main | ║  AgroGuard-AI STARTING  ║
2026-08-18 19:40:39 | INFO     | app.main | ╚══════════════════════════════════════════════╝
2026-08-18 19:40:40 | INFO     | app.database.db | Database tables created / verified.
2026-08-18 19:40:40 | INFO     | app.main | ✓ Database tables ready.
2026-08-18 19:40:40 | INFO     | app.main | ✓ Banana disease model loaded and ready.
2026-08-18 19:40:40 | INFO     | app.main | ✓ AgroGuard-AI is ready → base URL: /api/v1
2026-08-18 19:41:25 | INFO     | app.api.auth | POST /auth/login/email | email='raguljayakumar34@gmail.com'
2026-08-18 19:41:26 | INFO     | app.services.auth_service | JWT access token created for farmer_id=3
2026-08-18 19:41:26 | INFO     | app.services.auth_service | JWT refresh token created for farmer_id=3
2026-08-18 19:41:26 | INFO     | app.services.auth_service | Farmer logged in (email) → id=3 email='raguljayakumar34@gmail.com'
2026-08-18 19:41:34 | INFO     | app.api.routes | GET /maps/nearby-centers | lat=None lng=None (frontend alias)
2026-08-18 19:41:34 | INFO     | app.api.routes | Resolving location for farmer 'RAGUL ' via registered profile 'chidambaram, cuddalore, tamilnadu'...
2026-08-18 19:41:37 | INFO     | app.api.routes | Successfully geocoded farmer profile to lat=11.3995, lng=79.6909
2026-08-18 19:41:37 | INFO     | app.services.location_service | Searching nearby agriculture centres for lat=11.3995, lng=79.6909...
2026-08-18 19:41:42 | INFO     | app.services.location_service | Returning 5 nearby agriculture centres for (11.3995, 79.6909)
2026-08-18 19:50:30 | INFO     | app.api.routes | GET /maps/nearby-centers | lat=None lng=None (frontend alias)
2026-08-18 19:50:30 | INFO     | app.api.routes | Resolving location for farmer 'RAGUL ' via registered profile 'chidambaram, cuddalore, tamilnadu'...
2026-08-18 19:50:33 | INFO     | app.api.routes | Successfully geocoded farmer profile to lat=11.3995, lng=79.6909
2026-08-18 19:50:33 | INFO     | app.services.location_service | Returning 5 cached agriculture centres for (11.3995, 79.6909)
2026-08-18 20:43:35 | INFO     | app.api.routes | POST /predict | farmer_id=3 phone='8667540547' file='image.jpg' lat=None lng=None language='hindi' (resolved from 'hi')
2026-08-18 20:43:35 | INFO     | app.services.prediction_service | ── Prediction Pipeline START (farmer_id=3 language=hindi) ──
2026-08-18 20:43:35 | INFO     | app.services.prediction_service | Step 1 ✓ Image type and size validated
2026-08-18 20:43:35 | INFO     | app.services.prediction_service | Step 1b ✓ Magic bytes and dimensions validated
2026-08-18 20:43:36 | WARNING  | app.api.routes | Validation error: This does not appear to be a banana plant image. Please upload a photo of a banana leaf, stem or fruit. (Plant pixel ratio: 0.0% — minimum required: 8%)
2026-08-18 20:44:05 | INFO     | app.api.routes | POST /predict | farmer_id=3 phone='8667540547' file='image.jpg' lat=11.3795979 lng=79.6947804 language='hindi' (resolved from 'hi')
2026-08-18 20:44:05 | INFO     | app.services.prediction_service | ── Prediction Pipeline START (farmer_id=3 language=hindi) ──
2026-08-18 20:44:05 | INFO     | app.services.prediction_service | Step 1 ✓ Image type and size validated
2026-08-18 20:44:05 | INFO     | app.services.prediction_service | Step 1b ✓ Magic bytes and dimensions validated
2026-08-18 20:44:05 | INFO     | app.services.guardrail_service | Plant guardrail ✓ plant=35.4% variance=4313 edges=0.209
2026-08-18 20:44:05 | INFO     | app.services.prediction_service | Step 2 ✓ Plant/leaf content validated
2026-08-18 20:44:06 | INFO     | app.services.prediction_service | Step 3 ✓ Preprocessed → (1, 3, 224, 224)
2026-08-18 20:44:12 | INFO     | app.models.disease_classifier | Prediction → 'Banana - Pseudostem Weevil Infestation' confidence=1.0000 ✓
2026-08-18 20:44:12 | INFO     | app.services.prediction_service | Step 4 ✓ Disease='Banana - Pseudostem Weevil Infestation' Confidence=1.0000 is_confident=True is_banana=True
2026-08-18 20:44:12 | INFO     | app.models.severity_estimator | Severity estimated → High (disease='Banana - Pseudostem Weevil Infestation', confidence=1.0000)
2026-08-18 20:44:12 | INFO     | app.services.prediction_service | Step 5 ✓ Severity=High
2026-08-18 20:44:12 | INFO     | app.services.advisory_service | ICAR KB matched keyword='weevil' severity='High'
2026-08-18 20:44:15 | INFO     | app.services.advisory_service | ✓ Gemini 2.5 Flash client initialised.
2026-08-18 20:44:16 | ERROR    | app.services.advisory_service | Gemini API error: 404 NOT_FOUND. {'error': {'code': 404, 'message': 'This model models/gemini-2.5-flash is no longer available to new users. Please update your code to use models/gemini-3.6-flash for the latest features and improvements.', 'status': 'NOT_FOUND'}}
2026-08-18 20:44:16 | INFO     | app.services.prediction_service | Step 6 ✓ Advisory generated (1936 chars) language='hindi'
2026-08-18 20:44:16 | INFO     | app.services.location_service | Searching nearby agriculture centres for lat=11.3796, lng=79.6948...
2026-08-18 20:44:23 | INFO     | app.services.location_service | Returning 5 nearby agriculture centres for (11.3796, 79.6948)
2026-08-18 20:44:23 | INFO     | app.services.prediction_service | Step 7 ✓ Found 5 nearby centres for lat=11.3796 lng=79.6948
2026-08-18 20:44:23 | INFO     | app.database.crud | Prediction saved → id=140 farmer_id=3 disease='Banana - Pseudostem Weevil Infestation'
2026-08-18 20:44:23 | INFO     | app.services.prediction_service | Step 8 ✓ Saved to database
2026-08-18 20:44:23 | INFO     | app.services.prediction_service | ── Pipeline COMPLETE → Banana - Pseudostem Weevil Infestation | High | 100.00% | lang=hindi ──
2026-08-18 20:51:14 | INFO     | app.services.advisory_service | Regional KB advisory — disease='Panama Disease' severity='High' language='hindi'
2026-08-18 20:52:01 | INFO     | app.services.advisory_service | ✓ Gemini 2.5 Flash client initialised.
2026-08-18 20:52:06 | ERROR    | app.services.advisory_service | Gemini chat error: 404 NOT_FOUND. {'error': {'code': 404, 'message': 'This model models/gemini-2.5-flash is no longer available to new users. Please update your code to use models/gemini-3.6-flash for the latest features and improvements.', 'status': 'NOT_FOUND'}}
2026-08-18 20:53:26 | INFO     | app.services.location_service | Loaded 101 curated agriculture centres from agriculture_centres.json
2026-08-18 20:53:29 | INFO     | app.models.model_loader | Creating ModelLoader singleton (path=saved_models/agroguard_banana_convnext_small.pth)
2026-08-18 20:53:34 | INFO     | app.models.model_loader | Loading banana model weights from 'saved_models/agroguard_banana_convnext_small.pth' on cuda
2026-08-18 20:53:35 | INFO     | app.models.model_loader | Banana disease model loaded successfully (7 classes).
2026-08-18 20:53:57 | INFO     | app.main | AgroGuard-AI shutting down gracefully.
2026-08-18 20:54:39 | INFO     | app.services.location_service | Loaded 101 curated agriculture centres from agriculture_centres.json
2026-08-18 20:54:39 | INFO     | app.models.model_loader | Creating ModelLoader singleton (path=saved_models/agroguard_banana_convnext_small.pth)
2026-08-18 20:54:41 | INFO     | app.models.model_loader | Loading banana model weights from 'saved_models/agroguard_banana_convnext_small.pth' on cuda
2026-08-18 20:54:43 | INFO     | app.models.model_loader | Banana disease model loaded successfully (7 classes).
2026-08-18 20:54:45 | INFO     | app.main | ╔══════════════════════════════════════════════╗
2026-08-18 20:54:45 | INFO     | app.main | ║  AgroGuard-AI STARTING  ║
2026-08-18 20:54:45 | INFO     | app.main | ╚══════════════════════════════════════════════╝
2026-08-18 20:54:47 | INFO     | app.database.db | Database tables created / verified.
2026-08-18 20:54:47 | INFO     | app.main | ✓ Database tables ready.
2026-08-18 20:54:47 | INFO     | app.main | ✓ Banana disease model loaded and ready.
2026-08-18 20:54:47 | INFO     | app.main | ✓ AgroGuard-AI is ready → base URL: /api/v1
2026-08-18 20:58:05 | INFO     | app.services.advisory_service | ✓ Gemini 2.5 Flash client initialised.
2026-08-18 20:58:06 | ERROR    | app.services.advisory_service | Gemini chat error: 404 NOT_FOUND. {'error': {'code': 404, 'message': 'This model models/gemini-2.5-flash is no longer available to new users. Please update your code to use models/gemini-3.6-flash for the latest features and improvements.', 'status': 'NOT_FOUND'}}
2026-08-18 20:58:44 | INFO     | app.main | AgroGuard-AI shutting down gracefully.
2026-08-18 20:58:55 | INFO     | app.services.location_service | Loaded 101 curated agriculture centres from agriculture_centres.json
2026-08-18 20:58:55 | INFO     | app.models.model_loader | Creating ModelLoader singleton (path=saved_models/agroguard_banana_convnext_small.pth)
2026-08-18 20:58:56 | INFO     | app.models.model_loader | Loading banana model weights from 'saved_models/agroguard_banana_convnext_small.pth' on cuda
2026-08-18 20:58:56 | INFO     | app.models.model_loader | Banana disease model loaded successfully (7 classes).
2026-08-18 20:58:57 | INFO     | app.main | ╔══════════════════════════════════════════════╗
2026-08-18 20:58:57 | INFO     | app.main | ║  AgroGuard-AI STARTING  ║
2026-08-18 20:58:57 | INFO     | app.main | ╚══════════════════════════════════════════════╝
2026-08-18 20:58:58 | INFO     | app.database.db | Database tables created / verified.
2026-08-18 20:58:58 | INFO     | app.main | ✓ Database tables ready.
2026-08-18 20:58:58 | INFO     | app.main | ✓ Banana disease model loaded and ready.
2026-08-18 20:58:58 | INFO     | app.main | ✓ AgroGuard-AI is ready → base URL: /api/v1
2026-08-18 20:59:14 | INFO     | app.services.advisory_service | ✓ Gemini 2.5 Flash client initialised.
2026-08-18 20:59:14 | ERROR    | app.services.advisory_service | Gemini chat error: 404 NOT_FOUND. {'error': {'code': 404, 'message': 'This model models/gemini-2.5-flash is no longer available to new users. Please update your code to use models/gemini-3.6-flash for the latest features and improvements.', 'status': 'NOT_FOUND'}}
2026-08-18 20:59:27 | INFO     | app.main | AgroGuard-AI shutting down gracefully.
2026-08-18 20:59:38 | INFO     | app.services.location_service | Loaded 101 curated agriculture centres from agriculture_centres.json
2026-08-18 20:59:38 | INFO     | app.models.model_loader | Creating ModelLoader singleton (path=saved_models/agroguard_banana_convnext_small.pth)
2026-08-18 20:59:38 | INFO     | app.models.model_loader | Loading banana model weights from 'saved_models/agroguard_banana_convnext_small.pth' on cuda
2026-08-18 20:59:39 | INFO     | app.models.model_loader | Banana disease model loaded successfully (7 classes).
2026-08-18 20:59:39 | INFO     | app.main | ╔══════════════════════════════════════════════╗
2026-08-18 20:59:39 | INFO     | app.main | ║  AgroGuard-AI STARTING  ║
2026-08-18 20:59:39 | INFO     | app.main | ╚══════════════════════════════════════════════╝
2026-08-18 20:59:40 | INFO     | app.database.db | Database tables created / verified.
2026-08-18 20:59:40 | INFO     | app.main | ✓ Database tables ready.
2026-08-18 20:59:40 | INFO     | app.main | ✓ Banana disease model loaded and ready.
2026-08-18 20:59:40 | INFO     | app.main | ✓ AgroGuard-AI is ready → base URL: /api/v1
2026-08-18 21:04:45 | INFO     | app.services.advisory_service | ✓ Gemini 2.5 Flash client initialised.
2026-08-18 21:04:46 | ERROR    | app.services.advisory_service | Gemini chat error: 404 NOT_FOUND. {'error': {'code': 404, 'message': 'This model models/gemini-2.5-flash is no longer available to new users. Please update your code to use models/gemini-3.6-flash for the latest features and improvements.', 'status': 'NOT_FOUND'}}
2026-08-18 21:05:21 | INFO     | app.services.advisory_service | ✓ Gemini 2.5 Flash client initialised.
2026-08-18 21:05:24 | ERROR    | app.services.advisory_service | Gemini chat error: 404 NOT_FOUND. {'error': {'code': 404, 'message': 'This model models/gemini-2.5-flash is no longer available to new users. Please update your code to use models/gemini-3.6-flash for the latest features and improvements.', 'status': 'NOT_FOUND'}}
2026-08-18 21:06:14 | INFO     | app.main | AgroGuard-AI shutting down gracefully.
2026-08-18 21:06:24 | INFO     | app.services.location_service | Loaded 101 curated agriculture centres from agriculture_centres.json
2026-08-18 21:06:24 | INFO     | app.models.model_loader | Creating ModelLoader singleton (path=saved_models/agroguard_banana_convnext_small.pth)
2026-08-18 21:06:25 | INFO     | app.models.model_loader | Loading banana model weights from 'saved_models/agroguard_banana_convnext_small.pth' on cuda
2026-08-18 21:06:26 | INFO     | app.models.model_loader | Banana disease model loaded successfully (7 classes).
2026-08-18 21:06:26 | INFO     | app.main | ╔══════════════════════════════════════════════╗
2026-08-18 21:06:26 | INFO     | app.main | ║  AgroGuard-AI STARTING  ║
2026-08-18 21:06:26 | INFO     | app.main | ╚══════════════════════════════════════════════╝
2026-08-18 21:06:27 | INFO     | app.database.db | Database tables created / verified.
2026-08-18 21:06:27 | INFO     | app.main | ✓ Database tables ready.
2026-08-18 21:06:27 | INFO     | app.main | ✓ Banana disease model loaded and ready.
2026-08-18 21:06:27 | INFO     | app.main | ✓ AgroGuard-AI is ready → base URL: /api/v1
2026-08-18 21:06:36 | INFO     | app.services.advisory_service | ✓ Gemini 2.5 Flash client initialised.
2026-08-18 21:06:37 | INFO     | app.services.location_service | Loaded 101 curated agriculture centres from agriculture_centres.json
2026-08-18 21:06:37 | INFO     | app.models.model_loader | Creating ModelLoader singleton (path=saved_models/agroguard_banana_convnext_small.pth)
2026-08-18 21:06:37 | INFO     | app.models.model_loader | Loading banana model weights from 'saved_models/agroguard_banana_convnext_small.pth' on cuda
2026-08-18 21:06:38 | INFO     | app.models.model_loader | Banana disease model loaded successfully (7 classes).
2026-08-18 21:06:38 | INFO     | app.main | ╔══════════════════════════════════════════════╗
2026-08-18 21:06:38 | INFO     | app.main | ║  AgroGuard-AI STARTING  ║
2026-08-18 21:06:38 | INFO     | app.main | ╚══════════════════════════════════════════════╝
2026-08-18 21:06:39 | INFO     | app.database.db | Database tables created / verified.
2026-08-18 21:06:39 | INFO     | app.main | ✓ Database tables ready.
2026-08-18 21:06:39 | INFO     | app.main | ✓ Banana disease model loaded and ready.
2026-08-18 21:06:39 | INFO     | app.main | ✓ AgroGuard-AI is ready → base URL: /api/v1
2026-08-18 21:06:41 | ERROR    | app.services.advisory_service | Gemini chat error: 404 NOT_FOUND. {'error': {'code': 404, 'message': 'This model models/gemini-2.5-flash is no longer available to new users. Please update your code to use models/gemini-3.6-flash for the latest features and improvements.', 'status': 'NOT_FOUND'}}
2026-08-18 21:07:08 | INFO     | app.main | AgroGuard-AI shutting down gracefully.
2026-08-18 21:07:20 | INFO     | app.services.location_service | Loaded 101 curated agriculture centres from agriculture_centres.json
2026-08-18 21:07:20 | INFO     | app.models.model_loader | Creating ModelLoader singleton (path=saved_models/agroguard_banana_convnext_small.pth)
2026-08-18 21:07:21 | INFO     | app.models.model_loader | Loading banana model weights from 'saved_models/agroguard_banana_convnext_small.pth' on cuda
2026-08-18 21:07:21 | INFO     | app.models.model_loader | Banana disease model loaded successfully (7 classes).
2026-08-18 21:07:21 | INFO     | app.main | ╔══════════════════════════════════════════════╗
2026-08-18 21:07:21 | INFO     | app.main | ║  AgroGuard-AI STARTING  ║
2026-08-18 21:07:21 | INFO     | app.main | ╚══════════════════════════════════════════════╝
2026-08-18 21:07:22 | INFO     | app.database.db | Database tables created / verified.
2026-08-18 21:07:22 | INFO     | app.main | ✓ Database tables ready.
2026-08-18 21:07:22 | INFO     | app.main | ✓ Banana disease model loaded and ready.
2026-08-18 21:07:22 | INFO     | app.main | ✓ AgroGuard-AI is ready → base URL: /api/v1
2026-08-18 21:07:32 | INFO     | app.services.location_service | Loaded 101 curated agriculture centres from agriculture_centres.json
2026-08-18 21:07:32 | INFO     | app.models.model_loader | Creating ModelLoader singleton (path=saved_models/agroguard_banana_convnext_small.pth)
2026-08-18 21:07:33 | INFO     | app.models.model_loader | Loading banana model weights from 'saved_models/agroguard_banana_convnext_small.pth' on cuda
2026-08-18 21:07:34 | INFO     | app.models.model_loader | Banana disease model loaded successfully (7 classes).
2026-08-18 21:07:34 | INFO     | app.main | ╔══════════════════════════════════════════════╗
2026-08-18 21:07:34 | INFO     | app.main | ║  AgroGuard-AI STARTING  ║
2026-08-18 21:07:34 | INFO     | app.main | ╚══════════════════════════════════════════════╝
2026-08-18 21:07:35 | INFO     | app.database.db | Database tables created / verified.
2026-08-18 21:07:35 | INFO     | app.main | ✓ Database tables ready.
2026-08-18 21:07:35 | INFO     | app.main | ✓ Banana disease model loaded and ready.
2026-08-18 21:07:35 | INFO     | app.main | ✓ AgroGuard-AI is ready → base URL: /api/v1
2026-08-18 21:07:45 | INFO     | app.services.location_service | Loaded 101 curated agriculture centres from agriculture_centres.json
2026-08-18 21:07:45 | INFO     | app.models.model_loader | Creating ModelLoader singleton (path=saved_models/agroguard_banana_convnext_small.pth)
2026-08-18 21:07:46 | INFO     | app.models.model_loader | Loading banana model weights from 'saved_models/agroguard_banana_convnext_small.pth' on cuda
2026-08-18 21:07:46 | INFO     | app.models.model_loader | Banana disease model loaded successfully (7 classes).
2026-08-18 21:07:47 | INFO     | app.main | ╔══════════════════════════════════════════════╗
2026-08-18 21:07:47 | INFO     | app.main | ║  AgroGuard-AI STARTING  ║
2026-08-18 21:07:47 | INFO     | app.main | ╚══════════════════════════════════════════════╝
2026-08-18 21:07:47 | INFO     | app.services.advisory_service | ✓ Gemini 2.5 Flash client initialised.
2026-08-18 21:07:48 | INFO     | app.database.db | Database tables created / verified.
2026-08-18 21:07:48 | INFO     | app.main | ✓ Database tables ready.
2026-08-18 21:07:48 | INFO     | app.main | ✓ Banana disease model loaded and ready.
2026-08-18 21:07:48 | INFO     | app.main | ✓ AgroGuard-AI is ready → base URL: /api/v1
2026-08-18 21:07:48 | ERROR    | app.services.advisory_service | Gemini chat error: 404 NOT_FOUND. {'error': {'code': 404, 'message': 'This model models/gemini-2.5-flash is no longer available to new users. Please update your code to use models/gemini-3.6-flash for the latest features and improvements.', 'status': 'NOT_FOUND'}}
2026-08-18 21:07:59 | INFO     | app.services.location_service | Loaded 101 curated agriculture centres from agriculture_centres.json
2026-08-18 21:07:59 | INFO     | app.models.model_loader | Creating ModelLoader singleton (path=saved_models/agroguard_banana_convnext_small.pth)
2026-08-18 21:08:00 | INFO     | app.models.model_loader | Loading banana model weights from 'saved_models/agroguard_banana_convnext_small.pth' on cuda
2026-08-18 21:08:00 | INFO     | app.models.model_loader | Banana disease model loaded successfully (7 classes).
2026-08-18 21:08:01 | INFO     | app.main | ╔══════════════════════════════════════════════╗
2026-08-18 21:08:01 | INFO     | app.main | ║  AgroGuard-AI STARTING  ║
2026-08-18 21:08:01 | INFO     | app.main | ╚══════════════════════════════════════════════╝
2026-08-18 21:08:02 | INFO     | app.database.db | Database tables created / verified.
2026-08-18 21:08:02 | INFO     | app.main | ✓ Database tables ready.
2026-08-18 21:08:02 | INFO     | app.main | ✓ Banana disease model loaded and ready.
2026-08-18 21:08:02 | INFO     | app.main | ✓ AgroGuard-AI is ready → base URL: /api/v1
2026-08-18 21:08:31 | INFO     | app.main | AgroGuard-AI shutting down gracefully.
2026-08-18 21:08:51 | INFO     | app.services.advisory_service | ✓ Gemini 2.5 Flash client initialised.
2026-08-18 21:08:53 | ERROR    | app.services.advisory_service | Gemini chat error: 404 NOT_FOUND. {'error': {'code': 404, 'message': 'This model models/gemini-2.5-flash is no longer available to new users. Please update your code to use models/gemini-3.6-flash for the latest features and improvements.', 'status': 'NOT_FOUND'}}
2026-08-18 21:08:54 | INFO     | app.services.location_service | Loaded 101 curated agriculture centres from agriculture_centres.json
2026-08-18 21:08:55 | INFO     | app.models.model_loader | Creating ModelLoader singleton (path=saved_models/agroguard_banana_convnext_small.pth)
2026-08-18 21:08:57 | INFO     | app.models.model_loader | Loading banana model weights from 'saved_models/agroguard_banana_convnext_small.pth' on cuda
2026-08-18 21:08:58 | INFO     | app.models.model_loader | Banana disease model loaded successfully (7 classes).
2026-08-18 21:09:00 | INFO     | app.main | ╔══════════════════════════════════════════════╗
2026-08-18 21:09:00 | INFO     | app.main | ║  AgroGuard-AI STARTING  ║
2026-08-18 21:09:00 | INFO     | app.main | ╚══════════════════════════════════════════════╝
2026-08-18 21:09:02 | INFO     | app.database.db | Database tables created / verified.
2026-08-18 21:09:02 | INFO     | app.main | ✓ Database tables ready.
2026-08-18 21:09:02 | INFO     | app.main | ✓ Banana disease model loaded and ready.
2026-08-18 21:09:02 | INFO     | app.main | ✓ AgroGuard-AI is ready → base URL: /api/v1
2026-08-18 21:09:30 | INFO     | app.main | AgroGuard-AI shutting down gracefully.
2026-08-18 21:09:46 | INFO     | app.services.location_service | Loaded 101 curated agriculture centres from agriculture_centres.json
2026-08-18 21:09:47 | INFO     | app.models.model_loader | Creating ModelLoader singleton (path=saved_models/agroguard_banana_convnext_small.pth)
2026-08-18 21:09:47 | INFO     | app.models.model_loader | Loading banana model weights from 'saved_models/agroguard_banana_convnext_small.pth' on cuda
2026-08-18 21:09:48 | INFO     | app.models.model_loader | Banana disease model loaded successfully (7 classes).
2026-08-18 21:09:48 | INFO     | app.main | ╔══════════════════════════════════════════════╗
2026-08-18 21:09:48 | INFO     | app.main | ║  AgroGuard-AI STARTING  ║
2026-08-18 21:09:48 | INFO     | app.main | ╚══════════════════════════════════════════════╝
2026-08-18 21:09:49 | INFO     | app.database.db | Database tables created / verified.
2026-08-18 21:09:49 | INFO     | app.main | ✓ Database tables ready.
2026-08-18 21:09:49 | INFO     | app.main | ✓ Banana disease model loaded and ready.
2026-08-18 21:09:49 | INFO     | app.main | ✓ AgroGuard-AI is ready → base URL: /api/v1
2026-08-18 21:10:00 | INFO     | app.services.location_service | Loaded 101 curated agriculture centres from agriculture_centres.json
2026-08-18 21:10:00 | INFO     | app.models.model_loader | Creating ModelLoader singleton (path=saved_models/agroguard_banana_convnext_small.pth)
2026-08-18 21:10:01 | INFO     | app.models.model_loader | Loading banana model weights from 'saved_models/agroguard_banana_convnext_small.pth' on cuda
2026-08-18 21:10:01 | INFO     | app.models.model_loader | Banana disease model loaded successfully (7 classes).
2026-08-18 21:10:02 | INFO     | app.main | ╔══════════════════════════════════════════════╗
2026-08-18 21:10:02 | INFO     | app.main | ║  AgroGuard-AI STARTING  ║
2026-08-18 21:10:02 | INFO     | app.main | ╚══════════════════════════════════════════════╝
2026-08-18 21:10:03 | INFO     | app.database.db | Database tables created / verified.
2026-08-18 21:10:03 | INFO     | app.main | ✓ Database tables ready.
2026-08-18 21:10:03 | INFO     | app.main | ✓ Banana disease model loaded and ready.
2026-08-18 21:10:03 | INFO     | app.main | ✓ AgroGuard-AI is ready → base URL: /api/v1
2026-08-18 21:10:11 | INFO     | app.services.location_service | Loaded 101 curated agriculture centres from agriculture_centres.json
2026-08-18 21:10:11 | INFO     | app.models.model_loader | Creating ModelLoader singleton (path=saved_models/agroguard_banana_convnext_small.pth)
2026-08-18 21:10:12 | INFO     | app.models.model_loader | Loading banana model weights from 'saved_models/agroguard_banana_convnext_small.pth' on cuda
2026-08-18 21:10:12 | INFO     | app.models.model_loader | Banana disease model loaded successfully (7 classes).
2026-08-18 21:10:13 | INFO     | app.main | ╔══════════════════════════════════════════════╗
2026-08-18 21:10:13 | INFO     | app.main | ║  AgroGuard-AI STARTING  ║
2026-08-18 21:10:13 | INFO     | app.main | ╚══════════════════════════════════════════════╝
2026-08-18 21:10:14 | INFO     | app.database.db | Database tables created / verified.
2026-08-18 21:10:14 | INFO     | app.main | ✓ Database tables ready.
2026-08-18 21:10:14 | INFO     | app.main | ✓ Banana disease model loaded and ready.
2026-08-18 21:10:14 | INFO     | app.main | ✓ AgroGuard-AI is ready → base URL: /api/v1
2026-08-18 21:10:21 | INFO     | app.services.location_service | Loaded 101 curated agriculture centres from agriculture_centres.json
2026-08-18 21:10:21 | INFO     | app.models.model_loader | Creating ModelLoader singleton (path=saved_models/agroguard_banana_convnext_small.pth)
2026-08-18 21:10:22 | INFO     | app.models.model_loader | Loading banana model weights from 'saved_models/agroguard_banana_convnext_small.pth' on cuda
2026-08-18 21:10:23 | INFO     | app.models.model_loader | Banana disease model loaded successfully (7 classes).
2026-08-18 21:10:23 | INFO     | app.main | ╔══════════════════════════════════════════════╗
2026-08-18 21:10:23 | INFO     | app.main | ║  AgroGuard-AI STARTING  ║
2026-08-18 21:10:23 | INFO     | app.main | ╚══════════════════════════════════════════════╝
2026-08-18 21:10:24 | INFO     | app.database.db | Database tables created / verified.
2026-08-18 21:10:24 | INFO     | app.main | ✓ Database tables ready.
2026-08-18 21:10:24 | INFO     | app.main | ✓ Banana disease model loaded and ready.
2026-08-18 21:10:24 | INFO     | app.main | ✓ AgroGuard-AI is ready → base URL: /api/v1
2026-08-18 21:10:26 | INFO     | app.services.advisory_service | ✓ Gemini 2.5 Flash client initialised.
2026-08-18 21:10:27 | ERROR    | app.services.advisory_service | Gemini chat error: 404 NOT_FOUND. {'error': {'code': 404, 'message': 'This model models/gemini-2.5-flash is no longer available to new users. Please update your code to use models/gemini-3.6-flash for the latest features and improvements.', 'status': 'NOT_FOUND'}}
2026-08-18 21:10:44 | INFO     | app.main | AgroGuard-AI shutting down gracefully.
2026-08-18 21:10:50 | INFO     | app.services.advisory_service | Gemini Flash client initialised.
2026-08-18 21:10:51 | ERROR    | app.services.advisory_service | Gemini chat error: 404 NOT_FOUND. {'error': {'code': 404, 'message': 'This model models/gemini-2.5-flash is no longer available to new users. Please update your code to use models/gemini-3.6-flash for the latest features and improvements.', 'status': 'NOT_FOUND'}}
2026-08-18 21:10:52 | INFO     | app.services.location_service | Loaded 101 curated agriculture centres from agriculture_centres.json
2026-08-18 21:10:52 | INFO     | app.models.model_loader | Creating ModelLoader singleton (path=saved_models/agroguard_banana_convnext_small.pth)
2026-08-18 21:10:53 | INFO     | app.models.model_loader | Loading banana model weights from 'saved_models/agroguard_banana_convnext_small.pth' on cuda
2026-08-18 21:10:53 | INFO     | app.models.model_loader | Banana disease model loaded successfully (7 classes).
2026-08-18 21:10:54 | INFO     | app.main | ╔══════════════════════════════════════════════╗
2026-08-18 21:10:54 | INFO     | app.main | ║  AgroGuard-AI STARTING  ║
2026-08-18 21:10:54 | INFO     | app.main | ╚══════════════════════════════════════════════╝
2026-08-18 21:10:54 | INFO     | app.database.db | Database tables created / verified.
2026-08-18 21:10:54 | INFO     | app.main | ✓ Database tables ready.
2026-08-18 21:10:54 | INFO     | app.main | ✓ Banana disease model loaded and ready.
2026-08-18 21:10:54 | INFO     | app.main | ✓ AgroGuard-AI is ready → base URL: /api/v1
2026-08-18 21:11:53 | INFO     | app.services.advisory_service | Gemini Flash client initialised.
2026-08-18 21:11:54 | ERROR    | app.services.advisory_service | Gemini chat error: 404 NOT_FOUND. {'error': {'code': 404, 'message': 'This model models/gemini-2.5-flash is no longer available to new users. Please update your code to use models/gemini-3.6-flash for the latest features and improvements.', 'status': 'NOT_FOUND'}}
2026-08-18 21:12:42 | INFO     | app.services.advisory_service | Gemini Flash client initialised.
2026-08-18 21:12:45 | ERROR    | app.services.advisory_service | Gemini chat error: 404 NOT_FOUND. {'error': {'code': 404, 'message': 'This model models/gemini-2.5-flash is no longer available to new users. Please update your code to use models/gemini-3.6-flash for the latest features and improvements.', 'status': 'NOT_FOUND'}}
2026-08-18 21:14:56 | INFO     | app.services.advisory_service | Gemini Flash client initialised.
2026-08-18 21:15:04 | WARNING  | app.services.advisory_service | Gemini model 'gemini-flash-latest' failed: 503 UNAVAILABLE. {'error': {'code': 503, 'message': 'This model is currently experiencing high demand. Spikes in demand are usually temporary. Please try again later.', 'status': 'UNAVAILABLE'}}
2026-08-18 21:15:14 | INFO     | app.main | AgroGuard-AI shutting down gracefully.
2026-08-18 21:15:17 | INFO     | app.services.advisory_service | Gemini Flash client initialised.
2026-08-18 21:15:20 | WARNING  | app.services.advisory_service | Gemini model 'gemini-flash-latest' failed: 503 UNAVAILABLE. {'error': {'code': 503, 'message': 'This model is currently experiencing high demand. Spikes in demand are usually temporary. Please try again later.', 'status': 'UNAVAILABLE'}}
2026-08-18 21:15:23 | INFO     | app.services.location_service | Loaded 101 curated agriculture centres from agriculture_centres.json
2026-08-18 21:15:23 | INFO     | app.models.model_loader | Creating ModelLoader singleton (path=saved_models/agroguard_banana_convnext_small.pth)
2026-08-18 21:15:23 | INFO     | app.models.model_loader | Loading banana model weights from 'saved_models/agroguard_banana_convnext_small.pth' on cuda
2026-08-18 21:15:24 | INFO     | app.models.model_loader | Banana disease model loaded successfully (7 classes).
2026-08-18 21:15:25 | INFO     | app.main | ╔══════════════════════════════════════════════╗
2026-08-18 21:15:25 | INFO     | app.main | ║  AgroGuard-AI STARTING  ║
2026-08-18 21:15:25 | INFO     | app.main | ╚══════════════════════════════════════════════╝
2026-08-18 21:15:25 | INFO     | app.database.db | Database tables created / verified.
2026-08-18 21:15:25 | INFO     | app.main | ✓ Database tables ready.
2026-08-18 21:15:25 | INFO     | app.main | ✓ Banana disease model loaded and ready.
2026-08-18 21:15:25 | INFO     | app.main | ✓ AgroGuard-AI is ready → base URL: /api/v1
2026-08-18 21:15:29 | WARNING  | app.services.advisory_service | Gemini model 'gemini-flash-latest' failed: 503 UNAVAILABLE. {'error': {'code': 503, 'message': 'This model is currently experiencing high demand. Spikes in demand are usually temporary. Please try again later.', 'status': 'UNAVAILABLE'}}
2026-08-18 21:15:32 | INFO     | app.services.location_service | Loaded 101 curated agriculture centres from agriculture_centres.json
2026-08-18 21:15:32 | INFO     | app.models.model_loader | Creating ModelLoader singleton (path=saved_models/agroguard_banana_convnext_small.pth)
2026-08-18 21:15:33 | INFO     | app.models.model_loader | Loading banana model weights from 'saved_models/agroguard_banana_convnext_small.pth' on cuda
2026-08-18 21:15:33 | INFO     | app.models.model_loader | Banana disease model loaded successfully (7 classes).
2026-08-18 21:15:34 | INFO     | app.main | ╔══════════════════════════════════════════════╗
2026-08-18 21:15:34 | INFO     | app.main | ║  AgroGuard-AI STARTING  ║
2026-08-18 21:15:34 | INFO     | app.main | ╚══════════════════════════════════════════════╝
2026-08-18 21:15:34 | INFO     | app.database.db | Database tables created / verified.
2026-08-18 21:15:34 | INFO     | app.main | ✓ Database tables ready.
2026-08-18 21:15:34 | INFO     | app.main | ✓ Banana disease model loaded and ready.
2026-08-18 21:15:34 | INFO     | app.main | ✓ AgroGuard-AI is ready → base URL: /api/v1
2026-08-18 21:16:00 | INFO     | app.api.routes | POST /predict | farmer_id=3 phone='8667540547' file='image.jpg' lat=None lng=None language='hindi' (resolved from 'hi')
2026-08-18 21:16:00 | INFO     | app.services.prediction_service | ── Prediction Pipeline START (farmer_id=3 language=hindi) ──
2026-08-18 21:16:00 | INFO     | app.services.prediction_service | Step 1 ✓ Image type and size validated
2026-08-18 21:16:00 | INFO     | app.services.prediction_service | Step 1b ✓ Magic bytes and dimensions validated
2026-08-18 21:16:00 | INFO     | app.services.guardrail_service | Plant guardrail ✓ plant=90.7% variance=1547 edges=0.181
2026-08-18 21:16:00 | INFO     | app.services.prediction_service | Step 2 ✓ Plant/leaf content validated
2026-08-18 21:16:02 | INFO     | app.services.prediction_service | Step 3 ✓ Preprocessed → (1, 3, 224, 224)
2026-08-18 21:16:04 | INFO     | app.models.disease_classifier | Prediction → 'Banana - Healthy' confidence=1.0000 ✓
2026-08-18 21:16:04 | INFO     | app.services.prediction_service | Step 4 ✓ Disease='Banana - Healthy' Confidence=1.0000 is_confident=True is_banana=True
2026-08-18 21:16:04 | INFO     | app.models.severity_estimator | Banana plant is healthy — no severity assigned.
2026-08-18 21:16:04 | INFO     | app.services.prediction_service | Step 5 ✓ Severity=None
2026-08-18 21:16:04 | INFO     | app.services.advisory_service | Regional KB advisory — disease='Banana - Healthy' severity='None' language='hindi'
2026-08-18 21:16:04 | INFO     | app.services.prediction_service | Step 6 ✓ Advisory generated (619 chars) language='hindi'
2026-08-18 21:16:04 | INFO     | app.services.prediction_service | Resolving prediction location via farmer profile 'chidambaram, cuddalore, tamilnadu'...
2026-08-18 21:16:15 | INFO     | app.services.prediction_service | Prediction location resolved to lat=11.3995, lng=79.6909
2026-08-18 21:16:15 | INFO     | app.services.location_service | Searching nearby agriculture centres for lat=11.3995, lng=79.6909...
2026-08-18 21:16:19 | INFO     | app.services.location_service | Returning 5 nearby agriculture centres for (11.3995, 79.6909)
2026-08-18 21:16:19 | INFO     | app.services.prediction_service | Step 7 ✓ Found 5 nearby centres for lat=11.3995 lng=79.6909
2026-08-18 21:16:20 | INFO     | app.database.crud | Prediction saved → id=141 farmer_id=3 disease='Banana - Healthy'
2026-08-18 21:16:20 | INFO     | app.services.prediction_service | Step 8 ✓ Saved to database
2026-08-18 21:16:20 | INFO     | app.services.prediction_service | ── Pipeline COMPLETE → Banana - Healthy | None | 100.00% | lang=hindi ──
2026-08-18 21:17:08 | INFO     | app.api.routes | POST /predict | farmer_id=3 phone='8667540547' file='image.jpg' lat=None lng=None language='hindi' (resolved from 'hi')
2026-08-18 21:17:08 | INFO     | app.services.prediction_service | ── Prediction Pipeline START (farmer_id=3 language=hindi) ──
2026-08-18 21:17:08 | INFO     | app.services.prediction_service | Step 1 ✓ Image type and size validated
2026-08-18 21:17:09 | INFO     | app.services.prediction_service | Step 1b ✓ Magic bytes and dimensions validated
2026-08-18 21:17:09 | INFO     | app.services.guardrail_service | Plant guardrail ✓ plant=56.4% variance=5832 edges=0.247
2026-08-18 21:17:09 | INFO     | app.services.prediction_service | Step 2 ✓ Plant/leaf content validated
2026-08-18 21:17:09 | INFO     | app.services.prediction_service | Step 3 ✓ Preprocessed → (1, 3, 224, 224)
2026-08-18 21:17:09 | INFO     | app.models.disease_classifier | Prediction → 'Banana - Black Sigatoka' confidence=0.9940 ✓
2026-08-18 21:17:09 | INFO     | app.services.prediction_service | Step 4 ✓ Disease='Banana - Black Sigatoka' Confidence=0.9940 is_confident=True is_banana=True
2026-08-18 21:17:09 | INFO     | app.models.severity_estimator | Severity estimated → High (disease='Banana - Black Sigatoka', confidence=0.9940)
2026-08-18 21:17:09 | INFO     | app.services.prediction_service | Step 5 ✓ Severity=High
2026-08-18 21:17:09 | INFO     | app.services.advisory_service | ICAR KB matched keyword='black sigatoka' severity='High'
2026-08-18 21:17:10 | INFO     | app.services.advisory_service | Gemini Flash client initialised.
2026-08-18 21:17:13 | WARNING  | app.services.advisory_service | Gemini model 'gemini-flash-latest' failed: 503 UNAVAILABLE. {'error': {'code': 503, 'message': 'This model is currently experiencing high demand. Spikes in demand are usually temporary. Please try again later.', 'status': 'UNAVAILABLE'}}
2026-08-18 21:17:16 | INFO     | app.services.advisory_service | Gemini advisory — disease='Banana - Black Sigatoka' severity='High' language='hindi'
2026-08-18 21:17:16 | INFO     | app.services.prediction_service | Step 6 ✓ Advisory generated (1653 chars) language='hindi'
2026-08-18 21:17:16 | INFO     | app.services.prediction_service | Resolving prediction location via farmer profile 'chidambaram, cuddalore, tamilnadu'...
2026-08-18 21:17:18 | INFO     | app.services.prediction_service | Prediction location resolved to lat=11.3995, lng=79.6909
2026-08-18 21:17:18 | INFO     | app.services.location_service | Returning 5 cached agriculture centres for (11.3995, 79.6909)
2026-08-18 21:17:18 | INFO     | app.services.prediction_service | Step 7 ✓ Found 5 nearby centres for lat=11.3995 lng=79.6909
2026-08-18 21:17:18 | INFO     | app.database.crud | Prediction saved → id=142 farmer_id=3 disease='Banana - Black Sigatoka'
2026-08-18 21:17:18 | INFO     | app.services.prediction_service | Step 8 ✓ Saved to database
2026-08-18 21:17:18 | INFO     | app.services.prediction_service | ── Pipeline COMPLETE → Banana - Black Sigatoka | High | 99.40% | lang=hindi ──
2026-08-18 21:18:49 | INFO     | app.services.advisory_service | Gemini Flash client initialised.
2026-08-18 21:19:33 | INFO     | app.api.routes | POST /predict | farmer_id=3 phone='8667540547' file='image.jpg' lat=None lng=None language='hindi' (resolved from 'hi')
2026-08-18 21:19:33 | INFO     | app.services.prediction_service | ── Prediction Pipeline START (farmer_id=3 language=hindi) ──
2026-08-18 21:19:33 | INFO     | app.services.prediction_service | Step 1 ✓ Image type and size validated
2026-08-18 21:19:33 | INFO     | app.services.prediction_service | Step 1b ✓ Magic bytes and dimensions validated
2026-08-18 21:19:33 | INFO     | app.services.guardrail_service | Plant guardrail ✓ plant=29.8% variance=5767 edges=0.106
2026-08-18 21:19:33 | INFO     | app.services.prediction_service | Step 2 ✓ Plant/leaf content validated
2026-08-18 21:19:33 | INFO     | app.services.prediction_service | Step 3 ✓ Preprocessed → (1, 3, 224, 224)
2026-08-18 21:19:34 | INFO     | app.models.disease_classifier | Prediction → 'Banana - Pseudostem Weevil Infestation' confidence=1.0000 ✓
2026-08-18 21:19:34 | INFO     | app.services.prediction_service | Step 4 ✓ Disease='Banana - Pseudostem Weevil Infestation' Confidence=1.0000 is_confident=True is_banana=True
2026-08-18 21:19:34 | INFO     | app.models.severity_estimator | Severity estimated → High (disease='Banana - Pseudostem Weevil Infestation', confidence=1.0000)
2026-08-18 21:19:34 | INFO     | app.services.prediction_service | Step 5 ✓ Severity=High
2026-08-18 21:19:34 | INFO     | app.services.advisory_service | ICAR KB matched keyword='weevil' severity='High'
2026-08-18 21:19:43 | WARNING  | app.services.advisory_service | Gemini model 'gemini-flash-latest' failed: 503 UNAVAILABLE. {'error': {'code': 503, 'message': 'This model is currently experiencing high demand. Spikes in demand are usually temporary. Please try again later.', 'status': 'UNAVAILABLE'}}
2026-08-18 21:19:48 | INFO     | app.services.advisory_service | Gemini advisory — disease='Banana - Pseudostem Weevil Infestation' severity='High' language='hindi'
2026-08-18 21:19:48 | INFO     | app.services.prediction_service | Step 6 ✓ Advisory generated (2862 chars) language='hindi'
2026-08-18 21:19:48 | INFO     | app.services.prediction_service | Resolving prediction location via farmer profile 'chidambaram, cuddalore, tamilnadu'...
2026-08-18 21:19:51 | INFO     | app.services.prediction_service | Prediction location resolved to lat=11.3995, lng=79.6909
2026-08-18 21:19:51 | INFO     | app.services.location_service | Returning 5 cached agriculture centres for (11.3995, 79.6909)
2026-08-18 21:19:51 | INFO     | app.services.prediction_service | Step 7 ✓ Found 5 nearby centres for lat=11.3995 lng=79.6909
2026-08-18 21:19:51 | INFO     | app.database.crud | Prediction saved → id=143 farmer_id=3 disease='Banana - Pseudostem Weevil Infestation'
2026-08-18 21:19:51 | INFO     | app.services.prediction_service | Step 8 ✓ Saved to database
2026-08-18 21:19:51 | INFO     | app.services.prediction_service | ── Pipeline COMPLETE → Banana - Pseudostem Weevil Infestation | High | 100.00% | lang=hindi ──
2026-08-18 21:24:35 | INFO     | app.main | AgroGuard-AI shutting down gracefully.
2026-08-18 21:24:44 | INFO     | app.services.location_service | Loaded 101 curated agriculture centres from agriculture_centres.json
2026-08-18 21:24:44 | INFO     | app.models.model_loader | Creating ModelLoader singleton (path=saved_models/agroguard_banana_convnext_small.pth)
2026-08-18 21:24:44 | INFO     | app.models.model_loader | Loading banana model weights from 'saved_models/agroguard_banana_convnext_small.pth' on cuda
2026-08-18 21:24:45 | INFO     | app.models.model_loader | Banana disease model loaded successfully (7 classes).
2026-08-18 21:24:45 | INFO     | app.main | ╔══════════════════════════════════════════════╗
2026-08-18 21:24:45 | INFO     | app.main | ║  AgroGuard-AI STARTING  ║
2026-08-18 21:24:45 | INFO     | app.main | ╚══════════════════════════════════════════════╝
2026-08-18 21:24:46 | INFO     | app.database.db | Database tables created / verified.
2026-08-18 21:24:46 | INFO     | app.main | ✓ Database tables ready.
2026-08-18 21:24:46 | INFO     | app.main | ✓ Banana disease model loaded and ready.
2026-08-18 21:24:46 | INFO     | app.main | ✓ AgroGuard-AI is ready → base URL: /api/v1
2026-08-18 21:29:37 | INFO     | app.main | AgroGuard-AI shutting down gracefully.
2026-08-18 21:29:43 | INFO     | app.services.location_service | Loaded 101 curated agriculture centres from agriculture_centres.json
2026-08-18 21:29:43 | INFO     | app.models.model_loader | Creating ModelLoader singleton (path=saved_models/agroguard_banana_convnext_small.pth)
2026-08-18 21:29:44 | INFO     | app.models.model_loader | Loading banana model weights from 'saved_models/agroguard_banana_convnext_small.pth' on cuda
2026-08-18 21:29:44 | INFO     | app.models.model_loader | Banana disease model loaded successfully (7 classes).
2026-08-18 21:29:44 | INFO     | app.main | ╔══════════════════════════════════════════════╗
2026-08-18 21:29:44 | INFO     | app.main | ║  AgroGuard-AI STARTING  ║
2026-08-18 21:29:44 | INFO     | app.main | ╚══════════════════════════════════════════════╝
2026-08-18 21:29:45 | INFO     | app.database.db | Database tables created / verified.
2026-08-18 21:29:45 | INFO     | app.main | ✓ Database tables ready.
2026-08-18 21:29:45 | INFO     | app.main | ✓ Banana disease model loaded and ready.
2026-08-18 21:29:45 | INFO     | app.main | ✓ AgroGuard-AI is ready → base URL: /api/v1
2026-08-18 21:30:45 | INFO     | app.api.routes | POST /predict | farmer_id=3 phone='8667540547' file='image.jpg' lat=None lng=None language='english' (resolved from 'en')
2026-08-18 21:30:45 | INFO     | app.services.prediction_service | ── Prediction Pipeline START (farmer_id=3 language=english) ──
2026-08-18 21:30:45 | INFO     | app.services.prediction_service | Step 1 ✓ Image type and size validated
2026-08-18 21:30:46 | INFO     | app.services.prediction_service | Step 1b ✓ Magic bytes and dimensions validated
2026-08-18 21:30:46 | INFO     | app.services.guardrail_service | Plant guardrail ✓ plant=91.1% variance=2235 edges=0.306
2026-08-18 21:30:46 | INFO     | app.services.prediction_service | Step 2 ✓ Plant/leaf content validated
2026-08-18 21:30:47 | INFO     | app.services.prediction_service | Step 3 ✓ Preprocessed → (1, 3, 224, 224)
2026-08-18 21:30:48 | INFO     | app.models.disease_classifier | Prediction → 'Banana - Black Sigatoka' confidence=1.0000 ✓
2026-08-18 21:30:48 | INFO     | app.services.prediction_service | Step 4 ✓ Disease='Banana - Black Sigatoka' Confidence=1.0000 is_confident=True is_banana=True
2026-08-18 21:30:48 | INFO     | app.models.severity_estimator | Severity estimated → High (disease='Banana - Black Sigatoka', confidence=1.0000)
2026-08-18 21:30:48 | INFO     | app.services.prediction_service | Step 5 ✓ Severity=High
2026-08-18 21:30:48 | INFO     | app.services.advisory_service | ICAR KB matched keyword='black sigatoka' severity='High'
2026-08-18 21:30:48 | INFO     | app.services.advisory_service | ICAR KB advisory — disease='Banana - Black Sigatoka' severity='High'
2026-08-18 21:30:48 | INFO     | app.services.prediction_service | Step 6 ✓ Advisory generated (2143 chars) language='english'
2026-08-18 21:30:48 | INFO     | app.services.prediction_service | Resolving prediction location via farmer profile 'chidambaram, cuddalore, tamilnadu'...
2026-08-18 21:30:51 | INFO     | app.services.prediction_service | Prediction location resolved to lat=11.3995, lng=79.6909
2026-08-18 21:30:51 | INFO     | app.services.location_service | Searching nearby agriculture centres for lat=11.3995, lng=79.6909...
2026-08-18 21:30:55 | INFO     | app.services.location_service | Returning 5 nearby agriculture centres for (11.3995, 79.6909)
2026-08-18 21:30:55 | INFO     | app.services.prediction_service | Step 7 ✓ Found 5 nearby centres for lat=11.3995 lng=79.6909
2026-08-18 21:30:56 | INFO     | app.database.crud | Prediction saved → id=144 farmer_id=3 disease='Banana - Black Sigatoka'
2026-08-18 21:30:56 | INFO     | app.services.prediction_service | Step 8 ✓ Saved to database
2026-08-18 21:30:56 | INFO     | app.services.prediction_service | ── Pipeline COMPLETE → Banana - Black Sigatoka | High | 100.00% | lang=english ──
2026-08-18 21:34:07 | INFO     | app.api.routes | POST /predict | farmer_id=3 phone='8667540547' file='image.jpg' lat=None lng=None language='telugu' (resolved from 'te')
2026-08-18 21:34:07 | INFO     | app.services.prediction_service | ── Prediction Pipeline START (farmer_id=3 language=telugu) ──
2026-08-18 21:34:07 | INFO     | app.services.prediction_service | Step 1 ✓ Image type and size validated
2026-08-18 21:34:07 | INFO     | app.services.prediction_service | Step 1b ✓ Magic bytes and dimensions validated
2026-08-18 21:34:07 | INFO     | app.services.guardrail_service | Plant guardrail ✓ plant=90.7% variance=1547 edges=0.181
2026-08-18 21:34:07 | INFO     | app.services.prediction_service | Step 2 ✓ Plant/leaf content validated
2026-08-18 21:34:09 | INFO     | app.services.prediction_service | Step 3 ✓ Preprocessed → (1, 3, 224, 224)
2026-08-18 21:34:10 | INFO     | app.models.disease_classifier | Prediction → 'Banana - Healthy' confidence=1.0000 ✓
2026-08-18 21:34:10 | INFO     | app.services.prediction_service | Step 4 ✓ Disease='Banana - Healthy' Confidence=1.0000 is_confident=True is_banana=True
2026-08-18 21:34:10 | INFO     | app.models.severity_estimator | Banana plant is healthy — no severity assigned.
2026-08-18 21:34:10 | INFO     | app.services.prediction_service | Step 5 ✓ Severity=None
2026-08-18 21:34:10 | INFO     | app.services.advisory_service | Regional KB advisory — disease='Banana - Healthy' severity='None' language='telugu'
2026-08-18 21:34:10 | INFO     | app.services.prediction_service | Step 6 ✓ Advisory generated (469 chars) language='telugu'
2026-08-18 21:34:10 | INFO     | app.services.prediction_service | Resolving prediction location via farmer profile 'chidambaram, cuddalore, tamilnadu'...
2026-08-18 21:34:15 | INFO     | app.services.prediction_service | Prediction location resolved to lat=11.3995, lng=79.6909
2026-08-18 21:34:15 | INFO     | app.services.location_service | Returning 5 cached agriculture centres for (11.3995, 79.6909)
2026-08-18 21:34:15 | INFO     | app.services.prediction_service | Step 7 ✓ Found 5 nearby centres for lat=11.3995 lng=79.6909
2026-08-18 21:34:15 | INFO     | app.database.crud | Prediction saved → id=145 farmer_id=3 disease='Banana - Healthy'
2026-08-18 21:34:15 | INFO     | app.services.prediction_service | Step 8 ✓ Saved to database
2026-08-18 21:34:15 | INFO     | app.services.prediction_service | ── Pipeline COMPLETE → Banana - Healthy | None | 100.00% | lang=telugu ──
2026-08-18 21:38:10 | INFO     | app.api.auth | POST /auth/google
2026-08-18 21:38:10 | ERROR    | app.api.auth | Google login error: No module named 'authlib'
2026-08-18 21:41:56 | INFO     | app.api.auth | POST /auth/google
2026-08-18 21:41:56 | ERROR    | app.api.auth | Google login error: No module named 'authlib'
2026-08-18 21:46:45 | INFO     | app.main | AgroGuard-AI shutting down gracefully.
2026-08-18 21:46:54 | INFO     | app.services.location_service | Loaded 101 curated agriculture centres from agriculture_centres.json
2026-08-18 21:46:54 | INFO     | app.models.model_loader | Creating ModelLoader singleton (path=saved_models/agroguard_banana_convnext_small.pth)
2026-08-18 21:46:55 | INFO     | app.models.model_loader | Loading banana model weights from 'saved_models/agroguard_banana_convnext_small.pth' on cuda
2026-08-18 21:46:56 | INFO     | app.models.model_loader | Banana disease model loaded successfully (7 classes).
2026-08-18 21:46:56 | INFO     | app.main | ╔══════════════════════════════════════════════╗
2026-08-18 21:46:56 | INFO     | app.main | ║  AgroGuard-AI STARTING  ║
2026-08-18 21:46:56 | INFO     | app.main | ╚══════════════════════════════════════════════╝
2026-08-18 21:46:57 | INFO     | app.database.db | Database tables created / verified.
2026-08-18 21:46:57 | INFO     | app.main | ✓ Database tables ready.
2026-08-18 21:46:57 | INFO     | app.main | ✓ Banana disease model loaded and ready.
2026-08-18 21:46:57 | INFO     | app.main | ✓ AgroGuard-AI is ready → base URL: /api/v1
2026-08-18 21:47:08 | INFO     | app.services.location_service | Loaded 101 curated agriculture centres from agriculture_centres.json
2026-08-18 21:47:08 | INFO     | app.models.model_loader | Creating ModelLoader singleton (path=saved_models/agroguard_banana_convnext_small.pth)
2026-08-18 21:47:09 | INFO     | app.models.model_loader | Loading banana model weights from 'saved_models/agroguard_banana_convnext_small.pth' on cuda
2026-08-18 21:47:10 | INFO     | app.models.model_loader | Banana disease model loaded successfully (7 classes).
2026-08-18 21:47:14 | INFO     | app.main | ╔══════════════════════════════════════════════╗
2026-08-18 21:47:14 | INFO     | app.main | ║  AgroGuard-AI STARTING  ║
2026-08-18 21:47:14 | INFO     | app.main | ╚══════════════════════════════════════════════╝
2026-08-18 21:47:15 | INFO     | app.database.db | Database tables created / verified.
2026-08-18 21:47:15 | INFO     | app.main | ✓ Database tables ready.
2026-08-18 21:47:15 | INFO     | app.main | ✓ Banana disease model loaded and ready.
2026-08-18 21:47:15 | INFO     | app.main | ✓ AgroGuard-AI is ready → base URL: /api/v1
2026-08-18 21:47:44 | INFO     | app.main | AgroGuard-AI shutting down gracefully.
2026-08-18 21:48:00 | INFO     | app.services.location_service | Loaded 101 curated agriculture centres from agriculture_centres.json
2026-08-18 21:48:00 | INFO     | app.models.model_loader | Creating ModelLoader singleton (path=saved_models/agroguard_banana_convnext_small.pth)
2026-08-18 21:48:01 | INFO     | app.models.model_loader | Loading banana model weights from 'saved_models/agroguard_banana_convnext_small.pth' on cuda
2026-08-18 21:48:02 | INFO     | app.models.model_loader | Banana disease model loaded successfully (7 classes).
2026-08-18 21:48:05 | INFO     | app.main | ╔══════════════════════════════════════════════╗
2026-08-18 21:48:05 | INFO     | app.main | ║  AgroGuard-AI STARTING  ║
2026-08-18 21:48:05 | INFO     | app.main | ╚══════════════════════════════════════════════╝
2026-08-18 21:48:06 | INFO     | app.database.db | Database tables created / verified.
2026-08-18 21:48:06 | INFO     | app.main | ✓ Database tables ready.
2026-08-18 21:48:06 | INFO     | app.main | ✓ Banana disease model loaded and ready.
2026-08-18 21:48:06 | INFO     | app.main | ✓ AgroGuard-AI is ready → base URL: /api/v1
2026-08-18 22:03:16 | INFO     | app.api.auth | POST /auth/google
2026-08-18 22:03:16 | ERROR    | app.api.auth | Google login error: No module named 'authlib'
2026-08-18 22:03:24 | INFO     | app.api.auth | POST /auth/google
2026-08-18 22:03:24 | ERROR    | app.api.auth | Google login error: No module named 'authlib'
2026-08-18 22:07:52 | INFO     | app.api.auth | POST /auth/google
2026-08-18 22:07:52 | ERROR    | app.api.auth | Google login error: No module named 'authlib'
2026-08-18 22:07:52 | INFO     | app.main | AgroGuard-AI shutting down gracefully.
2026-08-18 22:08:01 | INFO     | app.services.location_service | Loaded 101 curated agriculture centres from agriculture_centres.json
2026-08-18 22:08:01 | INFO     | app.models.model_loader | Creating ModelLoader singleton (path=saved_models/agroguard_banana_convnext_small.pth)
2026-08-18 22:08:01 | INFO     | app.models.model_loader | Loading banana model weights from 'saved_models/agroguard_banana_convnext_small.pth' on cuda
2026-08-18 22:08:02 | INFO     | app.models.model_loader | Banana disease model loaded successfully (7 classes).
2026-08-18 22:08:02 | INFO     | app.main | ╔══════════════════════════════════════════════╗
2026-08-18 22:08:02 | INFO     | app.main | ║  AgroGuard-AI STARTING  ║
2026-08-18 22:08:02 | INFO     | app.main | ╚══════════════════════════════════════════════╝
2026-08-18 22:08:03 | INFO     | app.database.db | Database tables created / verified.
2026-08-18 22:08:03 | INFO     | app.main | ✓ Database tables ready.
2026-08-18 22:08:03 | INFO     | app.main | ✓ Banana disease model loaded and ready.
2026-08-18 22:08:03 | INFO     | app.main | ✓ AgroGuard-AI is ready → base URL: /api/v1
2026-08-18 22:08:09 | INFO     | app.services.location_service | Loaded 101 curated agriculture centres from agriculture_centres.json
2026-08-18 22:08:09 | INFO     | app.models.model_loader | Creating ModelLoader singleton (path=saved_models/agroguard_banana_convnext_small.pth)
2026-08-18 22:08:10 | INFO     | app.models.model_loader | Loading banana model weights from 'saved_models/agroguard_banana_convnext_small.pth' on cuda
2026-08-18 22:08:10 | INFO     | app.models.model_loader | Banana disease model loaded successfully (7 classes).
2026-08-18 22:08:10 | INFO     | app.main | ╔══════════════════════════════════════════════╗
2026-08-18 22:08:10 | INFO     | app.main | ║  AgroGuard-AI STARTING  ║
2026-08-18 22:08:10 | INFO     | app.main | ╚══════════════════════════════════════════════╝
2026-08-18 22:08:11 | INFO     | app.database.db | Database tables created / verified.
2026-08-18 22:08:11 | INFO     | app.main | ✓ Database tables ready.
2026-08-18 22:08:11 | INFO     | app.main | ✓ Banana disease model loaded and ready.
2026-08-18 22:08:11 | INFO     | app.main | ✓ AgroGuard-AI is ready → base URL: /api/v1
2026-08-18 22:08:22 | INFO     | app.api.auth | POST /auth/google
2026-08-18 22:08:23 | ERROR    | app.api.auth | Google login error: (sqlalchemy.dialects.postgresql.asyncpg.IntegrityError) <class 'asyncpg.exceptions.NotNullViolationError'>: null value in column "phone" of relation "farmers" violates not-null constraint
DETAIL:  Failing row contains (4, Ragul RG, null, rockragul1811@gmail.com, null, null, null, Tamil Nadu, t, 2026-08-18 22:08:23.702944+05:30, 116248360239024913284, GOOGLE).
[SQL: INSERT INTO farmers (name, phone, email, password_hash, google_id, auth_provider, village, district, state, is_active, created_at) VALUES ($1::VARCHAR, $2::VARCHAR, $3::VARCHAR, $4::VARCHAR, $5::VARCHAR, $6::authprovider, $7::VARCHAR, $8::VARCHAR, $9::VARCHAR, $10::BOOLEAN, $11::TIMESTAMP WITH TIME ZONE) RETURNING farmers.id]
[parameters: ('Ragul RG', None, 'rockragul1811@gmail.com', None, '116248360239024913284', 'GOOGLE', None, None, 'Tamil Nadu', True, datetime.datetime(2026, 8, 18, 16, 38, 23, 702944, tzinfo=datetime.timezone.utc))]
(Background on this error at: https://sqlalche.me/e/20/gkpj)
Traceback (most recent call last):
  File "D:\final-year project\backend\venv\Lib\site-packages\sqlalchemy\dialects\postgresql\asyncpg.py", line 538, in _prepare_and_execute
    self._rows = deque(await prepared_stmt.fetch(*parameters))
                       ^^^^^^^^^^^^^^^^^^^^^^^^^^^^^^^^^^^^^^
  File "D:\final-year project\backend\venv\Lib\site-packages\asyncpg\prepared_stmt.py", line 176, in fetch
    data = await self.__bind_execute(args, 0, timeout)
           ^^^^^^^^^^^^^^^^^^^^^^^^^^^^^^^^^^^^^^^^^^^
  File "D:\final-year project\backend\venv\Lib\site-packages\asyncpg\prepared_stmt.py", line 241, in __bind_execute
    data, status, _ = await self.__do_execute(
                      ^^^^^^^^^^^^^^^^^^^^^^^^
  File "D:\final-year project\backend\venv\Lib\site-packages\asyncpg\prepared_stmt.py", line 230, in __do_execute
    return await executor(protocol)
           ^^^^^^^^^^^^^^^^^^^^^^^^
  File "asyncpg\protocol\protocol.pyx", line 207, in bind_execute
asyncpg.exceptions.NotNullViolationError: null value in column "phone" of relation "farmers" violates not-null constraint
DETAIL:  Failing row contains (4, Ragul RG, null, rockragul1811@gmail.com, null, null, null, Tamil Nadu, t, 2026-08-18 22:08:23.702944+05:30, 116248360239024913284, GOOGLE).

The above exception was the direct cause of the following exception:

Traceback (most recent call last):
  File "D:\final-year project\backend\venv\Lib\site-packages\sqlalchemy\engine\base.py", line 1967, in _exec_single_context
    self.dialect.do_execute(
  File "D:\final-year project\backend\venv\Lib\site-packages\sqlalchemy\engine\default.py", line 941, in do_execute
    cursor.execute(statement, parameters)
  File "D:\final-year project\backend\venv\Lib\site-packages\sqlalchemy\dialects\postgresql\asyncpg.py", line 572, in execute
    self._adapt_connection.await_(
  File "D:\final-year project\backend\venv\Lib\site-packages\sqlalchemy\util\_concurrency_py3k.py", line 132, in await_only
    return current.parent.switch(awaitable)  # type: ignore[no-any-return,attr-defined] # noqa: E501
           ^^^^^^^^^^^^^^^^^^^^^^^^^^^^^^^^
  File "D:\final-year project\backend\venv\Lib\site-packages\sqlalchemy\util\_concurrency_py3k.py", line 196, in greenlet_spawn
    value = await result
            ^^^^^^^^^^^^
  File "D:\final-year project\backend\venv\Lib\site-packages\sqlalchemy\dialects\postgresql\asyncpg.py", line 550, in _prepare_and_execute
    self._handle_exception(error)
  File "D:\final-year project\backend\venv\Lib\site-packages\sqlalchemy\dialects\postgresql\asyncpg.py", line 501, in _handle_exception
    self._adapt_connection._handle_exception(error)
  File "D:\final-year project\backend\venv\Lib\site-packages\sqlalchemy\dialects\postgresql\asyncpg.py", line 784, in _handle_exception
    raise translated_error from error
sqlalchemy.dialects.postgresql.asyncpg.AsyncAdapt_asyncpg_dbapi.IntegrityError: <class 'asyncpg.exceptions.NotNullViolationError'>: null value in column "phone" of relation "farmers" violates not-null constraint
DETAIL:  Failing row contains (4, Ragul RG, null, rockragul1811@gmail.com, null, null, null, Tamil Nadu, t, 2026-08-18 22:08:23.702944+05:30, 116248360239024913284, GOOGLE).

The above exception was the direct cause of the following exception:

Traceback (most recent call last):
  File "D:\final-year project\backend\app\api\auth.py", line 274, in google_login
    farmer, access_token, refresh_token = await _auth_service.google_login(
                                          ^^^^^^^^^^^^^^^^^^^^^^^^^^^^^^^^^
  File "D:\final-year project\backend\app\services\auth_service.py", line 343, in google_login
    await db.commit()
  File "D:\final-year project\backend\venv\Lib\site-packages\sqlalchemy\ext\asyncio\session.py", line 1009, in commit
    await greenlet_spawn(self.sync_session.commit)
  File "D:\final-year project\backend\venv\Lib\site-packages\sqlalchemy\util\_concurrency_py3k.py", line 203, in greenlet_spawn
    result = context.switch(value)
             ^^^^^^^^^^^^^^^^^^^^^
  File "D:\final-year project\backend\venv\Lib\site-packages\sqlalchemy\orm\session.py", line 2028, in commit
    trans.commit(_to_root=True)
  File "<string>", line 2, in commit
  File "D:\final-year project\backend\venv\Lib\site-packages\sqlalchemy\orm\state_changes.py", line 139, in _go
    ret_value = fn(self, *arg, **kw)
                ^^^^^^^^^^^^^^^^^^^^
  File "D:\final-year project\backend\venv\Lib\site-packages\sqlalchemy\orm\session.py", line 1313, in commit
    self._prepare_impl()
  File "<string>", line 2, in _prepare_impl
  File "D:\final-year project\backend\venv\Lib\site-packages\sqlalchemy\orm\state_changes.py", line 139, in _go
    ret_value = fn(self, *arg, **kw)
                ^^^^^^^^^^^^^^^^^^^^
  File "D:\final-year project\backend\venv\Lib\site-packages\sqlalchemy\orm\session.py", line 1288, in _prepare_impl
    self.session.flush()
  File "D:\final-year project\backend\venv\Lib\site-packages\sqlalchemy\orm\session.py", line 4352, in flush
    self._flush(objects)
  File "D:\final-year project\backend\venv\Lib\site-packages\sqlalchemy\orm\session.py", line 4487, in _flush
    with util.safe_reraise():
  File "D:\final-year project\backend\venv\Lib\site-packages\sqlalchemy\util\langhelpers.py", line 146, in __exit__
    raise exc_value.with_traceback(exc_tb)
  File "D:\final-year project\backend\venv\Lib\site-packages\sqlalchemy\orm\session.py", line 4448, in _flush
    flush_context.execute()
  File "D:\final-year project\backend\venv\Lib\site-packages\sqlalchemy\orm\unitofwork.py", line 466, in execute
    rec.execute(self)
  File "D:\final-year project\backend\venv\Lib\site-packages\sqlalchemy\orm\unitofwork.py", line 642, in execute
    util.preloaded.orm_persistence.save_obj(
  File "D:\final-year project\backend\venv\Lib\site-packages\sqlalchemy\orm\persistence.py", line 93, in save_obj
    _emit_insert_statements(
  File "D:\final-year project\backend\venv\Lib\site-packages\sqlalchemy\orm\persistence.py", line 1233, in _emit_insert_statements
    result = connection.execute(
             ^^^^^^^^^^^^^^^^^^^
  File "D:\final-year project\backend\venv\Lib\site-packages\sqlalchemy\engine\base.py", line 1418, in execute
    return meth(
           ^^^^^
  File "D:\final-year project\backend\venv\Lib\site-packages\sqlalchemy\sql\elements.py", line 515, in _execute_on_connection
    return connection._execute_clauseelement(
           ^^^^^^^^^^^^^^^^^^^^^^^^^^^^^^^^^^
  File "D:\final-year project\backend\venv\Lib\site-packages\sqlalchemy\engine\base.py", line 1640, in _execute_clauseelement
    ret = self._execute_context(
          ^^^^^^^^^^^^^^^^^^^^^^
  File "D:\final-year project\backend\venv\Lib\site-packages\sqlalchemy\engine\base.py", line 1846, in _execute_context
    return self._exec_single_context(
           ^^^^^^^^^^^^^^^^^^^^^^^^^^
  File "D:\final-year project\backend\venv\Lib\site-packages\sqlalchemy\engine\base.py", line 1986, in _exec_single_context
    self._handle_dbapi_exception(
  File "D:\final-year project\backend\venv\Lib\site-packages\sqlalchemy\engine\base.py", line 2355, in _handle_dbapi_exception
    raise sqlalchemy_exception.with_traceback(exc_info[2]) from e
  File "D:\final-year project\backend\venv\Lib\site-packages\sqlalchemy\engine\base.py", line 1967, in _exec_single_context
    self.dialect.do_execute(
  File "D:\final-year project\backend\venv\Lib\site-packages\sqlalchemy\engine\default.py", line 941, in do_execute
    cursor.execute(statement, parameters)
  File "D:\final-year project\backend\venv\Lib\site-packages\sqlalchemy\dialects\postgresql\asyncpg.py", line 572, in execute
    self._adapt_connection.await_(
  File "D:\final-year project\backend\venv\Lib\site-packages\sqlalchemy\util\_concurrency_py3k.py", line 132, in await_only
    return current.parent.switch(awaitable)  # type: ignore[no-any-return,attr-defined] # noqa: E501
           ^^^^^^^^^^^^^^^^^^^^^^^^^^^^^^^^
  File "D:\final-year project\backend\venv\Lib\site-packages\sqlalchemy\util\_concurrency_py3k.py", line 196, in greenlet_spawn
    value = await result
            ^^^^^^^^^^^^
  File "D:\final-year project\backend\venv\Lib\site-packages\sqlalchemy\dialects\postgresql\asyncpg.py", line 550, in _prepare_and_execute
    self._handle_exception(error)
  File "D:\final-year project\backend\venv\Lib\site-packages\sqlalchemy\dialects\postgresql\asyncpg.py", line 501, in _handle_exception
    self._adapt_connection._handle_exception(error)
  File "D:\final-year project\backend\venv\Lib\site-packages\sqlalchemy\dialects\postgresql\asyncpg.py", line 784, in _handle_exception
    raise translated_error from error
sqlalchemy.exc.IntegrityError: (sqlalchemy.dialects.postgresql.asyncpg.IntegrityError) <class 'asyncpg.exceptions.NotNullViolationError'>: null value in column "phone" of relation "farmers" violates not-null constraint
DETAIL:  Failing row contains (4, Ragul RG, null, rockragul1811@gmail.com, null, null, null, Tamil Nadu, t, 2026-08-18 22:08:23.702944+05:30, 116248360239024913284, GOOGLE).
[SQL: INSERT INTO farmers (name, phone, email, password_hash, google_id, auth_provider, village, district, state, is_active, created_at) VALUES ($1::VARCHAR, $2::VARCHAR, $3::VARCHAR, $4::VARCHAR, $5::VARCHAR, $6::authprovider, $7::VARCHAR, $8::VARCHAR, $9::VARCHAR, $10::BOOLEAN, $11::TIMESTAMP WITH TIME ZONE) RETURNING farmers.id]
[parameters: ('Ragul RG', None, 'rockragul1811@gmail.com', None, '116248360239024913284', 'GOOGLE', None, None, 'Tamil Nadu', True, datetime.datetime(2026, 8, 18, 16, 38, 23, 702944, tzinfo=datetime.timezone.utc))]
(Background on this error at: https://sqlalche.me/e/20/gkpj)

2026-08-18 22:11:48 | INFO     | app.main | AgroGuard-AI shutting down gracefully.
2026-08-18 22:11:54 | INFO     | app.services.location_service | Loaded 101 curated agriculture centres from agriculture_centres.json
2026-08-18 22:11:54 | INFO     | app.models.model_loader | Creating ModelLoader singleton (path=saved_models/agroguard_banana_convnext_small.pth)
2026-08-18 22:11:54 | INFO     | app.models.model_loader | Loading banana model weights from 'saved_models/agroguard_banana_convnext_small.pth' on cuda
2026-08-18 22:11:55 | INFO     | app.models.model_loader | Banana disease model loaded successfully (7 classes).
2026-08-18 22:11:55 | INFO     | app.main | ╔══════════════════════════════════════════════╗
2026-08-18 22:11:55 | INFO     | app.main | ║  AgroGuard-AI STARTING  ║
2026-08-18 22:11:55 | INFO     | app.main | ╚══════════════════════════════════════════════╝
2026-08-18 22:11:56 | INFO     | app.database.db | Database tables created / verified.
2026-08-18 22:11:56 | INFO     | app.main | ✓ Database tables ready.
2026-08-18 22:11:56 | INFO     | app.main | ✓ Banana disease model loaded and ready.
2026-08-18 22:11:56 | INFO     | app.main | ✓ AgroGuard-AI is ready → base URL: /api/v1
2026-08-18 22:12:04 | INFO     | app.api.auth | POST /auth/google
2026-08-18 22:12:06 | INFO     | app.services.auth_service | New Google farmer registered → id=5 email='rockragul1811@gmail.com'
2026-08-18 22:12:06 | INFO     | app.services.auth_service | JWT access token created for farmer_id=5
2026-08-18 22:12:06 | INFO     | app.services.auth_service | JWT refresh token created for farmer_id=5
2026-08-18 22:14:00 | INFO     | app.api.auth | POST /auth/google
2026-08-18 22:14:02 | INFO     | app.services.auth_service | Existing Google farmer logged in → id=5 email='rockragul1811@gmail.com'
2026-08-18 22:14:02 | INFO     | app.services.auth_service | JWT access token created for farmer_id=5
2026-08-18 22:14:02 | INFO     | app.services.auth_service | JWT refresh token created for farmer_id=5
2026-08-18 22:14:26 | INFO     | app.api.auth | POST /auth/google
2026-08-18 22:14:28 | INFO     | app.services.auth_service | Existing Google farmer logged in → id=5 email='rockragul1811@gmail.com'
2026-08-18 22:14:28 | INFO     | app.services.auth_service | JWT access token created for farmer_id=5
2026-08-18 22:14:28 | INFO     | app.services.auth_service | JWT refresh token created for farmer_id=5
2026-08-18 22:17:17 | INFO     | app.main | AgroGuard-AI shutting down gracefully.
2026-08-18 22:17:32 | INFO     | app.services.location_service | Loaded 101 curated agriculture centres from agriculture_centres.json
2026-08-18 22:17:32 | INFO     | app.models.model_loader | Creating ModelLoader singleton (path=saved_models/agroguard_banana_convnext_small.pth)
2026-08-18 22:17:32 | INFO     | app.models.model_loader | Loading banana model weights from 'saved_models/agroguard_banana_convnext_small.pth' on cuda
2026-08-18 22:17:33 | INFO     | app.models.model_loader | Banana disease model loaded successfully (7 classes).
2026-08-18 22:17:33 | INFO     | app.main | ╔══════════════════════════════════════════════╗
2026-08-18 22:17:33 | INFO     | app.main | ║  AgroGuard-AI STARTING  ║
2026-08-18 22:17:33 | INFO     | app.main | ╚══════════════════════════════════════════════╝
2026-08-18 22:17:34 | INFO     | app.database.db | Database tables created / verified.
2026-08-18 22:17:34 | INFO     | app.main | ✓ Database tables ready.
2026-08-18 22:17:34 | INFO     | app.main | ✓ Banana disease model loaded and ready.
2026-08-18 22:17:34 | INFO     | app.main | ✓ AgroGuard-AI is ready → base URL: /api/v1
2026-08-18 22:17:41 | INFO     | app.services.location_service | Loaded 101 curated agriculture centres from agriculture_centres.json
2026-08-18 22:17:41 | INFO     | app.models.model_loader | Creating ModelLoader singleton (path=saved_models/agroguard_banana_convnext_small.pth)
2026-08-18 22:17:42 | INFO     | app.models.model_loader | Loading banana model weights from 'saved_models/agroguard_banana_convnext_small.pth' on cuda
2026-08-18 22:17:42 | INFO     | app.models.model_loader | Banana disease model loaded successfully (7 classes).
2026-08-18 22:17:42 | INFO     | app.main | ╔══════════════════════════════════════════════╗
2026-08-18 22:17:42 | INFO     | app.main | ║  AgroGuard-AI STARTING  ║
2026-08-18 22:17:42 | INFO     | app.main | ╚══════════════════════════════════════════════╝
2026-08-18 22:17:43 | INFO     | app.database.db | Database tables created / verified.
2026-08-18 22:17:43 | INFO     | app.main | ✓ Database tables ready.
2026-08-18 22:17:43 | INFO     | app.main | ✓ Banana disease model loaded and ready.
2026-08-18 22:17:43 | INFO     | app.main | ✓ AgroGuard-AI is ready → base URL: /api/v1
2026-08-18 22:17:53 | INFO     | app.api.auth | POST /auth/google
2026-08-18 22:17:54 | INFO     | app.services.auth_service | Existing Google farmer logged in → id=5 email='rockragul1811@gmail.com'
2026-08-18 22:17:54 | INFO     | app.services.auth_service | JWT access token created for farmer_id=5
2026-08-18 22:17:54 | INFO     | app.services.auth_service | JWT refresh token created for farmer_id=5
2026-08-18 22:25:45 | INFO     | app.main | AgroGuard-AI shutting down gracefully.
2026-08-18 22:25:52 | INFO     | app.services.location_service | Loaded 101 curated agriculture centres from agriculture_centres.json
2026-08-18 22:25:53 | INFO     | app.models.model_loader | Creating ModelLoader singleton (path=saved_models/agroguard_banana_convnext_small.pth)
2026-08-18 22:25:53 | INFO     | app.models.model_loader | Loading banana model weights from 'saved_models/agroguard_banana_convnext_small.pth' on cuda
2026-08-18 22:25:54 | INFO     | app.models.model_loader | Banana disease model loaded successfully (7 classes).
2026-08-18 22:25:54 | INFO     | app.main | ╔══════════════════════════════════════════════╗
2026-08-18 22:25:54 | INFO     | app.main | ║  AgroGuard-AI STARTING  ║
2026-08-18 22:25:54 | INFO     | app.main | ╚══════════════════════════════════════════════╝
2026-08-18 22:25:54 | INFO     | app.database.db | Database tables created / verified.
2026-08-18 22:25:54 | INFO     | app.main | ✓ Database tables ready.
2026-08-18 22:25:54 | INFO     | app.main | ✓ Banana disease model loaded and ready.
2026-08-18 22:25:54 | INFO     | app.main | ✓ AgroGuard-AI is ready → base URL: /api/v1
2026-08-18 22:26:00 | INFO     | app.services.location_service | Loaded 101 curated agriculture centres from agriculture_centres.json
2026-08-18 22:26:00 | INFO     | app.models.model_loader | Creating ModelLoader singleton (path=saved_models/agroguard_banana_convnext_small.pth)
2026-08-18 22:26:01 | INFO     | app.models.model_loader | Loading banana model weights from 'saved_models/agroguard_banana_convnext_small.pth' on cuda
2026-08-18 22:26:01 | INFO     | app.models.model_loader | Banana disease model loaded successfully (7 classes).
2026-08-18 22:26:02 | INFO     | app.main | ╔══════════════════════════════════════════════╗
2026-08-18 22:26:02 | INFO     | app.main | ║  AgroGuard-AI STARTING  ║
2026-08-18 22:26:02 | INFO     | app.main | ╚══════════════════════════════════════════════╝
2026-08-18 22:26:02 | INFO     | app.database.db | Database tables created / verified.
2026-08-18 22:26:02 | INFO     | app.main | ✓ Database tables ready.
2026-08-18 22:26:02 | INFO     | app.main | ✓ Banana disease model loaded and ready.
2026-08-18 22:26:02 | INFO     | app.main | ✓ AgroGuard-AI is ready → base URL: /api/v1
2026-08-18 22:28:25 | INFO     | app.services.auth_service | Farmer profile updated → id=5
2026-08-18 22:55:00 | INFO     | app.api.auth | POST /auth/google
2026-08-18 22:55:02 | INFO     | app.services.auth_service | Existing Google farmer logged in → id=5 email='rockragul1811@gmail.com'
2026-08-18 22:55:02 | INFO     | app.services.auth_service | JWT access token created for farmer_id=5
2026-08-18 22:55:02 | INFO     | app.services.auth_service | JWT refresh token created for farmer_id=5
2026-08-18 22:55:30 | INFO     | app.services.auth_service | Farmer profile updated → id=5
2026-08-18 22:55:47 | INFO     | app.api.routes | GET /maps/nearby-centers | lat=None lng=None (frontend alias)
2026-08-18 22:55:47 | INFO     | app.api.routes | Resolving location for farmer 'Ragul J' via registered profile 'kollidam, mayiladuthurai, Tamil Nadu'...
2026-08-18 22:55:51 | INFO     | app.api.routes | Successfully geocoded farmer profile to lat=11.1019, lng=79.6503
2026-08-18 22:55:51 | INFO     | app.services.location_service | Searching nearby agriculture centres for lat=11.1019, lng=79.6503...
2026-08-18 22:55:56 | INFO     | app.services.location_service | Returning 5 nearby agriculture centres for (11.1019, 79.6503)
2026-08-18 22:58:00 | INFO     | app.api.routes | POST /predict | farmer_id=5 phone='None' file='image.jpg' lat=None lng=None language='english' (resolved from 'en')
2026-08-18 22:58:00 | INFO     | app.services.prediction_service | ── Prediction Pipeline START (farmer_id=5 language=english) ──
2026-08-18 22:58:00 | INFO     | app.services.prediction_service | Step 1 ✓ Image type and size validated
2026-08-18 22:58:00 | INFO     | app.services.prediction_service | Step 1b ✓ Magic bytes and dimensions validated
2026-08-18 22:58:00 | INFO     | app.services.guardrail_service | Plant guardrail ✓ plant=65.4% variance=4247 edges=0.353
2026-08-18 22:58:00 | INFO     | app.services.prediction_service | Step 2 ✓ Plant/leaf content validated
2026-08-18 22:58:02 | INFO     | app.services.prediction_service | Step 3 ✓ Preprocessed → (1, 3, 224, 224)
2026-08-18 22:58:04 | INFO     | app.models.disease_classifier | Prediction → 'Banana - Bunchy Top Virus (BBTV)' confidence=1.0000 ✓
2026-08-18 22:58:04 | INFO     | app.services.prediction_service | Step 4 ✓ Disease='Banana - Bunchy Top Virus (BBTV)' Confidence=1.0000 is_confident=True is_banana=True
2026-08-18 22:58:04 | INFO     | app.models.severity_estimator | Disease 'Banana - Bunchy Top Virus (BBTV)' is always treated as High severity.
2026-08-18 22:58:04 | INFO     | app.services.prediction_service | Step 5 ✓ Severity=High
2026-08-18 22:58:04 | INFO     | app.services.advisory_service | ICAR KB matched keyword='bunchy' severity='High'
2026-08-18 22:58:04 | INFO     | app.services.advisory_service | ICAR KB advisory — disease='Banana - Bunchy Top Virus (BBTV)' severity='High'
2026-08-18 22:58:04 | INFO     | app.services.prediction_service | Step 6 ✓ Advisory generated (1453 chars) language='english'
2026-08-18 22:58:04 | INFO     | app.services.prediction_service | Resolving prediction location via farmer profile 'kollidam, mayiladuthurai, Tamil Nadu'...
2026-08-18 22:58:06 | INFO     | app.services.prediction_service | Prediction location resolved to lat=11.1019, lng=79.6503
2026-08-18 22:58:06 | INFO     | app.services.location_service | Returning 5 cached agriculture centres for (11.1019, 79.6503)
2026-08-18 22:58:06 | INFO     | app.services.prediction_service | Step 7 ✓ Found 5 nearby centres for lat=11.1019 lng=79.6503
2026-08-18 22:58:07 | INFO     | app.database.crud | Prediction saved → id=146 farmer_id=5 disease='Banana - Bunchy Top Virus (BBTV)'
2026-08-18 22:58:07 | INFO     | app.services.prediction_service | Step 8 ✓ Saved to database
2026-08-18 22:58:07 | INFO     | app.services.prediction_service | ── Pipeline COMPLETE → Banana - Bunchy Top Virus (BBTV) | High | 100.00% | lang=english ──
2026-08-18 23:04:35 | INFO     | app.main | AgroGuard-AI shutting down gracefully.
