2026-03-05 22:11:30 | INFO     | app.models.model_loader | Creating ModelLoader singleton (path=saved_models/agroguard_banana_resnet50.pth)
2026-03-05 22:11:31 | WARNING  | app.models.model_loader | Checkpoint not found at 'saved_models/agroguard_banana_resnet50.pth'. Using RANDOM weights — predictions will be unreliable until a trained model is placed at this path.
2026-03-05 22:11:39 | INFO     | app.main | ╔══════════════════════════════════════════════╗
2026-03-05 22:11:39 | INFO     | app.main | ║  AgroGuard-AI v1.1.0 (Production) STARTING  ║
2026-03-05 22:11:39 | INFO     | app.main | ╚══════════════════════════════════════════════╝
2026-03-05 22:11:39 | ERROR    | app.main | ✗ Database failed: password authentication failed for user "postgres"
2026-03-05 22:11:39 | WARNING  | app.main |   Continuing without DB — predictions will not be persisted.
2026-03-05 22:11:39 | INFO     | app.main | ✓ Banana disease model loaded and ready.
2026-03-05 22:11:39 | INFO     | app.main | ✓ AgroGuard-AI is ready to serve requests.
2026-03-05 22:14:03 | INFO     | app.main | AgroGuard-AI shutting down gracefully.
2026-03-05 22:14:20 | INFO     | app.models.model_loader | Creating ModelLoader singleton (path=saved_models/agroguard_banana_resnet50.pth)
2026-03-05 22:14:21 | WARNING  | app.models.model_loader | Checkpoint not found at 'saved_models/agroguard_banana_resnet50.pth'. Using RANDOM weights — predictions will be unreliable until a trained model is placed at this path.
2026-03-05 22:14:23 | INFO     | app.main | ╔══════════════════════════════════════════════╗
2026-03-05 22:14:23 | INFO     | app.main | ║  AgroGuard-AI v1.1.0 (Production) STARTING  ║
2026-03-05 22:14:23 | INFO     | app.main | ╚══════════════════════════════════════════════╝
2026-03-05 22:14:23 | INFO     | app.database.db | Database tables created / verified.
2026-03-05 22:14:23 | INFO     | app.main | ✓ Database tables ready.
2026-03-05 22:14:23 | INFO     | app.main | ✓ Banana disease model loaded and ready.
2026-03-05 22:14:23 | INFO     | app.main | ✓ AgroGuard-AI is ready to serve requests.
2026-03-05 22:16:00 | INFO     | app.main | AgroGuard-AI shutting down gracefully.
2026-03-05 22:16:06 | INFO     | app.models.model_loader | Creating ModelLoader singleton (path=saved_models/agroguard_banana_resnet50.pth)
2026-03-05 22:16:07 | WARNING  | app.models.model_loader | Checkpoint not found at 'saved_models/agroguard_banana_resnet50.pth'. Using RANDOM weights — predictions will be unreliable until a trained model is placed at this path.
2026-03-05 22:16:07 | INFO     | app.main | ╔══════════════════════════════════════════════╗
2026-03-05 22:16:07 | INFO     | app.main | ║  AgroGuard-AI v1.1.0 (Production) STARTING  ║
2026-03-05 22:16:07 | INFO     | app.main | ╚══════════════════════════════════════════════╝
2026-03-05 22:16:07 | INFO     | app.database.db | Database tables created / verified.
2026-03-05 22:16:07 | INFO     | app.main | ✓ Database tables ready.
2026-03-05 22:16:07 | INFO     | app.main | ✓ Banana disease model loaded and ready.
2026-03-05 22:16:07 | INFO     | app.main | ✓ AgroGuard-AI is ready to serve requests.
2026-03-05 22:17:00 | INFO     | app.api.routes | POST /predict | file='download.jpg' type='image/jpeg' lat=-90.0 lng=-180.0
2026-03-05 22:17:00 | INFO     | app.services.prediction_service | ── Prediction Pipeline START ──
2026-03-05 22:17:00 | INFO     | app.services.prediction_service | Step 1 ✓ Image validated
2026-03-05 22:17:00 | INFO     | app.services.prediction_service | Step 2 ✓ Preprocessed → (1, 3, 224, 224)
2026-03-05 22:17:03 | INFO     | app.models.disease_classifier | Prediction → 'Banana - Healthy' confidence=1.0000 ✓
2026-03-05 22:17:03 | INFO     | app.services.prediction_service | Step 3 ✓ Disease='Banana - Healthy' Confidence=1.0000 is_confident=True is_banana=True
2026-03-05 22:17:03 | INFO     | app.models.severity_estimator | Banana plant is healthy — no severity assigned.
2026-03-05 22:17:03 | INFO     | app.services.prediction_service | Step 4 ✓ Severity=None
2026-03-05 22:17:03 | INFO     | app.services.advisory_service | Advisory matched keyword='healthy' severity='None'
2026-03-05 22:17:03 | INFO     | app.services.prediction_service | Step 5 ✓ Advisory generated (562 chars)
2026-03-05 22:17:03 | INFO     | app.services.location_service | Nearest centre: Tirunelveli Horticulture Office (State Horticulture Office) — 10976.5 km away
2026-03-05 22:17:03 | INFO     | app.services.prediction_service | Step 6 ✓ Nearest centre: Tirunelveli Horticulture Office (State Horticulture Office) — 10976.5 km away
2026-03-05 22:17:03 | ERROR    | app.api.routes | Prediction error: (sqlalchemy.dialects.postgresql.asyncpg.ProgrammingError) <class 'asyncpg.exceptions.UndefinedColumnError'>: column "confidence_pct" of relation "predictions" does not exist
[SQL: INSERT INTO predictions (disease, confidence, confidence_pct, severity, advisory, is_confident, is_banana_image, rejection_reason, latitude, longitude, nearest_center, model_version, created_at) VALUES ($1::VARCHAR, $2::FLOAT, $3::VARCHAR, $4::VARCHAR, $5::VARCHAR, $6::BOOLEAN, $7::BOOLEAN, $8::VARCHAR, $9::FLOAT, $10::FLOAT, $11::VARCHAR, $12::VARCHAR, $13::TIMESTAMP WITH TIME ZONE) RETURNING predictions.id]
[parameters: ('Banana - Healthy', 1.0, '100.00%', 'None', '✅ Your banana plant appears HEALTHY!\n\nContinue good agricultural practices:\n1. Fertilisation: Apply NPK @ 200:60:300 g per plant per year in 4 spl ... (273 characters truncated) ... y to improve air circulation and reduce disease inoculum.\n5. Sucker management: Retain only one ratoon sucker per mat.\n\nSource: ICAR-NRCB, Trichy.', True, True, None, -90.0, -180.0, 'Tirunelveli Horticulture Office (State Horticulture Office) — 10976.5 km away', '1.1.0', datetime.datetime(2026, 3, 5, 16, 47, 3, 371358, tzinfo=datetime.timezone.utc))]
(Background on this error at: https://sqlalche.me/e/20/f405)
Traceback (most recent call last):
  File "D:\final-year project\backend\venv\Lib\site-packages\sqlalchemy\dialects\postgresql\asyncpg.py", line 514, in _prepare_and_execute
    prepared_stmt, attributes = await adapt_connection._prepare(
                                ^^^^^^^^^^^^^^^^^^^^^^^^^^^^^^^^
  File "D:\final-year project\backend\venv\Lib\site-packages\sqlalchemy\dialects\postgresql\asyncpg.py", line 760, in _prepare
    prepared_stmt = await self._connection.prepare(
                    ^^^^^^^^^^^^^^^^^^^^^^^^^^^^^^^
  File "D:\final-year project\backend\venv\Lib\site-packages\asyncpg\connection.py", line 636, in prepare
    return await self._prepare(
           ^^^^^^^^^^^^^^^^^^^^
  File "D:\final-year project\backend\venv\Lib\site-packages\asyncpg\connection.py", line 654, in _prepare
    stmt = await self._get_statement(
           ^^^^^^^^^^^^^^^^^^^^^^^^^^
  File "D:\final-year project\backend\venv\Lib\site-packages\asyncpg\connection.py", line 433, in _get_statement
    statement = await self._protocol.prepare(
                ^^^^^^^^^^^^^^^^^^^^^^^^^^^^^
  File "asyncpg\protocol\protocol.pyx", line 166, in prepare
asyncpg.exceptions.UndefinedColumnError: column "confidence_pct" of relation "predictions" does not exist

The above exception was the direct cause of the following exception:

Traceback (most recent call last):
  File "D:\final-year project\backend\venv\Lib\site-packages\sqlalchemy\engine\base.py", line 1967, in _exec_single_context
    self.dialect.do_execute(
  File "D:\final-year project\backend\venv\Lib\site-packages\sqlalchemy\engine\default.py", line 941, in do_execute
    cursor.execute(statement, parameters)
  File "D:\final-year project\backend\venv\Lib\site-packages\sqlalchemy\dialects\postgresql\asyncpg.py", line 572, in execute
    self._adapt_connection.await_(
  File "D:\final-year project\backend\venv\Lib\site-packages\sqlalchemy\util\_concurrency_py3k.py", line 132, in await_only
    return current.parent.switch(awaitable)  # type: ignore[no-any-return,attr-defined] # noqa: E501
           ^^^^^^^^^^^^^^^^^^^^^^^^^^^^^^^^
  File "D:\final-year project\backend\venv\Lib\site-packages\sqlalchemy\util\_concurrency_py3k.py", line 196, in greenlet_spawn
    value = await result
            ^^^^^^^^^^^^
  File "D:\final-year project\backend\venv\Lib\site-packages\sqlalchemy\dialects\postgresql\asyncpg.py", line 550, in _prepare_and_execute
    self._handle_exception(error)
  File "D:\final-year project\backend\venv\Lib\site-packages\sqlalchemy\dialects\postgresql\asyncpg.py", line 501, in _handle_exception
    self._adapt_connection._handle_exception(error)
  File "D:\final-year project\backend\venv\Lib\site-packages\sqlalchemy\dialects\postgresql\asyncpg.py", line 784, in _handle_exception
    raise translated_error from error
sqlalchemy.dialects.postgresql.asyncpg.AsyncAdapt_asyncpg_dbapi.ProgrammingError: <class 'asyncpg.exceptions.UndefinedColumnError'>: column "confidence_pct" of relation "predictions" does not exist

The above exception was the direct cause of the following exception:

Traceback (most recent call last):
  File "D:\final-year project\backend\app\api\routes.py", line 59, in predict_banana_disease
    return await _prediction_service.predict(
           ^^^^^^^^^^^^^^^^^^^^^^^^^^^^^^^^^^
  File "D:\final-year project\backend\app\services\prediction_service.py", line 90, in predict
    await create_prediction(
  File "D:\final-year project\backend\app\database\crud.py", line 44, in create_prediction
    await db.commit()
  File "D:\final-year project\backend\venv\Lib\site-packages\sqlalchemy\ext\asyncio\session.py", line 1009, in commit
    await greenlet_spawn(self.sync_session.commit)
  File "D:\final-year project\backend\venv\Lib\site-packages\sqlalchemy\util\_concurrency_py3k.py", line 203, in greenlet_spawn
    result = context.switch(value)
             ^^^^^^^^^^^^^^^^^^^^^
  File "D:\final-year project\backend\venv\Lib\site-packages\sqlalchemy\orm\session.py", line 2028, in commit
    trans.commit(_to_root=True)
  File "<string>", line 2, in commit
  File "D:\final-year project\backend\venv\Lib\site-packages\sqlalchemy\orm\state_changes.py", line 139, in _go
    ret_value = fn(self, *arg, **kw)
                ^^^^^^^^^^^^^^^^^^^^
  File "D:\final-year project\backend\venv\Lib\site-packages\sqlalchemy\orm\session.py", line 1313, in commit
    self._prepare_impl()
  File "<string>", line 2, in _prepare_impl
  File "D:\final-year project\backend\venv\Lib\site-packages\sqlalchemy\orm\state_changes.py", line 139, in _go
    ret_value = fn(self, *arg, **kw)
                ^^^^^^^^^^^^^^^^^^^^
  File "D:\final-year project\backend\venv\Lib\site-packages\sqlalchemy\orm\session.py", line 1288, in _prepare_impl
    self.session.flush()
  File "D:\final-year project\backend\venv\Lib\site-packages\sqlalchemy\orm\session.py", line 4352, in flush
    self._flush(objects)
  File "D:\final-year project\backend\venv\Lib\site-packages\sqlalchemy\orm\session.py", line 4487, in _flush
    with util.safe_reraise():
  File "D:\final-year project\backend\venv\Lib\site-packages\sqlalchemy\util\langhelpers.py", line 146, in __exit__
    raise exc_value.with_traceback(exc_tb)
  File "D:\final-year project\backend\venv\Lib\site-packages\sqlalchemy\orm\session.py", line 4448, in _flush
    flush_context.execute()
  File "D:\final-year project\backend\venv\Lib\site-packages\sqlalchemy\orm\unitofwork.py", line 466, in execute
    rec.execute(self)
  File "D:\final-year project\backend\venv\Lib\site-packages\sqlalchemy\orm\unitofwork.py", line 642, in execute
    util.preloaded.orm_persistence.save_obj(
  File "D:\final-year project\backend\venv\Lib\site-packages\sqlalchemy\orm\persistence.py", line 93, in save_obj
    _emit_insert_statements(
  File "D:\final-year project\backend\venv\Lib\site-packages\sqlalchemy\orm\persistence.py", line 1233, in _emit_insert_statements
    result = connection.execute(
             ^^^^^^^^^^^^^^^^^^^
  File "D:\final-year project\backend\venv\Lib\site-packages\sqlalchemy\engine\base.py", line 1418, in execute
    return meth(
           ^^^^^
  File "D:\final-year project\backend\venv\Lib\site-packages\sqlalchemy\sql\elements.py", line 515, in _execute_on_connection
    return connection._execute_clauseelement(
           ^^^^^^^^^^^^^^^^^^^^^^^^^^^^^^^^^^
  File "D:\final-year project\backend\venv\Lib\site-packages\sqlalchemy\engine\base.py", line 1640, in _execute_clauseelement
    ret = self._execute_context(
          ^^^^^^^^^^^^^^^^^^^^^^
  File "D:\final-year project\backend\venv\Lib\site-packages\sqlalchemy\engine\base.py", line 1846, in _execute_context
    return self._exec_single_context(
           ^^^^^^^^^^^^^^^^^^^^^^^^^^
  File "D:\final-year project\backend\venv\Lib\site-packages\sqlalchemy\engine\base.py", line 1986, in _exec_single_context
    self._handle_dbapi_exception(
  File "D:\final-year project\backend\venv\Lib\site-packages\sqlalchemy\engine\base.py", line 2355, in _handle_dbapi_exception
    raise sqlalchemy_exception.with_traceback(exc_info[2]) from e
  File "D:\final-year project\backend\venv\Lib\site-packages\sqlalchemy\engine\base.py", line 1967, in _exec_single_context
    self.dialect.do_execute(
  File "D:\final-year project\backend\venv\Lib\site-packages\sqlalchemy\engine\default.py", line 941, in do_execute
    cursor.execute(statement, parameters)
  File "D:\final-year project\backend\venv\Lib\site-packages\sqlalchemy\dialects\postgresql\asyncpg.py", line 572, in execute
    self._adapt_connection.await_(
  File "D:\final-year project\backend\venv\Lib\site-packages\sqlalchemy\util\_concurrency_py3k.py", line 132, in await_only
    return current.parent.switch(awaitable)  # type: ignore[no-any-return,attr-defined] # noqa: E501
           ^^^^^^^^^^^^^^^^^^^^^^^^^^^^^^^^
  File "D:\final-year project\backend\venv\Lib\site-packages\sqlalchemy\util\_concurrency_py3k.py", line 196, in greenlet_spawn
    value = await result
            ^^^^^^^^^^^^
  File "D:\final-year project\backend\venv\Lib\site-packages\sqlalchemy\dialects\postgresql\asyncpg.py", line 550, in _prepare_and_execute
    self._handle_exception(error)
  File "D:\final-year project\backend\venv\Lib\site-packages\sqlalchemy\dialects\postgresql\asyncpg.py", line 501, in _handle_exception
    self._adapt_connection._handle_exception(error)
  File "D:\final-year project\backend\venv\Lib\site-packages\sqlalchemy\dialects\postgresql\asyncpg.py", line 784, in _handle_exception
    raise translated_error from error
sqlalchemy.exc.ProgrammingError: (sqlalchemy.dialects.postgresql.asyncpg.ProgrammingError) <class 'asyncpg.exceptions.UndefinedColumnError'>: column "confidence_pct" of relation "predictions" does not exist
[SQL: INSERT INTO predictions (disease, confidence, confidence_pct, severity, advisory, is_confident, is_banana_image, rejection_reason, latitude, longitude, nearest_center, model_version, created_at) VALUES ($1::VARCHAR, $2::FLOAT, $3::VARCHAR, $4::VARCHAR, $5::VARCHAR, $6::BOOLEAN, $7::BOOLEAN, $8::VARCHAR, $9::FLOAT, $10::FLOAT, $11::VARCHAR, $12::VARCHAR, $13::TIMESTAMP WITH TIME ZONE) RETURNING predictions.id]
[parameters: ('Banana - Healthy', 1.0, '100.00%', 'None', '✅ Your banana plant appears HEALTHY!\n\nContinue good agricultural practices:\n1. Fertilisation: Apply NPK @ 200:60:300 g per plant per year in 4 spl ... (273 characters truncated) ... y to improve air circulation and reduce disease inoculum.\n5. Sucker management: Retain only one ratoon sucker per mat.\n\nSource: ICAR-NRCB, Trichy.', True, True, None, -90.0, -180.0, 'Tirunelveli Horticulture Office (State Horticulture Office) — 10976.5 km away', '1.1.0', datetime.datetime(2026, 3, 5, 16, 47, 3, 371358, tzinfo=datetime.timezone.utc))]
(Background on this error at: https://sqlalche.me/e/20/f405)
2026-03-05 22:17:12 | INFO     | app.api.routes | POST /predict | file='download.jpg' type='image/jpeg' lat=-90.0 lng=-180.0
2026-03-05 22:17:12 | INFO     | app.services.prediction_service | ── Prediction Pipeline START ──
2026-03-05 22:17:12 | INFO     | app.services.prediction_service | Step 1 ✓ Image validated
2026-03-05 22:17:12 | INFO     | app.services.prediction_service | Step 2 ✓ Preprocessed → (1, 3, 224, 224)
2026-03-05 22:17:12 | INFO     | app.models.disease_classifier | Prediction → 'Banana - Healthy' confidence=1.0000 ✓
2026-03-05 22:17:12 | INFO     | app.services.prediction_service | Step 3 ✓ Disease='Banana - Healthy' Confidence=1.0000 is_confident=True is_banana=True
2026-03-05 22:17:12 | INFO     | app.models.severity_estimator | Banana plant is healthy — no severity assigned.
2026-03-05 22:17:12 | INFO     | app.services.prediction_service | Step 4 ✓ Severity=None
2026-03-05 22:17:12 | INFO     | app.services.advisory_service | Advisory matched keyword='healthy' severity='None'
2026-03-05 22:17:12 | INFO     | app.services.prediction_service | Step 5 ✓ Advisory generated (562 chars)
2026-03-05 22:17:12 | INFO     | app.services.location_service | Nearest centre: Tirunelveli Horticulture Office (State Horticulture Office) — 10976.5 km away
2026-03-05 22:17:12 | INFO     | app.services.prediction_service | Step 6 ✓ Nearest centre: Tirunelveli Horticulture Office (State Horticulture Office) — 10976.5 km away
2026-03-05 22:17:12 | ERROR    | app.api.routes | Prediction error: (sqlalchemy.dialects.postgresql.asyncpg.ProgrammingError) <class 'asyncpg.exceptions.UndefinedColumnError'>: column "confidence_pct" of relation "predictions" does not exist
[SQL: INSERT INTO predictions (disease, confidence, confidence_pct, severity, advisory, is_confident, is_banana_image, rejection_reason, latitude, longitude, nearest_center, model_version, created_at) VALUES ($1::VARCHAR, $2::FLOAT, $3::VARCHAR, $4::VARCHAR, $5::VARCHAR, $6::BOOLEAN, $7::BOOLEAN, $8::VARCHAR, $9::FLOAT, $10::FLOAT, $11::VARCHAR, $12::VARCHAR, $13::TIMESTAMP WITH TIME ZONE) RETURNING predictions.id]
[parameters: ('Banana - Healthy', 1.0, '100.00%', 'None', '✅ Your banana plant appears HEALTHY!\n\nContinue good agricultural practices:\n1. Fertilisation: Apply NPK @ 200:60:300 g per plant per year in 4 spl ... (273 characters truncated) ... y to improve air circulation and reduce disease inoculum.\n5. Sucker management: Retain only one ratoon sucker per mat.\n\nSource: ICAR-NRCB, Trichy.', True, True, None, -90.0, -180.0, 'Tirunelveli Horticulture Office (State Horticulture Office) — 10976.5 km away', '1.1.0', datetime.datetime(2026, 3, 5, 16, 47, 12, 858332, tzinfo=datetime.timezone.utc))]
(Background on this error at: https://sqlalche.me/e/20/f405)
Traceback (most recent call last):
  File "D:\final-year project\backend\venv\Lib\site-packages\sqlalchemy\dialects\postgresql\asyncpg.py", line 514, in _prepare_and_execute
    prepared_stmt, attributes = await adapt_connection._prepare(
                                ^^^^^^^^^^^^^^^^^^^^^^^^^^^^^^^^
  File "D:\final-year project\backend\venv\Lib\site-packages\sqlalchemy\dialects\postgresql\asyncpg.py", line 760, in _prepare
    prepared_stmt = await self._connection.prepare(
                    ^^^^^^^^^^^^^^^^^^^^^^^^^^^^^^^
  File "D:\final-year project\backend\venv\Lib\site-packages\asyncpg\connection.py", line 636, in prepare
    return await self._prepare(
           ^^^^^^^^^^^^^^^^^^^^
  File "D:\final-year project\backend\venv\Lib\site-packages\asyncpg\connection.py", line 654, in _prepare
    stmt = await self._get_statement(
           ^^^^^^^^^^^^^^^^^^^^^^^^^^
  File "D:\final-year project\backend\venv\Lib\site-packages\asyncpg\connection.py", line 433, in _get_statement
    statement = await self._protocol.prepare(
                ^^^^^^^^^^^^^^^^^^^^^^^^^^^^^
  File "asyncpg\protocol\protocol.pyx", line 166, in prepare
asyncpg.exceptions.UndefinedColumnError: column "confidence_pct" of relation "predictions" does not exist

The above exception was the direct cause of the following exception:

Traceback (most recent call last):
  File "D:\final-year project\backend\venv\Lib\site-packages\sqlalchemy\engine\base.py", line 1967, in _exec_single_context
    self.dialect.do_execute(
  File "D:\final-year project\backend\venv\Lib\site-packages\sqlalchemy\engine\default.py", line 941, in do_execute
    cursor.execute(statement, parameters)
  File "D:\final-year project\backend\venv\Lib\site-packages\sqlalchemy\dialects\postgresql\asyncpg.py", line 572, in execute
    self._adapt_connection.await_(
  File "D:\final-year project\backend\venv\Lib\site-packages\sqlalchemy\util\_concurrency_py3k.py", line 132, in await_only
    return current.parent.switch(awaitable)  # type: ignore[no-any-return,attr-defined] # noqa: E501
           ^^^^^^^^^^^^^^^^^^^^^^^^^^^^^^^^
  File "D:\final-year project\backend\venv\Lib\site-packages\sqlalchemy\util\_concurrency_py3k.py", line 196, in greenlet_spawn
    value = await result
            ^^^^^^^^^^^^
  File "D:\final-year project\backend\venv\Lib\site-packages\sqlalchemy\dialects\postgresql\asyncpg.py", line 550, in _prepare_and_execute
    self._handle_exception(error)
  File "D:\final-year project\backend\venv\Lib\site-packages\sqlalchemy\dialects\postgresql\asyncpg.py", line 501, in _handle_exception
    self._adapt_connection._handle_exception(error)
  File "D:\final-year project\backend\venv\Lib\site-packages\sqlalchemy\dialects\postgresql\asyncpg.py", line 784, in _handle_exception
    raise translated_error from error
sqlalchemy.dialects.postgresql.asyncpg.AsyncAdapt_asyncpg_dbapi.ProgrammingError: <class 'asyncpg.exceptions.UndefinedColumnError'>: column "confidence_pct" of relation "predictions" does not exist

The above exception was the direct cause of the following exception:

Traceback (most recent call last):
  File "D:\final-year project\backend\app\api\routes.py", line 59, in predict_banana_disease
    return await _prediction_service.predict(
           ^^^^^^^^^^^^^^^^^^^^^^^^^^^^^^^^^^
  File "D:\final-year project\backend\app\services\prediction_service.py", line 90, in predict
    await create_prediction(
  File "D:\final-year project\backend\app\database\crud.py", line 44, in create_prediction
    await db.commit()
  File "D:\final-year project\backend\venv\Lib\site-packages\sqlalchemy\ext\asyncio\session.py", line 1009, in commit
    await greenlet_spawn(self.sync_session.commit)
  File "D:\final-year project\backend\venv\Lib\site-packages\sqlalchemy\util\_concurrency_py3k.py", line 203, in greenlet_spawn
    result = context.switch(value)
             ^^^^^^^^^^^^^^^^^^^^^
  File "D:\final-year project\backend\venv\Lib\site-packages\sqlalchemy\orm\session.py", line 2028, in commit
    trans.commit(_to_root=True)
  File "<string>", line 2, in commit
  File "D:\final-year project\backend\venv\Lib\site-packages\sqlalchemy\orm\state_changes.py", line 139, in _go
    ret_value = fn(self, *arg, **kw)
                ^^^^^^^^^^^^^^^^^^^^
  File "D:\final-year project\backend\venv\Lib\site-packages\sqlalchemy\orm\session.py", line 1313, in commit
    self._prepare_impl()
  File "<string>", line 2, in _prepare_impl
  File "D:\final-year project\backend\venv\Lib\site-packages\sqlalchemy\orm\state_changes.py", line 139, in _go
    ret_value = fn(self, *arg, **kw)
                ^^^^^^^^^^^^^^^^^^^^
  File "D:\final-year project\backend\venv\Lib\site-packages\sqlalchemy\orm\session.py", line 1288, in _prepare_impl
    self.session.flush()
  File "D:\final-year project\backend\venv\Lib\site-packages\sqlalchemy\orm\session.py", line 4352, in flush
    self._flush(objects)
  File "D:\final-year project\backend\venv\Lib\site-packages\sqlalchemy\orm\session.py", line 4487, in _flush
    with util.safe_reraise():
  File "D:\final-year project\backend\venv\Lib\site-packages\sqlalchemy\util\langhelpers.py", line 146, in __exit__
    raise exc_value.with_traceback(exc_tb)
  File "D:\final-year project\backend\venv\Lib\site-packages\sqlalchemy\orm\session.py", line 4448, in _flush
    flush_context.execute()
  File "D:\final-year project\backend\venv\Lib\site-packages\sqlalchemy\orm\unitofwork.py", line 466, in execute
    rec.execute(self)
  File "D:\final-year project\backend\venv\Lib\site-packages\sqlalchemy\orm\unitofwork.py", line 642, in execute
    util.preloaded.orm_persistence.save_obj(
  File "D:\final-year project\backend\venv\Lib\site-packages\sqlalchemy\orm\persistence.py", line 93, in save_obj
    _emit_insert_statements(
  File "D:\final-year project\backend\venv\Lib\site-packages\sqlalchemy\orm\persistence.py", line 1233, in _emit_insert_statements
    result = connection.execute(
             ^^^^^^^^^^^^^^^^^^^
  File "D:\final-year project\backend\venv\Lib\site-packages\sqlalchemy\engine\base.py", line 1418, in execute
    return meth(
           ^^^^^
  File "D:\final-year project\backend\venv\Lib\site-packages\sqlalchemy\sql\elements.py", line 515, in _execute_on_connection
    return connection._execute_clauseelement(
           ^^^^^^^^^^^^^^^^^^^^^^^^^^^^^^^^^^
  File "D:\final-year project\backend\venv\Lib\site-packages\sqlalchemy\engine\base.py", line 1640, in _execute_clauseelement
    ret = self._execute_context(
          ^^^^^^^^^^^^^^^^^^^^^^
  File "D:\final-year project\backend\venv\Lib\site-packages\sqlalchemy\engine\base.py", line 1846, in _execute_context
    return self._exec_single_context(
           ^^^^^^^^^^^^^^^^^^^^^^^^^^
  File "D:\final-year project\backend\venv\Lib\site-packages\sqlalchemy\engine\base.py", line 1986, in _exec_single_context
    self._handle_dbapi_exception(
  File "D:\final-year project\backend\venv\Lib\site-packages\sqlalchemy\engine\base.py", line 2355, in _handle_dbapi_exception
    raise sqlalchemy_exception.with_traceback(exc_info[2]) from e
  File "D:\final-year project\backend\venv\Lib\site-packages\sqlalchemy\engine\base.py", line 1967, in _exec_single_context
    self.dialect.do_execute(
  File "D:\final-year project\backend\venv\Lib\site-packages\sqlalchemy\engine\default.py", line 941, in do_execute
    cursor.execute(statement, parameters)
  File "D:\final-year project\backend\venv\Lib\site-packages\sqlalchemy\dialects\postgresql\asyncpg.py", line 572, in execute
    self._adapt_connection.await_(
  File "D:\final-year project\backend\venv\Lib\site-packages\sqlalchemy\util\_concurrency_py3k.py", line 132, in await_only
    return current.parent.switch(awaitable)  # type: ignore[no-any-return,attr-defined] # noqa: E501
           ^^^^^^^^^^^^^^^^^^^^^^^^^^^^^^^^
  File "D:\final-year project\backend\venv\Lib\site-packages\sqlalchemy\util\_concurrency_py3k.py", line 196, in greenlet_spawn
    value = await result
            ^^^^^^^^^^^^
  File "D:\final-year project\backend\venv\Lib\site-packages\sqlalchemy\dialects\postgresql\asyncpg.py", line 550, in _prepare_and_execute
    self._handle_exception(error)
  File "D:\final-year project\backend\venv\Lib\site-packages\sqlalchemy\dialects\postgresql\asyncpg.py", line 501, in _handle_exception
    self._adapt_connection._handle_exception(error)
  File "D:\final-year project\backend\venv\Lib\site-packages\sqlalchemy\dialects\postgresql\asyncpg.py", line 784, in _handle_exception
    raise translated_error from error
sqlalchemy.exc.ProgrammingError: (sqlalchemy.dialects.postgresql.asyncpg.ProgrammingError) <class 'asyncpg.exceptions.UndefinedColumnError'>: column "confidence_pct" of relation "predictions" does not exist
[SQL: INSERT INTO predictions (disease, confidence, confidence_pct, severity, advisory, is_confident, is_banana_image, rejection_reason, latitude, longitude, nearest_center, model_version, created_at) VALUES ($1::VARCHAR, $2::FLOAT, $3::VARCHAR, $4::VARCHAR, $5::VARCHAR, $6::BOOLEAN, $7::BOOLEAN, $8::VARCHAR, $9::FLOAT, $10::FLOAT, $11::VARCHAR, $12::VARCHAR, $13::TIMESTAMP WITH TIME ZONE) RETURNING predictions.id]
[parameters: ('Banana - Healthy', 1.0, '100.00%', 'None', '✅ Your banana plant appears HEALTHY!\n\nContinue good agricultural practices:\n1. Fertilisation: Apply NPK @ 200:60:300 g per plant per year in 4 spl ... (273 characters truncated) ... y to improve air circulation and reduce disease inoculum.\n5. Sucker management: Retain only one ratoon sucker per mat.\n\nSource: ICAR-NRCB, Trichy.', True, True, None, -90.0, -180.0, 'Tirunelveli Horticulture Office (State Horticulture Office) — 10976.5 km away', '1.1.0', datetime.datetime(2026, 3, 5, 16, 47, 12, 858332, tzinfo=datetime.timezone.utc))]
(Background on this error at: https://sqlalche.me/e/20/f405)
2026-03-05 22:21:39 | INFO     | app.main | AgroGuard-AI shutting down gracefully.
2026-03-05 22:23:10 | INFO     | app.models.model_loader | Creating ModelLoader singleton (path=saved_models/agroguard_banana_resnet50.pth)
2026-03-05 22:23:11 | WARNING  | app.models.model_loader | Checkpoint not found at 'saved_models/agroguard_banana_resnet50.pth'. Using RANDOM weights — predictions will be unreliable until a trained model is placed at this path.
2026-03-05 22:23:11 | INFO     | app.main | ╔══════════════════════════════════════════════╗
2026-03-05 22:23:11 | INFO     | app.main | ║  AgroGuard-AI v1.1.0 (Production) STARTING  ║
2026-03-05 22:23:11 | INFO     | app.main | ╚══════════════════════════════════════════════╝
2026-03-05 22:23:11 | INFO     | app.database.db | Database tables created / verified.
2026-03-05 22:23:11 | INFO     | app.main | ✓ Database tables ready.
2026-03-05 22:23:11 | INFO     | app.main | ✓ Banana disease model loaded and ready.
2026-03-05 22:23:11 | INFO     | app.main | ✓ AgroGuard-AI is ready to serve requests.
2026-03-05 22:24:20 | INFO     | app.api.speech | POST /speech/transcribe | file='FLN Vo (1).mp3' lang='hi'
2026-03-05 22:24:20 | INFO     | app.services.speech_service | Whisper transcription started | lang_hint='hi' | size=1117040 bytes
2026-03-05 22:24:20 | INFO     | app.services.speech_service | Loading Whisper medium model... (first run downloads ~1.5 GB — please wait)
2026-03-06 12:40:33 | INFO     | app.models.model_loader | Creating ModelLoader singleton (path=saved_models/agroguard_banana_resnet50.pth)
2026-03-06 12:40:33 | WARNING  | app.models.model_loader | Checkpoint not found at 'saved_models/agroguard_banana_resnet50.pth'. Using RANDOM weights — predictions will be unreliable until a trained model is placed at this path.
2026-03-06 12:40:37 | INFO     | app.main | ╔══════════════════════════════════════════════╗
2026-03-06 12:40:37 | INFO     | app.main | ║  AgroGuard-AI v1.1.0 (Production) STARTING  ║
2026-03-06 12:40:37 | INFO     | app.main | ╚══════════════════════════════════════════════╝
2026-03-06 12:40:37 | INFO     | app.database.db | Database tables created / verified.
2026-03-06 12:40:37 | INFO     | app.main | ✓ Database tables ready.
2026-03-06 12:40:37 | INFO     | app.main | ✓ Banana disease model loaded and ready.
2026-03-06 12:40:37 | INFO     | app.main | ✓ AgroGuard-AI is ready to serve requests.
2026-03-06 12:41:10 | INFO     | app.api.speech | POST /speech/transcribe | file='FLN Vo (1).mp3' lang='hi'
2026-03-06 12:41:10 | INFO     | app.services.speech_service | Whisper transcription started | lang_hint='hi' | size=1117040 bytes
2026-03-06 12:41:10 | INFO     | app.services.speech_service | Loading Whisper medium model... (first run downloads ~1.5 GB — please wait)
2026-03-06 12:46:11 | INFO     | app.services.speech_service | ✓ Whisper medium model loaded successfully.
2026-03-06 12:46:11 | ERROR    | app.services.speech_service | Whisper transcription failed: [WinError 2] The system cannot find the file specified
Traceback (most recent call last):
  File "D:\final-year project\backend\app\services\speech_service.py", line 236, in transcribe_audio
    result = model.transcribe(
             ^^^^^^^^^^^^^^^^^
  File "D:\final-year project\backend\venv\Lib\site-packages\whisper\transcribe.py", line 139, in transcribe
    mel = log_mel_spectrogram(audio, model.dims.n_mels, padding=N_SAMPLES)
          ^^^^^^^^^^^^^^^^^^^^^^^^^^^^^^^^^^^^^^^^^^^^^^^^^^^^^^^^^^^^^^^^
  File "D:\final-year project\backend\venv\Lib\site-packages\whisper\audio.py", line 140, in log_mel_spectrogram
    audio = load_audio(audio)
            ^^^^^^^^^^^^^^^^^
  File "D:\final-year project\backend\venv\Lib\site-packages\whisper\audio.py", line 58, in load_audio
    out = run(cmd, capture_output=True, check=True).stdout
          ^^^^^^^^^^^^^^^^^^^^^^^^^^^^^^^^^^^^^^^^^
  File "C:\Users\ragul\AppData\Local\Programs\Python\Python311\Lib\subprocess.py", line 548, in run
    with Popen(*popenargs, **kwargs) as process:
         ^^^^^^^^^^^^^^^^^^^^^^^^^^^
  File "C:\Users\ragul\AppData\Local\Programs\Python\Python311\Lib\subprocess.py", line 1026, in __init__
    self._execute_child(args, executable, preexec_fn, close_fds,
  File "C:\Users\ragul\AppData\Local\Programs\Python\Python311\Lib\subprocess.py", line 1538, in _execute_child
    hp, ht, pid, tid = _winapi.CreateProcess(executable, args,
                       ^^^^^^^^^^^^^^^^^^^^^^^^^^^^^^^^^^^^^^^
FileNotFoundError: [WinError 2] The system cannot find the file specified
2026-03-06 12:46:11 | ERROR    | app.api.speech | Whisper error: Audio transcription failed: [WinError 2] The system cannot find the file specified
2026-03-06 12:48:22 | INFO     | app.main | AgroGuard-AI shutting down gracefully.
2026-03-06 12:48:47 | INFO     | app.models.model_loader | Creating ModelLoader singleton (path=saved_models/agroguard_banana_resnet50.pth)
2026-03-06 12:48:47 | WARNING  | app.models.model_loader | Checkpoint not found at 'saved_models/agroguard_banana_resnet50.pth'. Using RANDOM weights — predictions will be unreliable until a trained model is placed at this path.
2026-03-06 12:48:49 | INFO     | app.main | ╔══════════════════════════════════════════════╗
2026-03-06 12:48:49 | INFO     | app.main | ║  AgroGuard-AI v1.1.0 (Production) STARTING  ║
2026-03-06 12:48:49 | INFO     | app.main | ╚══════════════════════════════════════════════╝
2026-03-06 12:48:49 | INFO     | app.database.db | Database tables created / verified.
2026-03-06 12:48:49 | INFO     | app.main | ✓ Database tables ready.
2026-03-06 12:48:49 | INFO     | app.main | ✓ Banana disease model loaded and ready.
2026-03-06 12:48:49 | INFO     | app.main | ✓ AgroGuard-AI is ready to serve requests.
2026-03-06 12:49:12 | INFO     | app.api.speech | POST /speech/transcribe | file='FLN Vo (1).mp3' lang='hi'
2026-03-06 12:49:12 | INFO     | app.services.speech_service | Whisper transcription started | lang_hint='hi' | size=1117040 bytes
2026-03-06 12:49:12 | INFO     | app.services.speech_service | Loading Whisper medium model... (first run downloads ~1.5 GB — please wait)
2026-03-06 12:49:28 | INFO     | app.services.speech_service | ✓ Whisper medium model loaded successfully.
2026-03-06 12:49:28 | ERROR    | app.services.speech_service | Whisper transcription failed: [WinError 2] The system cannot find the file specified
Traceback (most recent call last):
  File "D:\final-year project\backend\app\services\speech_service.py", line 236, in transcribe_audio
    result = model.transcribe(
             ^^^^^^^^^^^^^^^^^
  File "D:\final-year project\backend\venv\Lib\site-packages\whisper\transcribe.py", line 139, in transcribe
    mel = log_mel_spectrogram(audio, model.dims.n_mels, padding=N_SAMPLES)
          ^^^^^^^^^^^^^^^^^^^^^^^^^^^^^^^^^^^^^^^^^^^^^^^^^^^^^^^^^^^^^^^^
  File "D:\final-year project\backend\venv\Lib\site-packages\whisper\audio.py", line 140, in log_mel_spectrogram
    audio = load_audio(audio)
            ^^^^^^^^^^^^^^^^^
  File "D:\final-year project\backend\venv\Lib\site-packages\whisper\audio.py", line 58, in load_audio
    out = run(cmd, capture_output=True, check=True).stdout
          ^^^^^^^^^^^^^^^^^^^^^^^^^^^^^^^^^^^^^^^^^
  File "C:\Users\ragul\AppData\Local\Programs\Python\Python311\Lib\subprocess.py", line 548, in run
    with Popen(*popenargs, **kwargs) as process:
         ^^^^^^^^^^^^^^^^^^^^^^^^^^^
  File "C:\Users\ragul\AppData\Local\Programs\Python\Python311\Lib\subprocess.py", line 1026, in __init__
    self._execute_child(args, executable, preexec_fn, close_fds,
  File "C:\Users\ragul\AppData\Local\Programs\Python\Python311\Lib\subprocess.py", line 1538, in _execute_child
    hp, ht, pid, tid = _winapi.CreateProcess(executable, args,
                       ^^^^^^^^^^^^^^^^^^^^^^^^^^^^^^^^^^^^^^^
FileNotFoundError: [WinError 2] The system cannot find the file specified
2026-03-06 12:49:28 | ERROR    | app.api.speech | Whisper error: Audio transcription failed: [WinError 2] The system cannot find the file specified
2026-03-06 12:52:24 | INFO     | app.models.model_loader | Creating ModelLoader singleton (path=saved_models/agroguard_banana_resnet50.pth)
2026-03-06 12:52:25 | WARNING  | app.models.model_loader | Checkpoint not found at 'saved_models/agroguard_banana_resnet50.pth'. Using RANDOM weights — predictions will be unreliable until a trained model is placed at this path.
2026-03-06 12:52:26 | INFO     | app.main | ╔══════════════════════════════════════════════╗
2026-03-06 12:52:26 | INFO     | app.main | ║  AgroGuard-AI v1.1.0 (Production) STARTING  ║
2026-03-06 12:52:26 | INFO     | app.main | ╚══════════════════════════════════════════════╝
2026-03-06 12:52:27 | INFO     | app.database.db | Database tables created / verified.
2026-03-06 12:52:27 | INFO     | app.main | ✓ Database tables ready.
2026-03-06 12:52:27 | INFO     | app.main | ✓ Banana disease model loaded and ready.
2026-03-06 12:52:27 | INFO     | app.main | ✓ AgroGuard-AI is ready to serve requests.
2026-03-06 12:53:13 | INFO     | app.api.speech | POST /speech/transcribe | file='FLN Vo (1).mp3' lang='hi'
2026-03-06 12:53:13 | INFO     | app.services.speech_service | Whisper transcription started | lang_hint='hi' | size=1117040 bytes
2026-03-06 12:53:13 | INFO     | app.services.speech_service | Loading Whisper medium model... (first run downloads ~1.5 GB — please wait)
2026-03-06 12:53:31 | INFO     | app.services.speech_service | ✓ Whisper medium model loaded successfully.
2026-03-06 12:56:42 | INFO     | app.services.speech_service | Whisper complete | detected_lang='hi' | text='हम इस प्रस्तुती में, FLN मिशन पर बात करेंगे. इसे foundational literacy and numer'
2026-03-06 12:57:16 | INFO     | app.api.speech | POST /speech/transcribe | file='FLN Vo (1).mp3' lang='ta'
2026-03-06 12:57:16 | INFO     | app.services.speech_service | Whisper transcription started | lang_hint='ta' | size=1117040 bytes
2026-03-06 13:03:43 | INFO     | app.services.speech_service | Whisper complete | detected_lang='ta' | text='ین் முந்த மூல் பூத் individuals who sufficient strength affecting children Самந்'
2026-03-06 13:05:15 | INFO     | app.api.speech | POST /speech/transcribe | file='FLN Vo (1).mp3' lang='en'
2026-03-06 13:05:15 | INFO     | app.services.speech_service | Whisper transcription started | lang_hint='en' | size=1117040 bytes
2026-03-06 13:06:07 | INFO     | app.services.speech_service | Whisper complete | detected_lang='en' | text='In this presentation, we will talk about the FLN mission. It is called Foundatio'
2026-03-06 13:08:24 | INFO     | app.api.routes | POST /predict | file='Image_21.jpg' type='image/jpeg' lat=-90.0 lng=-180.0
2026-03-06 13:08:24 | INFO     | app.services.prediction_service | ── Prediction Pipeline START ──
2026-03-06 13:08:24 | INFO     | app.services.prediction_service | Step 1 ✓ Image validated
2026-03-06 13:08:24 | INFO     | app.services.prediction_service | Step 2 ✓ Preprocessed → (1, 3, 224, 224)
2026-03-06 13:08:24 | INFO     | app.models.disease_classifier | Prediction → 'Banana - Pseudostem Weevil Infestation' confidence=0.8839 ✓
2026-03-06 13:08:24 | INFO     | app.services.prediction_service | Step 3 ✓ Disease='Banana - Pseudostem Weevil Infestation' Confidence=0.8839 is_confident=True is_banana=True
2026-03-06 13:08:24 | INFO     | app.models.severity_estimator | Severity estimated → High (disease='Banana - Pseudostem Weevil Infestation', confidence=0.8839)
2026-03-06 13:08:24 | INFO     | app.services.prediction_service | Step 4 ✓ Severity=High
2026-03-06 13:08:24 | INFO     | app.services.advisory_service | Advisory matched keyword='weevil' severity='High'
2026-03-06 13:08:24 | INFO     | app.services.prediction_service | Step 5 ✓ Advisory generated (559 chars)
2026-03-06 13:08:24 | INFO     | app.services.location_service | Nearest centre: Tirunelveli Horticulture Office (State Horticulture Office) — 10976.5 km away
2026-03-06 13:08:24 | INFO     | app.services.prediction_service | Step 6 ✓ Nearest centre: Tirunelveli Horticulture Office (State Horticulture Office) — 10976.5 km away
2026-03-06 13:08:25 | INFO     | app.database.crud | Prediction saved → id=10 disease='Banana - Pseudostem Weevil Infestation'
2026-03-06 13:08:25 | INFO     | app.services.prediction_service | Step 7 ✓ Saved to database
2026-03-06 13:08:25 | INFO     | app.services.prediction_service | ── Prediction Pipeline COMPLETE → Banana - Pseudostem Weevil Infestation | High | 88.39% ──
2026-03-06 13:09:13 | INFO     | app.api.routes | POST /predict | file='20210219_160954.jpg' type='image/jpeg' lat=-90.0 lng=-180.0
2026-03-06 13:09:13 | INFO     | app.services.prediction_service | ── Prediction Pipeline START ──
2026-03-06 13:09:13 | INFO     | app.services.prediction_service | Step 1 ✓ Image validated
2026-03-06 13:09:13 | INFO     | app.services.prediction_service | Step 2 ✓ Preprocessed → (1, 3, 224, 224)
2026-03-06 13:09:13 | INFO     | app.models.disease_classifier | Prediction → 'Banana - Pseudostem Weevil Infestation' confidence=0.8881 ✓
2026-03-06 13:09:13 | INFO     | app.services.prediction_service | Step 3 ✓ Disease='Banana - Pseudostem Weevil Infestation' Confidence=0.8881 is_confident=True is_banana=True
2026-03-06 13:09:13 | INFO     | app.models.severity_estimator | Severity estimated → High (disease='Banana - Pseudostem Weevil Infestation', confidence=0.8881)
2026-03-06 13:09:13 | INFO     | app.services.prediction_service | Step 4 ✓ Severity=High
2026-03-06 13:09:13 | INFO     | app.services.advisory_service | Advisory matched keyword='weevil' severity='High'
2026-03-06 13:09:13 | INFO     | app.services.prediction_service | Step 5 ✓ Advisory generated (559 chars)
2026-03-06 13:09:13 | INFO     | app.services.location_service | Nearest centre: Tirunelveli Horticulture Office (State Horticulture Office) — 10976.5 km away
2026-03-06 13:09:13 | INFO     | app.services.prediction_service | Step 6 ✓ Nearest centre: Tirunelveli Horticulture Office (State Horticulture Office) — 10976.5 km away
2026-03-06 13:09:14 | INFO     | app.database.crud | Prediction saved → id=11 disease='Banana - Pseudostem Weevil Infestation'
2026-03-06 13:09:14 | INFO     | app.services.prediction_service | Step 7 ✓ Saved to database
2026-03-06 13:09:14 | INFO     | app.services.prediction_service | ── Prediction Pipeline COMPLETE → Banana - Pseudostem Weevil Infestation | High | 88.81% ──
2026-03-10 16:31:09 | INFO     | app.models.model_loader | Creating ModelLoader singleton (path=saved_models/agroguard_banana_resnet50.pth)
2026-03-10 16:31:10 | WARNING  | app.models.model_loader | Checkpoint not found at 'saved_models/agroguard_banana_resnet50.pth'. Using RANDOM weights — predictions will be unreliable until a trained model is placed at this path.
2026-03-10 16:31:19 | INFO     | app.main | ╔══════════════════════════════════════════════╗
2026-03-10 16:31:19 | INFO     | app.main | ║  AgroGuard-AI v1.2.0 (Production) STARTING  ║
2026-03-10 16:31:19 | INFO     | app.main | ╚══════════════════════════════════════════════╝
2026-03-10 16:31:19 | INFO     | app.database.db | Database tables created / verified.
2026-03-10 16:31:19 | INFO     | app.main | ✓ Database tables ready.
2026-03-10 16:31:19 | INFO     | app.main | ✓ Banana disease model loaded and ready.
2026-03-10 16:31:19 | INFO     | app.main | ✓ AgroGuard-AI v1.2.0 is ready to serve requests.
2026-03-10 16:33:22 | INFO     | app.api.auth | POST /auth/register | phone='8667540547' name='Ragul J'
2026-03-10 16:34:49 | INFO     | app.main | AgroGuard-AI shutting down gracefully.
2026-03-10 16:37:31 | INFO     | app.models.model_loader | Creating ModelLoader singleton (path=saved_models/agroguard_banana_resnet50.pth)
2026-03-10 16:37:32 | WARNING  | app.models.model_loader | Checkpoint not found at 'saved_models/agroguard_banana_resnet50.pth'. Using RANDOM weights — predictions will be unreliable until a trained model is placed at this path.
2026-03-10 16:37:33 | INFO     | app.main | ╔══════════════════════════════════════════════╗
2026-03-10 16:37:33 | INFO     | app.main | ║  AgroGuard-AI v1.2.0 (Production) STARTING  ║
2026-03-10 16:37:33 | INFO     | app.main | ╚══════════════════════════════════════════════╝
2026-03-10 16:37:33 | INFO     | app.database.db | Database tables created / verified.
2026-03-10 16:37:33 | INFO     | app.main | ✓ Database tables ready.
2026-03-10 16:37:33 | INFO     | app.main | ✓ Banana disease model loaded and ready.
2026-03-10 16:37:33 | INFO     | app.main | ✓ AgroGuard-AI v1.2.0 is ready to serve requests.
2026-03-10 16:38:36 | INFO     | app.api.auth | POST /auth/register | phone='8667540547' name='Ragul J'
2026-03-10 16:38:38 | INFO     | app.services.auth_service | New farmer registered → id=1 name='Ragul J' phone='8667540547'
2026-03-10 16:38:38 | INFO     | app.services.auth_service | JWT token created for farmer_id=1
2026-03-10 16:38:38 | INFO     | app.services.auth_service | Farmer logged in → id=1 phone='8667540547'
2026-03-10 16:39:32 | INFO     | app.api.auth | POST /auth/login | phone='8667540547'
2026-03-10 16:39:33 | INFO     | app.services.auth_service | JWT token created for farmer_id=1
2026-03-10 16:39:33 | INFO     | app.services.auth_service | Farmer logged in → id=1 phone='8667540547'
2026-03-10 16:46:00 | INFO     | app.api.auth | POST /auth/login | phone='8667540547'
2026-03-10 16:46:01 | INFO     | app.services.auth_service | JWT token created for farmer_id=1
2026-03-10 16:46:01 | INFO     | app.services.auth_service | Farmer logged in → id=1 phone='8667540547'
2026-03-10 16:51:52 | INFO     | app.api.auth | GET /auth/me | farmer_id=1
2026-03-10 16:52:33 | WARNING  | app.services.auth_service | JWT decode failed: Signature verification failed.
2026-03-10 16:52:33 | WARNING  | app.utils.dependencies | Invalid JWT token received.
2026-03-10 16:52:49 | WARNING  | app.services.auth_service | JWT decode failed: Signature verification failed.
2026-03-10 16:52:49 | WARNING  | app.utils.dependencies | Invalid JWT token received.
2026-03-10 16:55:03 | INFO     | app.main | AgroGuard-AI shutting down gracefully.
2026-03-10 21:18:07 | INFO     | app.models.model_loader | Creating ModelLoader singleton (path=saved_models/agroguard_banana_resnet50.pth)
2026-03-10 21:18:07 | WARNING  | app.models.model_loader | Checkpoint not found at 'saved_models/agroguard_banana_resnet50.pth'. Using RANDOM weights — predictions will be unreliable until a trained model is placed at this path.
2026-03-10 21:18:09 | INFO     | app.main | ╔══════════════════════════════════════════════╗
2026-03-10 21:18:09 | INFO     | app.main | ║  AgroGuard-AI v1.2.0 (Production) STARTING  ║
2026-03-10 21:18:09 | INFO     | app.main | ╚══════════════════════════════════════════════╝
2026-03-10 21:18:09 | INFO     | app.database.db | Database tables created / verified.
2026-03-10 21:18:09 | INFO     | app.main | ✓ Database tables ready.
2026-03-10 21:18:09 | INFO     | app.main | ✓ Banana disease model loaded and ready.
2026-03-10 21:18:09 | INFO     | app.main | ✓ AgroGuard-AI v1.2.0 is ready to serve requests.
2026-03-10 21:19:59 | INFO     | app.api.auth | POST /auth/login | phone='8667540547'
2026-03-10 21:20:00 | INFO     | app.services.auth_service | JWT token created for farmer_id=1
2026-03-10 21:20:00 | INFO     | app.services.auth_service | Farmer logged in → id=1 phone='8667540547'
2026-03-10 21:20:44 | INFO     | app.api.auth | GET /auth/me | farmer_id=1
2026-03-10 21:21:29 | INFO     | app.api.auth | GET /auth/me/predictions | farmer_id=1
2026-03-10 21:23:21 | INFO     | app.main | AgroGuard-AI shutting down gracefully.
2026-03-10 22:51:27 | INFO     | app.models.model_loader | Creating ModelLoader singleton (path=saved_models/agroguard_banana_resnet50.pth)
2026-03-10 22:51:27 | WARNING  | app.models.model_loader | Checkpoint not found at 'saved_models/agroguard_banana_resnet50.pth'. Using RANDOM weights — predictions will be unreliable until a trained model is placed at this path.
2026-03-10 22:51:30 | INFO     | app.main | ╔══════════════════════════════════════════════╗
2026-03-10 22:51:30 | INFO     | app.main | ║  AgroGuard-AI STARTING  ║
2026-03-10 22:51:30 | INFO     | app.main | ╚══════════════════════════════════════════════╝
2026-03-10 22:51:30 | INFO     | app.database.db | Database tables created / verified.
2026-03-10 22:51:30 | INFO     | app.main | ✓ Database tables ready.
2026-03-10 22:51:30 | INFO     | app.main | ✓ Banana disease model loaded and ready.
2026-03-10 22:51:30 | INFO     | app.main | ✓ AgroGuard-AI v1.2.0 is ready → base URL: /api/v1
2026-03-10 22:54:51 | INFO     | app.api.auth | POST /auth/login | phone='8667540547'
2026-03-10 22:54:52 | INFO     | app.services.auth_service | JWT token created for farmer_id=1
2026-03-10 22:54:52 | INFO     | app.services.auth_service | Farmer logged in → id=1 phone='8667540547'
2026-03-10 22:56:20 | INFO     | app.api.routes | POST /predict | farmer_id=1 phone='8667540547' file='aug_0_278.jpg' lat=-90.0 lng=-180.0
2026-03-10 22:56:20 | INFO     | app.services.prediction_service | ── Prediction Pipeline START (farmer_id=1) ──
2026-03-10 22:56:20 | INFO     | app.services.prediction_service | Step 1 ✓ Image validated
2026-03-10 22:56:20 | INFO     | app.services.prediction_service | Step 2 ✓ Preprocessed → (1, 3, 224, 224)
2026-03-10 22:56:22 | INFO     | app.models.disease_classifier | Prediction → 'Banana - Pseudostem Weevil Infestation' confidence=0.9543 ✓
2026-03-10 22:56:22 | INFO     | app.services.prediction_service | Step 3 ✓ Disease='Banana - Pseudostem Weevil Infestation' Confidence=0.9543 is_confident=True is_banana=True
2026-03-10 22:56:22 | INFO     | app.models.severity_estimator | Severity estimated → High (disease='Banana - Pseudostem Weevil Infestation', confidence=0.9543)
2026-03-10 22:56:22 | INFO     | app.services.prediction_service | Step 4 ✓ Severity=High
2026-03-10 22:56:22 | ERROR    | app.services.advisory_service | ✗ Gemini initialisation failed: No API key was provided. Please pass a valid API key. Learn how to create an API key at https://ai.google.dev/gemini-api/docs/api-key.
2026-03-10 22:56:22 | WARNING  | app.services.advisory_service | Gemini unavailable — using fallback KB for disease='Banana - Pseudostem Weevil Infestation' severity='High'
2026-03-10 22:56:22 | INFO     | app.services.advisory_service | Fallback KB matched keyword='weevil' severity='High'
2026-03-10 22:56:22 | INFO     | app.services.prediction_service | Step 5 ✓ Advisory generated (271 chars)
2026-03-10 22:56:22 | WARNING  | app.services.location_service | GOOGLE_MAPS_API_KEY not set — skipping Maps API.
2026-03-10 22:56:22 | WARNING  | app.services.location_service | Google Maps API failed — using fallback centres.
2026-03-10 22:56:22 | INFO     | app.services.location_service | Fallback centre: Tirunelveli Horticulture Office (State Horticulture Office) — 10976.5 km away
2026-03-10 22:56:22 | INFO     | app.services.prediction_service | Step 6 ✓ Nearest centre: Tirunelveli Horticulture Office (State Horticulture Office) — 10976.5 km away
2026-03-10 22:56:22 | INFO     | app.database.crud | Prediction saved → id=1 farmer_id=1 disease='Banana - Pseudostem Weevil Infestation'
2026-03-10 22:56:22 | INFO     | app.services.prediction_service | Step 7 ✓ Saved to database
2026-03-10 22:56:22 | INFO     | app.services.prediction_service | ── Prediction Pipeline COMPLETE → Banana - Pseudostem Weevil Infestation | High | 95.43% ──
2026-03-10 23:57:14 | INFO     | app.main | AgroGuard-AI shutting down gracefully.
2026-03-12 11:09:13 | INFO     | app.models.model_loader | Creating ModelLoader singleton (path=saved_models/agroguard_banana_resnet50.pth)
2026-03-12 11:09:13 | INFO     | app.models.model_loader | Loading banana model weights from 'saved_models/agroguard_banana_resnet50.pth' on cuda
2026-03-12 11:14:03 | INFO     | app.models.model_loader | Creating ModelLoader singleton (path=saved_models/agroguard_banana_resnet50.pth)
2026-03-12 11:14:04 | INFO     | app.models.model_loader | Loading banana model weights from 'saved_models/agroguard_banana_resnet50.pth' on cuda
2026-03-12 11:14:14 | INFO     | app.main | ╔══════════════════════════════════════════════╗
2026-03-12 11:14:14 | INFO     | app.main | ║  AgroGuard-AI STARTING  ║
2026-03-12 11:14:14 | INFO     | app.main | ╚══════════════════════════════════════════════╝
2026-03-12 11:14:15 | INFO     | app.database.db | Database tables created / verified.
2026-03-12 11:14:15 | INFO     | app.main | ✓ Database tables ready.
2026-03-12 11:14:15 | INFO     | app.main | ✓ Banana disease model loaded and ready.
2026-03-12 11:14:15 | INFO     | app.main | ✓ AgroGuard-AI v1.2.0 is ready → base URL: /api/v1
2026-03-12 11:15:58 | INFO     | app.api.auth | POST /auth/login | phone='8667540547'
2026-03-12 11:15:59 | INFO     | app.services.auth_service | JWT token created for farmer_id=1
2026-03-12 11:15:59 | INFO     | app.services.auth_service | Farmer logged in → id=1 phone='8667540547'
2026-03-12 11:16:29 | INFO     | app.api.routes | POST /predict | farmer_id=1 phone='8667540547' file='1_jpeg.rf.0e0952f0980263d9d52e0f5eb0732537.jpg' lat=-90.0 lng=-180.0
2026-03-12 11:16:29 | INFO     | app.services.prediction_service | ── Prediction Pipeline START (farmer_id=1) ──
2026-03-12 11:16:29 | INFO     | app.services.prediction_service | Step 1 ✓ Image validated
2026-03-12 11:16:30 | INFO     | app.services.prediction_service | Step 2 ✓ Preprocessed → (1, 3, 224, 224)
2026-03-12 11:16:33 | INFO     | app.models.disease_classifier | Prediction → 'Banana - Yellow Sigatoka' confidence=0.8714 ✓
2026-03-12 11:16:33 | INFO     | app.services.prediction_service | Step 3 ✓ Disease='Banana - Yellow Sigatoka' Confidence=0.8714 is_confident=True is_banana=True
2026-03-12 11:16:33 | INFO     | app.models.severity_estimator | Severity estimated → High (disease='Banana - Yellow Sigatoka', confidence=0.8714)
2026-03-12 11:16:33 | INFO     | app.services.prediction_service | Step 4 ✓ Severity=High
2026-03-12 11:16:33 | ERROR    | app.services.advisory_service | ✗ Gemini initialisation failed: No API key was provided. Please pass a valid API key. Learn how to create an API key at https://ai.google.dev/gemini-api/docs/api-key.
2026-03-12 11:16:33 | WARNING  | app.services.advisory_service | Gemini unavailable — using fallback KB for disease='Banana - Yellow Sigatoka' severity='High'
2026-03-12 11:16:33 | INFO     | app.services.advisory_service | Fallback KB matched keyword='yellow sigatoka' severity='High'
2026-03-12 11:16:33 | INFO     | app.services.prediction_service | Step 5 ✓ Advisory generated (254 chars)
2026-03-12 11:16:33 | WARNING  | app.services.location_service | GOOGLE_MAPS_API_KEY not set — skipping Maps API.
2026-03-12 11:16:33 | WARNING  | app.services.location_service | Google Maps API failed — using fallback centres.
2026-03-12 11:16:33 | INFO     | app.services.location_service | Fallback centre: Tirunelveli Horticulture Office (State Horticulture Office) — 10976.5 km away
2026-03-12 11:16:33 | INFO     | app.services.prediction_service | Step 6 ✓ Nearest centre: Tirunelveli Horticulture Office (State Horticulture Office) — 10976.5 km away
2026-03-12 11:16:33 | INFO     | app.database.crud | Prediction saved → id=2 farmer_id=1 disease='Banana - Yellow Sigatoka'
2026-03-12 11:16:33 | INFO     | app.services.prediction_service | Step 7 ✓ Saved to database
2026-03-12 11:16:33 | INFO     | app.services.prediction_service | ── Prediction Pipeline COMPLETE → Banana - Yellow Sigatoka | High | 87.14% ──
2026-03-12 11:17:08 | INFO     | app.api.routes | POST /predict | farmer_id=1 phone='8667540547' file='48_jpeg.rf.0361f14177f03609db4f3677db948ada.jpg' lat=-90.0 lng=-180.0
2026-03-12 11:17:08 | INFO     | app.services.prediction_service | ── Prediction Pipeline START (farmer_id=1) ──
2026-03-12 11:17:08 | INFO     | app.services.prediction_service | Step 1 ✓ Image validated
2026-03-12 11:17:08 | INFO     | app.services.prediction_service | Step 2 ✓ Preprocessed → (1, 3, 224, 224)
2026-03-12 11:17:08 | WARNING  | app.models.disease_classifier | Low confidence prediction rejected (confidence=0.6465 < threshold=0.7500)
2026-03-12 11:17:08 | INFO     | app.services.prediction_service | Step 3 ✓ Disease='Banana - Yellow Sigatoka' Confidence=0.6465 is_confident=False is_banana=True
2026-03-12 11:17:08 | INFO     | app.models.severity_estimator | Severity estimated → Medium (disease='Banana - Yellow Sigatoka', confidence=0.6465)
2026-03-12 11:17:08 | INFO     | app.services.prediction_service | Step 4 ✓ Severity=Medium
2026-03-12 11:17:08 | INFO     | app.services.prediction_service | Step 5 ✓ Advisory generated (83 chars)
2026-03-12 11:17:08 | WARNING  | app.services.location_service | GOOGLE_MAPS_API_KEY not set — skipping Maps API.
2026-03-12 11:17:08 | WARNING  | app.services.location_service | Google Maps API failed — using fallback centres.
2026-03-12 11:17:08 | INFO     | app.services.location_service | Fallback centre: Tirunelveli Horticulture Office (State Horticulture Office) — 10976.5 km away
2026-03-12 11:17:08 | INFO     | app.services.prediction_service | Step 6 ✓ Nearest centre: Tirunelveli Horticulture Office (State Horticulture Office) — 10976.5 km away
2026-03-12 11:17:08 | INFO     | app.database.crud | Prediction saved → id=3 farmer_id=1 disease='Banana - Yellow Sigatoka'
2026-03-12 11:17:08 | INFO     | app.services.prediction_service | Step 7 ✓ Saved to database
2026-03-12 11:17:08 | INFO     | app.services.prediction_service | ── Prediction Pipeline COMPLETE → Banana - Yellow Sigatoka | Medium | 64.65% ──
2026-03-12 11:17:40 | INFO     | app.api.routes | POST /predict | farmer_id=1 phone='8667540547' file='aug_0_18.jpg' lat=-90.0 lng=-180.0
2026-03-12 11:17:40 | INFO     | app.services.prediction_service | ── Prediction Pipeline START (farmer_id=1) ──
2026-03-12 11:17:40 | INFO     | app.services.prediction_service | Step 1 ✓ Image validated
2026-03-12 11:17:40 | INFO     | app.services.prediction_service | Step 2 ✓ Preprocessed → (1, 3, 224, 224)
2026-03-12 11:17:40 | INFO     | app.models.disease_classifier | Prediction → 'Banana - Yellow Sigatoka' confidence=0.9051 ✓
2026-03-12 11:17:40 | INFO     | app.services.prediction_service | Step 3 ✓ Disease='Banana - Yellow Sigatoka' Confidence=0.9051 is_confident=True is_banana=True
2026-03-12 11:17:40 | INFO     | app.models.severity_estimator | Severity estimated → High (disease='Banana - Yellow Sigatoka', confidence=0.9051)
2026-03-12 11:17:40 | INFO     | app.services.prediction_service | Step 4 ✓ Severity=High
2026-03-12 11:17:40 | ERROR    | app.services.advisory_service | ✗ Gemini initialisation failed: No API key was provided. Please pass a valid API key. Learn how to create an API key at https://ai.google.dev/gemini-api/docs/api-key.
2026-03-12 11:17:40 | WARNING  | app.services.advisory_service | Gemini unavailable — using fallback KB for disease='Banana - Yellow Sigatoka' severity='High'
2026-03-12 11:17:40 | INFO     | app.services.advisory_service | Fallback KB matched keyword='yellow sigatoka' severity='High'
2026-03-12 11:17:40 | INFO     | app.services.prediction_service | Step 5 ✓ Advisory generated (254 chars)
2026-03-12 11:17:40 | WARNING  | app.services.location_service | GOOGLE_MAPS_API_KEY not set — skipping Maps API.
2026-03-12 11:17:40 | WARNING  | app.services.location_service | Google Maps API failed — using fallback centres.
2026-03-12 11:17:40 | INFO     | app.services.location_service | Fallback centre: Tirunelveli Horticulture Office (State Horticulture Office) — 10976.5 km away
2026-03-12 11:17:40 | INFO     | app.services.prediction_service | Step 6 ✓ Nearest centre: Tirunelveli Horticulture Office (State Horticulture Office) — 10976.5 km away
2026-03-12 11:17:40 | INFO     | app.database.crud | Prediction saved → id=4 farmer_id=1 disease='Banana - Yellow Sigatoka'
2026-03-12 11:17:40 | INFO     | app.services.prediction_service | Step 7 ✓ Saved to database
2026-03-12 11:17:40 | INFO     | app.services.prediction_service | ── Prediction Pipeline COMPLETE → Banana - Yellow Sigatoka | High | 90.51% ──
2026-03-12 11:20:24 | INFO     | app.main | AgroGuard-AI shutting down gracefully.
2026-03-12 11:27:08 | INFO     | app.models.model_loader | Creating ModelLoader singleton (path=saved_models/agroguard_banana_resnet50.pth)
2026-03-12 11:27:09 | INFO     | app.models.model_loader | Loading banana model weights from 'saved_models/agroguard_banana_resnet50.pth' on cuda
2026-03-12 11:27:12 | INFO     | app.main | ╔══════════════════════════════════════════════╗
2026-03-12 11:27:12 | INFO     | app.main | ║  AgroGuard-AI STARTING  ║
2026-03-12 11:27:12 | INFO     | app.main | ╚══════════════════════════════════════════════╝
2026-03-12 11:27:13 | INFO     | app.database.db | Database tables created / verified.
2026-03-12 11:27:13 | INFO     | app.main | ✓ Database tables ready.
2026-03-12 11:27:13 | INFO     | app.main | ✓ Banana disease model loaded and ready.
2026-03-12 11:27:13 | INFO     | app.main | ✓ AgroGuard-AI v1.2.0 is ready → base URL: /api/v1
2026-03-12 11:27:13 | INFO     | app.api.routes | POST /predict | farmer_id=1 phone='8667540547' file='download.jpg' lat=-90.0 lng=-180.0
2026-03-12 11:27:13 | INFO     | app.services.prediction_service | ── Prediction Pipeline START (farmer_id=1) ──
2026-03-12 11:27:13 | INFO     | app.services.prediction_service | Step 1 ✓ Image validated
2026-03-12 11:27:13 | INFO     | app.services.prediction_service | Step 2 ✓ Preprocessed → (1, 3, 224, 224)
2026-03-12 11:27:14 | INFO     | app.models.disease_classifier | Prediction → 'Banana - Anthracnose' confidence=0.8910 ✓
2026-03-12 11:27:14 | INFO     | app.services.prediction_service | Step 3 ✓ Disease='Banana - Anthracnose' Confidence=0.8910 is_confident=True is_banana=True
2026-03-12 11:27:14 | INFO     | app.models.severity_estimator | Severity estimated → High (disease='Banana - Anthracnose', confidence=0.8910)
2026-03-12 11:27:14 | INFO     | app.services.prediction_service | Step 4 ✓ Severity=High
2026-03-12 11:27:14 | ERROR    | app.services.advisory_service | ✗ Gemini initialisation failed: No API key was provided. Please pass a valid API key. Learn how to create an API key at https://ai.google.dev/gemini-api/docs/api-key.
2026-03-12 11:27:14 | WARNING  | app.services.advisory_service | Gemini unavailable — using fallback KB for disease='Banana - Anthracnose' severity='High'
2026-03-12 11:27:14 | INFO     | app.services.advisory_service | Fallback KB matched keyword='anthracnose' severity='High'
2026-03-12 11:27:14 | INFO     | app.services.prediction_service | Step 5 ✓ Advisory generated (233 chars)
2026-03-12 11:27:14 | WARNING  | app.services.location_service | GOOGLE_MAPS_API_KEY not set — skipping Maps API.
2026-03-12 11:27:14 | WARNING  | app.services.location_service | Google Maps API failed — using fallback centres.
2026-03-12 11:27:14 | INFO     | app.services.location_service | Fallback centre: Tirunelveli Horticulture Office (State Horticulture Office) — 10976.5 km away
2026-03-12 11:27:14 | INFO     | app.services.prediction_service | Step 6 ✓ Nearest centre: Tirunelveli Horticulture Office (State Horticulture Office) — 10976.5 km away
2026-03-12 11:27:15 | INFO     | app.database.crud | Prediction saved → id=5 farmer_id=1 disease='Banana - Anthracnose'
2026-03-12 11:27:15 | INFO     | app.services.prediction_service | Step 7 ✓ Saved to database
2026-03-12 11:27:15 | INFO     | app.services.prediction_service | ── Prediction Pipeline COMPLETE → Banana - Anthracnose | High | 89.10% ──
2026-03-12 11:27:35 | INFO     | app.api.routes | POST /predict | farmer_id=1 phone='8667540547' file='download (8).jpg' lat=-90.0 lng=-180.0
2026-03-12 11:27:35 | INFO     | app.services.prediction_service | ── Prediction Pipeline START (farmer_id=1) ──
2026-03-12 11:27:35 | INFO     | app.services.prediction_service | Step 1 ✓ Image validated
2026-03-12 11:27:35 | INFO     | app.services.prediction_service | Step 2 ✓ Preprocessed → (1, 3, 224, 224)
2026-03-12 11:27:35 | INFO     | app.models.disease_classifier | Prediction → 'Banana - Anthracnose' confidence=0.8561 ✓
2026-03-12 11:27:35 | INFO     | app.services.prediction_service | Step 3 ✓ Disease='Banana - Anthracnose' Confidence=0.8561 is_confident=True is_banana=True
2026-03-12 11:27:35 | INFO     | app.models.severity_estimator | Severity estimated → High (disease='Banana - Anthracnose', confidence=0.8561)
2026-03-12 11:27:35 | INFO     | app.services.prediction_service | Step 4 ✓ Severity=High
2026-03-12 11:27:35 | ERROR    | app.services.advisory_service | ✗ Gemini initialisation failed: No API key was provided. Please pass a valid API key. Learn how to create an API key at https://ai.google.dev/gemini-api/docs/api-key.
2026-03-12 11:27:35 | WARNING  | app.services.advisory_service | Gemini unavailable — using fallback KB for disease='Banana - Anthracnose' severity='High'
2026-03-12 11:27:35 | INFO     | app.services.advisory_service | Fallback KB matched keyword='anthracnose' severity='High'
2026-03-12 11:27:35 | INFO     | app.services.prediction_service | Step 5 ✓ Advisory generated (233 chars)
2026-03-12 11:27:35 | WARNING  | app.services.location_service | GOOGLE_MAPS_API_KEY not set — skipping Maps API.
2026-03-12 11:27:35 | WARNING  | app.services.location_service | Google Maps API failed — using fallback centres.
2026-03-12 11:27:35 | INFO     | app.services.location_service | Fallback centre: Tirunelveli Horticulture Office (State Horticulture Office) — 10976.5 km away
2026-03-12 11:27:35 | INFO     | app.services.prediction_service | Step 6 ✓ Nearest centre: Tirunelveli Horticulture Office (State Horticulture Office) — 10976.5 km away
2026-03-12 11:27:36 | INFO     | app.database.crud | Prediction saved → id=6 farmer_id=1 disease='Banana - Anthracnose'
2026-03-12 11:27:36 | INFO     | app.services.prediction_service | Step 7 ✓ Saved to database
2026-03-12 11:27:36 | INFO     | app.services.prediction_service | ── Prediction Pipeline COMPLETE → Banana - Anthracnose | High | 85.61% ──
2026-03-12 11:28:13 | INFO     | app.main | AgroGuard-AI shutting down gracefully.
2026-03-12 11:28:43 | INFO     | app.models.model_loader | Creating ModelLoader singleton (path=saved_models/agroguard_banana_resnet50.pth)
2026-03-12 11:28:44 | INFO     | app.models.model_loader | Loading banana model weights from 'saved_models/agroguard_banana_resnet50.pth' on cuda
2026-03-12 11:28:47 | INFO     | app.main | ╔══════════════════════════════════════════════╗
2026-03-12 11:28:47 | INFO     | app.main | ║  AgroGuard-AI STARTING  ║
2026-03-12 11:28:47 | INFO     | app.main | ╚══════════════════════════════════════════════╝
2026-03-12 11:28:47 | INFO     | app.database.db | Database tables created / verified.
2026-03-12 11:28:47 | INFO     | app.main | ✓ Database tables ready.
2026-03-12 11:28:47 | INFO     | app.main | ✓ Banana disease model loaded and ready.
2026-03-12 11:28:47 | INFO     | app.main | ✓ AgroGuard-AI v1.2.0 is ready → base URL: /api/v1
2026-03-12 11:29:46 | INFO     | app.api.auth | POST /auth/login | phone='8667540547'
2026-03-12 11:29:46 | INFO     | app.services.auth_service | JWT token created for farmer_id=1
2026-03-12 11:29:46 | INFO     | app.services.auth_service | Farmer logged in → id=1 phone='8667540547'
2026-03-12 11:30:24 | INFO     | app.api.routes | POST /predict | farmer_id=1 phone='8667540547' file='A (21).jpg' lat=-90.0 lng=-180.0
2026-03-12 11:30:24 | INFO     | app.services.prediction_service | ── Prediction Pipeline START (farmer_id=1) ──
2026-03-12 11:30:24 | INFO     | app.services.prediction_service | Step 1 ✓ Image validated
2026-03-12 11:30:24 | INFO     | app.services.prediction_service | Step 2 ✓ Preprocessed → (1, 3, 224, 224)
2026-03-12 11:30:26 | INFO     | app.models.disease_classifier | Prediction → 'Banana - Anthracnose' confidence=0.8235 ✓
2026-03-12 11:30:26 | INFO     | app.services.prediction_service | Step 3 ✓ Disease='Banana - Anthracnose' Confidence=0.8235 is_confident=True is_banana=True
2026-03-12 11:30:26 | INFO     | app.models.severity_estimator | Severity estimated → Medium (disease='Banana - Anthracnose', confidence=0.8235)
2026-03-12 11:30:26 | INFO     | app.services.prediction_service | Step 4 ✓ Severity=Medium
2026-03-12 11:30:26 | ERROR    | app.services.advisory_service | ✗ Gemini initialisation failed: No API key was provided. Please pass a valid API key. Learn how to create an API key at https://ai.google.dev/gemini-api/docs/api-key.
2026-03-12 11:30:26 | WARNING  | app.services.advisory_service | Gemini unavailable — using fallback KB for disease='Banana - Anthracnose' severity='Medium'
2026-03-12 11:30:26 | INFO     | app.services.advisory_service | Fallback KB matched keyword='anthracnose' severity='Medium'
2026-03-12 11:30:26 | INFO     | app.services.prediction_service | Step 5 ✓ Advisory generated (159 chars)
2026-03-12 11:30:26 | WARNING  | app.services.location_service | GOOGLE_MAPS_API_KEY not set — skipping Maps API.
2026-03-12 11:30:26 | WARNING  | app.services.location_service | Google Maps API failed — using fallback centres.
2026-03-12 11:30:26 | INFO     | app.services.location_service | Fallback centre: Tirunelveli Horticulture Office (State Horticulture Office) — 10976.5 km away
2026-03-12 11:30:26 | INFO     | app.services.prediction_service | Step 6 ✓ Nearest centre: Tirunelveli Horticulture Office (State Horticulture Office) — 10976.5 km away
2026-03-12 11:30:26 | INFO     | app.database.crud | Prediction saved → id=7 farmer_id=1 disease='Banana - Anthracnose'
2026-03-12 11:30:26 | INFO     | app.services.prediction_service | Step 7 ✓ Saved to database
2026-03-12 11:30:26 | INFO     | app.services.prediction_service | ── Prediction Pipeline COMPLETE → Banana - Anthracnose | Medium | 82.35% ──
2026-03-12 11:31:20 | INFO     | app.main | AgroGuard-AI shutting down gracefully.
2026-03-12 14:36:51 | INFO     | app.models.model_loader | Creating ModelLoader singleton (path=saved_models/agroguard_banana_resnet50.pth)
2026-03-12 14:36:52 | INFO     | app.models.model_loader | Loading banana model weights from 'saved_models/agroguard_banana_resnet50.pth' on cuda
2026-03-12 14:36:56 | INFO     | app.main | ╔══════════════════════════════════════════════╗
2026-03-12 14:36:56 | INFO     | app.main | ║  AgroGuard-AI STARTING  ║
2026-03-12 14:36:56 | INFO     | app.main | ╚══════════════════════════════════════════════╝
2026-03-12 14:36:56 | INFO     | app.database.db | Database tables created / verified.
2026-03-12 14:36:56 | INFO     | app.main | ✓ Database tables ready.
2026-03-12 14:36:56 | INFO     | app.main | ✓ Banana disease model loaded and ready.
2026-03-12 14:36:56 | INFO     | app.main | ✓ AgroGuard-AI v1.2.0 is ready → base URL: /api/v1
2026-03-12 14:37:59 | INFO     | app.api.auth | POST /auth/login | phone='8667540547'
2026-03-12 14:37:59 | INFO     | app.services.auth_service | JWT token created for farmer_id=1
2026-03-12 14:37:59 | INFO     | app.services.auth_service | Farmer logged in → id=1 phone='8667540547'
2026-03-12 14:38:53 | INFO     | app.api.routes | POST /predict | farmer_id=1 phone='8667540547' file='aug_0_5037.jpg' lat=-90.0 lng=-180.0
2026-03-12 14:38:53 | INFO     | app.services.prediction_service | ── Prediction Pipeline START (farmer_id=1) ──
2026-03-12 14:38:53 | INFO     | app.services.prediction_service | Step 1 ✓ Image validated
2026-03-12 14:38:53 | INFO     | app.services.prediction_service | Step 2 ✓ Preprocessed → (1, 3, 224, 224)
2026-03-12 14:38:55 | INFO     | app.models.disease_classifier | Prediction → 'Banana - Anthracnose' confidence=0.9818 ✓
2026-03-12 14:38:55 | INFO     | app.services.prediction_service | Step 3 ✓ Disease='Banana - Anthracnose' Confidence=0.9818 is_confident=True is_banana=True
2026-03-12 14:38:55 | INFO     | app.models.severity_estimator | Severity estimated → High (disease='Banana - Anthracnose', confidence=0.9818)
2026-03-12 14:38:55 | INFO     | app.services.prediction_service | Step 4 ✓ Severity=High
2026-03-12 14:38:55 | ERROR    | app.services.advisory_service | ✗ Gemini initialisation failed: No API key was provided. Please pass a valid API key. Learn how to create an API key at https://ai.google.dev/gemini-api/docs/api-key.
2026-03-12 14:38:55 | WARNING  | app.services.advisory_service | Gemini unavailable — using fallback KB for disease='Banana - Anthracnose' severity='High'
2026-03-12 14:38:55 | INFO     | app.services.advisory_service | Fallback KB matched keyword='anthracnose' severity='High'
2026-03-12 14:38:55 | INFO     | app.services.prediction_service | Step 5 ✓ Advisory generated (233 chars)
2026-03-12 14:38:55 | WARNING  | app.services.location_service | GOOGLE_MAPS_API_KEY not set — skipping Maps API.
2026-03-12 14:38:55 | WARNING  | app.services.location_service | Google Maps API failed — using fallback centres.
2026-03-12 14:38:55 | INFO     | app.services.location_service | Fallback centre: Tirunelveli Horticulture Office (State Horticulture Office) — 10976.5 km away
2026-03-12 14:38:55 | INFO     | app.services.prediction_service | Step 6 ✓ Nearest centre: Tirunelveli Horticulture Office (State Horticulture Office) — 10976.5 km away
2026-03-12 14:38:55 | INFO     | app.database.crud | Prediction saved → id=8 farmer_id=1 disease='Banana - Anthracnose'
2026-03-12 14:38:55 | INFO     | app.services.prediction_service | Step 7 ✓ Saved to database
2026-03-12 14:38:55 | INFO     | app.services.prediction_service | ── Prediction Pipeline COMPLETE → Banana - Anthracnose | High | 98.18% ──
2026-03-12 14:39:53 | INFO     | app.api.routes | POST /predict | farmer_id=1 phone='8667540547' file='aug_0_8565.jpg' lat=-90.0 lng=-180.0
2026-03-12 14:39:53 | INFO     | app.services.prediction_service | ── Prediction Pipeline START (farmer_id=1) ──
2026-03-12 14:39:53 | INFO     | app.services.prediction_service | Step 1 ✓ Image validated
2026-03-12 14:39:53 | INFO     | app.services.prediction_service | Step 2 ✓ Preprocessed → (1, 3, 224, 224)
2026-03-12 14:39:53 | INFO     | app.models.disease_classifier | Prediction → 'Banana - Anthracnose' confidence=0.9736 ✓
2026-03-12 14:39:53 | INFO     | app.services.prediction_service | Step 3 ✓ Disease='Banana - Anthracnose' Confidence=0.9736 is_confident=True is_banana=True
2026-03-12 14:39:53 | INFO     | app.models.severity_estimator | Severity estimated → High (disease='Banana - Anthracnose', confidence=0.9736)
2026-03-12 14:39:53 | INFO     | app.services.prediction_service | Step 4 ✓ Severity=High
2026-03-12 14:39:53 | ERROR    | app.services.advisory_service | ✗ Gemini initialisation failed: No API key was provided. Please pass a valid API key. Learn how to create an API key at https://ai.google.dev/gemini-api/docs/api-key.
2026-03-12 14:39:53 | WARNING  | app.services.advisory_service | Gemini unavailable — using fallback KB for disease='Banana - Anthracnose' severity='High'
2026-03-12 14:39:53 | INFO     | app.services.advisory_service | Fallback KB matched keyword='anthracnose' severity='High'
2026-03-12 14:39:53 | INFO     | app.services.prediction_service | Step 5 ✓ Advisory generated (233 chars)
2026-03-12 14:39:53 | WARNING  | app.services.location_service | GOOGLE_MAPS_API_KEY not set — skipping Maps API.
2026-03-12 14:39:53 | WARNING  | app.services.location_service | Google Maps API failed — using fallback centres.
2026-03-12 14:39:53 | INFO     | app.services.location_service | Fallback centre: Tirunelveli Horticulture Office (State Horticulture Office) — 10976.5 km away
2026-03-12 14:39:53 | INFO     | app.services.prediction_service | Step 6 ✓ Nearest centre: Tirunelveli Horticulture Office (State Horticulture Office) — 10976.5 km away
2026-03-12 14:39:53 | INFO     | app.database.crud | Prediction saved → id=9 farmer_id=1 disease='Banana - Anthracnose'
2026-03-12 14:39:53 | INFO     | app.services.prediction_service | Step 7 ✓ Saved to database
2026-03-12 14:39:53 | INFO     | app.services.prediction_service | ── Prediction Pipeline COMPLETE → Banana - Anthracnose | High | 97.36% ──
2026-03-12 14:40:52 | INFO     | app.api.routes | POST /predict | farmer_id=1 phone='8667540547' file='20210219_112433.jpg' lat=-90.0 lng=-180.0
2026-03-12 14:40:52 | INFO     | app.services.prediction_service | ── Prediction Pipeline START (farmer_id=1) ──
2026-03-12 14:40:52 | INFO     | app.services.prediction_service | Step 1 ✓ Image validated
2026-03-12 14:40:52 | INFO     | app.services.prediction_service | Step 2 ✓ Preprocessed → (1, 3, 224, 224)
2026-03-12 14:40:52 | INFO     | app.models.disease_classifier | Prediction → 'Banana - Anthracnose' confidence=0.9027 ✓
2026-03-12 14:40:52 | INFO     | app.services.prediction_service | Step 3 ✓ Disease='Banana - Anthracnose' Confidence=0.9027 is_confident=True is_banana=True
2026-03-12 14:40:52 | INFO     | app.models.severity_estimator | Severity estimated → High (disease='Banana - Anthracnose', confidence=0.9027)
2026-03-12 14:40:52 | INFO     | app.services.prediction_service | Step 4 ✓ Severity=High
2026-03-12 14:40:52 | ERROR    | app.services.advisory_service | ✗ Gemini initialisation failed: No API key was provided. Please pass a valid API key. Learn how to create an API key at https://ai.google.dev/gemini-api/docs/api-key.
2026-03-12 14:40:52 | WARNING  | app.services.advisory_service | Gemini unavailable — using fallback KB for disease='Banana - Anthracnose' severity='High'
2026-03-12 14:40:52 | INFO     | app.services.advisory_service | Fallback KB matched keyword='anthracnose' severity='High'
2026-03-12 14:40:52 | INFO     | app.services.prediction_service | Step 5 ✓ Advisory generated (233 chars)
2026-03-12 14:40:52 | WARNING  | app.services.location_service | GOOGLE_MAPS_API_KEY not set — skipping Maps API.
2026-03-12 14:40:52 | WARNING  | app.services.location_service | Google Maps API failed — using fallback centres.
2026-03-12 14:40:52 | INFO     | app.services.location_service | Fallback centre: Tirunelveli Horticulture Office (State Horticulture Office) — 10976.5 km away
2026-03-12 14:40:52 | INFO     | app.services.prediction_service | Step 6 ✓ Nearest centre: Tirunelveli Horticulture Office (State Horticulture Office) — 10976.5 km away
2026-03-12 14:40:52 | INFO     | app.database.crud | Prediction saved → id=10 farmer_id=1 disease='Banana - Anthracnose'
2026-03-12 14:40:52 | INFO     | app.services.prediction_service | Step 7 ✓ Saved to database
2026-03-12 14:40:52 | INFO     | app.services.prediction_service | ── Prediction Pipeline COMPLETE → Banana - Anthracnose | High | 90.27% ──
2026-03-12 14:45:56 | INFO     | app.main | AgroGuard-AI shutting down gracefully.
2026-03-12 21:45:14 | INFO     | app.models.model_loader | Creating ModelLoader singleton (path=saved_models/agroguard_banana_resnet50.pth)
2026-03-12 21:45:14 | INFO     | app.models.model_loader | Loading banana model weights from 'saved_models/agroguard_banana_resnet50.pth' on cuda
2026-03-12 21:45:19 | INFO     | app.main | ╔══════════════════════════════════════════════╗
2026-03-12 21:45:19 | INFO     | app.main | ║  AgroGuard-AI STARTING  ║
2026-03-12 21:45:19 | INFO     | app.main | ╚══════════════════════════════════════════════╝
2026-03-12 21:45:20 | INFO     | app.database.db | Database tables created / verified.
2026-03-12 21:45:20 | INFO     | app.main | ✓ Database tables ready.
2026-03-12 21:45:20 | INFO     | app.main | ✓ Banana disease model loaded and ready.
2026-03-12 21:45:20 | INFO     | app.main | ✓ AgroGuard-AI v1.2.0 is ready → base URL: /api/v1
2026-03-12 21:45:52 | INFO     | app.api.auth | POST /auth/login | phone='8667540547'
2026-03-12 21:45:53 | INFO     | app.services.auth_service | JWT token created for farmer_id=1
2026-03-12 21:45:53 | INFO     | app.services.auth_service | Farmer logged in → id=1 phone='8667540547'
2026-03-12 21:46:28 | INFO     | app.api.routes | POST /predict | farmer_id=1 phone='8667540547' file='20210219_112433.jpg' lat=-90.0 lng=-180.0
2026-03-12 21:46:28 | INFO     | app.services.prediction_service | ── Prediction Pipeline START (farmer_id=1) ──
2026-03-12 21:46:28 | INFO     | app.services.prediction_service | Step 1 ✓ Image validated
2026-03-12 21:46:28 | INFO     | app.services.prediction_service | Step 2 ✓ Preprocessed → (1, 3, 224, 224)
2026-03-12 21:46:31 | INFO     | app.models.disease_classifier | Prediction → 'Banana - Black Sigatoka' confidence=0.9996 ✓
2026-03-12 21:46:31 | INFO     | app.services.prediction_service | Step 3 ✓ Disease='Banana - Black Sigatoka' Confidence=0.9996 is_confident=True is_banana=True
2026-03-12 21:46:31 | INFO     | app.models.severity_estimator | Severity estimated → High (disease='Banana - Black Sigatoka', confidence=0.9996)
2026-03-12 21:46:31 | INFO     | app.services.prediction_service | Step 4 ✓ Severity=High
2026-03-12 21:46:31 | ERROR    | app.services.advisory_service | ✗ Gemini initialisation failed: No API key was provided. Please pass a valid API key. Learn how to create an API key at https://ai.google.dev/gemini-api/docs/api-key.
2026-03-12 21:46:31 | WARNING  | app.services.advisory_service | Gemini unavailable — using fallback KB for disease='Banana - Black Sigatoka' severity='High'
2026-03-12 21:46:31 | INFO     | app.services.advisory_service | Fallback KB matched keyword='black sigatoka' severity='High'
2026-03-12 21:46:31 | INFO     | app.services.prediction_service | Step 5 ✓ Advisory generated (295 chars)
2026-03-12 21:46:31 | WARNING  | app.services.location_service | GOOGLE_MAPS_API_KEY not set — skipping Maps API.
2026-03-12 21:46:31 | WARNING  | app.services.location_service | Google Maps API failed — using fallback centres.
2026-03-12 21:46:31 | INFO     | app.services.location_service | Fallback centre: Tirunelveli Horticulture Office (State Horticulture Office) — 10976.5 km away
2026-03-12 21:46:31 | INFO     | app.services.prediction_service | Step 6 ✓ Nearest centre: Tirunelveli Horticulture Office (State Horticulture Office) — 10976.5 km away
2026-03-12 21:46:31 | INFO     | app.database.crud | Prediction saved → id=11 farmer_id=1 disease='Banana - Black Sigatoka'
2026-03-12 21:46:31 | INFO     | app.services.prediction_service | Step 7 ✓ Saved to database
2026-03-12 21:46:31 | INFO     | app.services.prediction_service | ── Prediction Pipeline COMPLETE → Banana - Black Sigatoka | High | 99.96% ──
2026-03-12 21:46:54 | INFO     | app.api.routes | POST /predict | farmer_id=1 phone='8667540547' file='2.jpg' lat=-90.0 lng=-180.0
2026-03-12 21:46:54 | INFO     | app.services.prediction_service | ── Prediction Pipeline START (farmer_id=1) ──
2026-03-12 21:46:54 | INFO     | app.services.prediction_service | Step 1 ✓ Image validated
2026-03-12 21:46:54 | INFO     | app.services.prediction_service | Step 2 ✓ Preprocessed → (1, 3, 224, 224)
2026-03-12 21:46:54 | INFO     | app.models.disease_classifier | Prediction → 'Banana - Black Sigatoka' confidence=0.9997 ✓
2026-03-12 21:46:54 | INFO     | app.services.prediction_service | Step 3 ✓ Disease='Banana - Black Sigatoka' Confidence=0.9997 is_confident=True is_banana=True
2026-03-12 21:46:54 | INFO     | app.models.severity_estimator | Severity estimated → High (disease='Banana - Black Sigatoka', confidence=0.9997)
2026-03-12 21:46:54 | INFO     | app.services.prediction_service | Step 4 ✓ Severity=High
2026-03-12 21:46:54 | ERROR    | app.services.advisory_service | ✗ Gemini initialisation failed: No API key was provided. Please pass a valid API key. Learn how to create an API key at https://ai.google.dev/gemini-api/docs/api-key.
2026-03-12 21:46:54 | WARNING  | app.services.advisory_service | Gemini unavailable — using fallback KB for disease='Banana - Black Sigatoka' severity='High'
2026-03-12 21:46:54 | INFO     | app.services.advisory_service | Fallback KB matched keyword='black sigatoka' severity='High'
2026-03-12 21:46:54 | INFO     | app.services.prediction_service | Step 5 ✓ Advisory generated (295 chars)
2026-03-12 21:46:54 | WARNING  | app.services.location_service | GOOGLE_MAPS_API_KEY not set — skipping Maps API.
2026-03-12 21:46:54 | WARNING  | app.services.location_service | Google Maps API failed — using fallback centres.
2026-03-12 21:46:54 | INFO     | app.services.location_service | Fallback centre: Tirunelveli Horticulture Office (State Horticulture Office) — 10976.5 km away
2026-03-12 21:46:54 | INFO     | app.services.prediction_service | Step 6 ✓ Nearest centre: Tirunelveli Horticulture Office (State Horticulture Office) — 10976.5 km away
2026-03-12 21:46:54 | INFO     | app.database.crud | Prediction saved → id=12 farmer_id=1 disease='Banana - Black Sigatoka'
2026-03-12 21:46:54 | INFO     | app.services.prediction_service | Step 7 ✓ Saved to database
2026-03-12 21:46:54 | INFO     | app.services.prediction_service | ── Prediction Pipeline COMPLETE → Banana - Black Sigatoka | High | 99.97% ──
2026-03-12 21:51:05 | INFO     | app.main | AgroGuard-AI shutting down gracefully.
2026-03-12 21:53:16 | INFO     | app.models.model_loader | Creating ModelLoader singleton (path=saved_models/agroguard_banana_resnet50.pth)
2026-03-12 21:53:17 | INFO     | app.models.model_loader | Loading banana model weights from 'saved_models/agroguard_banana_resnet50.pth' on cuda
2026-03-12 21:53:17 | INFO     | app.models.model_loader | Banana disease model loaded successfully (7 classes).
2026-03-12 21:53:18 | INFO     | app.main | ╔══════════════════════════════════════════════╗
2026-03-12 21:53:18 | INFO     | app.main | ║  AgroGuard-AI STARTING  ║
2026-03-12 21:53:18 | INFO     | app.main | ╚══════════════════════════════════════════════╝
2026-03-12 21:53:18 | INFO     | app.database.db | Database tables created / verified.
2026-03-12 21:53:18 | INFO     | app.main | ✓ Database tables ready.
2026-03-12 21:53:18 | INFO     | app.main | ✓ Banana disease model loaded and ready.
2026-03-12 21:53:18 | INFO     | app.main | ✓ AgroGuard-AI v1.2.0 is ready → base URL: /api/v1
2026-03-12 21:53:41 | INFO     | app.api.routes | POST /predict | farmer_id=1 phone='8667540547' file='aug_0_10.jpg' lat=-90.0 lng=-180.0
2026-03-12 21:53:41 | INFO     | app.services.prediction_service | ── Prediction Pipeline START (farmer_id=1) ──
2026-03-12 21:53:41 | INFO     | app.services.prediction_service | Step 1 ✓ Image validated
2026-03-12 21:53:41 | INFO     | app.services.prediction_service | Step 2 ✓ Preprocessed → (1, 3, 224, 224)
2026-03-12 21:53:42 | INFO     | app.models.disease_classifier | Prediction → 'Banana - Panama Disease (Fusarium Wilt)' confidence=1.0000 ✓
2026-03-12 21:53:42 | INFO     | app.services.prediction_service | Step 3 ✓ Disease='Banana - Panama Disease (Fusarium Wilt)' Confidence=1.0000 is_confident=True is_banana=True
2026-03-12 21:53:42 | INFO     | app.models.severity_estimator | Disease 'Banana - Panama Disease (Fusarium Wilt)' is always treated as High severity.
2026-03-12 21:53:42 | INFO     | app.services.prediction_service | Step 4 ✓ Severity=High
2026-03-12 21:53:42 | ERROR    | app.services.advisory_service | ✗ Gemini initialisation failed: No API key was provided. Please pass a valid API key. Learn how to create an API key at https://ai.google.dev/gemini-api/docs/api-key.
2026-03-12 21:53:42 | WARNING  | app.services.advisory_service | Gemini unavailable — using fallback KB for disease='Banana - Panama Disease (Fusarium Wilt)' severity='High'
2026-03-12 21:53:42 | INFO     | app.services.advisory_service | Fallback KB matched keyword='panama' severity='High'
2026-03-12 21:53:42 | INFO     | app.services.prediction_service | Step 5 ✓ Advisory generated (726 chars)
2026-03-12 21:53:42 | WARNING  | app.services.location_service | GOOGLE_MAPS_API_KEY not set — skipping Maps API.
2026-03-12 21:53:42 | WARNING  | app.services.location_service | Google Maps API failed — using fallback centres.
2026-03-12 21:53:42 | INFO     | app.services.location_service | Fallback centre: Tirunelveli Horticulture Office (State Horticulture Office) — 10976.5 km away
2026-03-12 21:53:42 | INFO     | app.services.prediction_service | Step 6 ✓ Nearest centre: Tirunelveli Horticulture Office (State Horticulture Office) — 10976.5 km away
2026-03-12 21:53:43 | INFO     | app.database.crud | Prediction saved → id=13 farmer_id=1 disease='Banana - Panama Disease (Fusarium Wilt)'
2026-03-12 21:53:43 | INFO     | app.services.prediction_service | Step 7 ✓ Saved to database
2026-03-12 21:53:43 | INFO     | app.services.prediction_service | ── Prediction Pipeline COMPLETE → Banana - Panama Disease (Fusarium Wilt) | High | 100.00% ──
2026-03-12 21:54:06 | INFO     | app.api.routes | POST /predict | farmer_id=1 phone='8667540547' file='20210219_112848.jpg' lat=-90.0 lng=-180.0
2026-03-12 21:54:06 | INFO     | app.services.prediction_service | ── Prediction Pipeline START (farmer_id=1) ──
2026-03-12 21:54:06 | INFO     | app.services.prediction_service | Step 1 ✓ Image validated
2026-03-12 21:54:06 | INFO     | app.services.prediction_service | Step 2 ✓ Preprocessed → (1, 3, 224, 224)
2026-03-12 21:54:06 | INFO     | app.models.disease_classifier | Prediction → 'Banana - Healthy' confidence=0.9992 ✓
2026-03-12 21:54:06 | INFO     | app.services.prediction_service | Step 3 ✓ Disease='Banana - Healthy' Confidence=0.9992 is_confident=True is_banana=True
2026-03-12 21:54:06 | INFO     | app.models.severity_estimator | Banana plant is healthy — no severity assigned.
2026-03-12 21:54:06 | INFO     | app.services.prediction_service | Step 4 ✓ Severity=None
2026-03-12 21:54:06 | ERROR    | app.services.advisory_service | ✗ Gemini initialisation failed: No API key was provided. Please pass a valid API key. Learn how to create an API key at https://ai.google.dev/gemini-api/docs/api-key.
2026-03-12 21:54:06 | WARNING  | app.services.advisory_service | Gemini unavailable — using fallback KB for disease='Banana - Healthy' severity='None'
2026-03-12 21:54:06 | INFO     | app.services.advisory_service | Fallback KB matched keyword='healthy' severity='None'
2026-03-12 21:54:06 | INFO     | app.services.prediction_service | Step 5 ✓ Advisory generated (398 chars)
2026-03-12 21:54:06 | WARNING  | app.services.location_service | GOOGLE_MAPS_API_KEY not set — skipping Maps API.
2026-03-12 21:54:06 | WARNING  | app.services.location_service | Google Maps API failed — using fallback centres.
2026-03-12 21:54:06 | INFO     | app.services.location_service | Fallback centre: Tirunelveli Horticulture Office (State Horticulture Office) — 10976.5 km away
2026-03-12 21:54:06 | INFO     | app.services.prediction_service | Step 6 ✓ Nearest centre: Tirunelveli Horticulture Office (State Horticulture Office) — 10976.5 km away
2026-03-12 21:54:06 | INFO     | app.database.crud | Prediction saved → id=14 farmer_id=1 disease='Banana - Healthy'
2026-03-12 21:54:06 | INFO     | app.services.prediction_service | Step 7 ✓ Saved to database
2026-03-12 21:54:06 | INFO     | app.services.prediction_service | ── Prediction Pipeline COMPLETE → Banana - Healthy | None | 99.92% ──
2026-03-12 21:55:45 | INFO     | app.api.routes | POST /predict | farmer_id=1 phone='8667540547' file='aug_0_53.jpg' lat=-90.0 lng=-180.0
2026-03-12 21:55:45 | INFO     | app.services.prediction_service | ── Prediction Pipeline START (farmer_id=1) ──
2026-03-12 21:55:45 | INFO     | app.services.prediction_service | Step 1 ✓ Image validated
2026-03-12 21:55:45 | INFO     | app.services.prediction_service | Step 2 ✓ Preprocessed → (1, 3, 224, 224)
2026-03-12 21:55:45 | INFO     | app.models.disease_classifier | Prediction → 'Banana - Anthracnose' confidence=1.0000 ✓
2026-03-12 21:55:45 | INFO     | app.services.prediction_service | Step 3 ✓ Disease='Banana - Anthracnose' Confidence=1.0000 is_confident=True is_banana=True
2026-03-12 21:55:45 | INFO     | app.models.severity_estimator | Severity estimated → High (disease='Banana - Anthracnose', confidence=1.0000)
2026-03-12 21:55:45 | INFO     | app.services.prediction_service | Step 4 ✓ Severity=High
2026-03-12 21:55:45 | ERROR    | app.services.advisory_service | ✗ Gemini initialisation failed: No API key was provided. Please pass a valid API key. Learn how to create an API key at https://ai.google.dev/gemini-api/docs/api-key.
2026-03-12 21:55:45 | WARNING  | app.services.advisory_service | Gemini unavailable — using fallback KB for disease='Banana - Anthracnose' severity='High'
2026-03-12 21:55:45 | INFO     | app.services.advisory_service | Fallback KB matched keyword='anthracnose' severity='High'
2026-03-12 21:55:45 | INFO     | app.services.prediction_service | Step 5 ✓ Advisory generated (233 chars)
2026-03-12 21:55:45 | WARNING  | app.services.location_service | GOOGLE_MAPS_API_KEY not set — skipping Maps API.
2026-03-12 21:55:45 | WARNING  | app.services.location_service | Google Maps API failed — using fallback centres.
2026-03-12 21:55:45 | INFO     | app.services.location_service | Fallback centre: Tirunelveli Horticulture Office (State Horticulture Office) — 10976.5 km away
2026-03-12 21:55:45 | INFO     | app.services.prediction_service | Step 6 ✓ Nearest centre: Tirunelveli Horticulture Office (State Horticulture Office) — 10976.5 km away
2026-03-12 21:55:45 | INFO     | app.database.crud | Prediction saved → id=15 farmer_id=1 disease='Banana - Anthracnose'
2026-03-12 21:55:45 | INFO     | app.services.prediction_service | Step 7 ✓ Saved to database
2026-03-12 21:55:45 | INFO     | app.services.prediction_service | ── Prediction Pipeline COMPLETE → Banana - Anthracnose | High | 100.00% ──
2026-03-12 21:56:09 | INFO     | app.api.routes | POST /predict | farmer_id=1 phone='8667540547' file='aug_0_53.jpg' lat=-90.0 lng=-180.0
2026-03-12 21:56:09 | INFO     | app.services.prediction_service | ── Prediction Pipeline START (farmer_id=1) ──
2026-03-12 21:56:09 | INFO     | app.services.prediction_service | Step 1 ✓ Image validated
2026-03-12 21:56:09 | INFO     | app.services.prediction_service | Step 2 ✓ Preprocessed → (1, 3, 224, 224)
2026-03-12 21:56:09 | INFO     | app.models.disease_classifier | Prediction → 'Banana - Bunchy Top Virus (BBTV)' confidence=1.0000 ✓
2026-03-12 21:56:09 | INFO     | app.services.prediction_service | Step 3 ✓ Disease='Banana - Bunchy Top Virus (BBTV)' Confidence=1.0000 is_confident=True is_banana=True
2026-03-12 21:56:09 | INFO     | app.models.severity_estimator | Disease 'Banana - Bunchy Top Virus (BBTV)' is always treated as High severity.
2026-03-12 21:56:09 | INFO     | app.services.prediction_service | Step 4 ✓ Severity=High
2026-03-12 21:56:09 | ERROR    | app.services.advisory_service | ✗ Gemini initialisation failed: No API key was provided. Please pass a valid API key. Learn how to create an API key at https://ai.google.dev/gemini-api/docs/api-key.
2026-03-12 21:56:09 | WARNING  | app.services.advisory_service | Gemini unavailable — using fallback KB for disease='Banana - Bunchy Top Virus (BBTV)' severity='High'
2026-03-12 21:56:09 | INFO     | app.services.advisory_service | Fallback KB matched keyword='bunchy' severity='High'
2026-03-12 21:56:09 | INFO     | app.services.prediction_service | Step 5 ✓ Advisory generated (341 chars)
2026-03-12 21:56:09 | WARNING  | app.services.location_service | GOOGLE_MAPS_API_KEY not set — skipping Maps API.
2026-03-12 21:56:09 | WARNING  | app.services.location_service | Google Maps API failed — using fallback centres.
2026-03-12 21:56:09 | INFO     | app.services.location_service | Fallback centre: Tirunelveli Horticulture Office (State Horticulture Office) — 10976.5 km away
2026-03-12 21:56:09 | INFO     | app.services.prediction_service | Step 6 ✓ Nearest centre: Tirunelveli Horticulture Office (State Horticulture Office) — 10976.5 km away
2026-03-12 21:56:09 | INFO     | app.database.crud | Prediction saved → id=16 farmer_id=1 disease='Banana - Bunchy Top Virus (BBTV)'
2026-03-12 21:56:09 | INFO     | app.services.prediction_service | Step 7 ✓ Saved to database
2026-03-12 21:56:09 | INFO     | app.services.prediction_service | ── Prediction Pipeline COMPLETE → Banana - Bunchy Top Virus (BBTV) | High | 100.00% ──
2026-03-12 21:58:57 | INFO     | app.api.routes | POST /predict | farmer_id=1 phone='8667540547' file='20210219_160954.jpg' lat=-90.0 lng=-180.0
2026-03-12 21:58:57 | INFO     | app.services.prediction_service | ── Prediction Pipeline START (farmer_id=1) ──
2026-03-12 21:58:57 | INFO     | app.services.prediction_service | Step 1 ✓ Image validated
2026-03-12 21:58:57 | INFO     | app.services.prediction_service | Step 2 ✓ Preprocessed → (1, 3, 224, 224)
2026-03-12 21:58:57 | INFO     | app.models.disease_classifier | Prediction → 'Banana - Yellow Sigatoka' confidence=0.9999 ✓
2026-03-12 21:58:57 | INFO     | app.services.prediction_service | Step 3 ✓ Disease='Banana - Yellow Sigatoka' Confidence=0.9999 is_confident=True is_banana=True
2026-03-12 21:58:57 | INFO     | app.models.severity_estimator | Severity estimated → High (disease='Banana - Yellow Sigatoka', confidence=0.9999)
2026-03-12 21:58:57 | INFO     | app.services.prediction_service | Step 4 ✓ Severity=High
2026-03-12 21:58:57 | ERROR    | app.services.advisory_service | ✗ Gemini initialisation failed: No API key was provided. Please pass a valid API key. Learn how to create an API key at https://ai.google.dev/gemini-api/docs/api-key.
2026-03-12 21:58:57 | WARNING  | app.services.advisory_service | Gemini unavailable — using fallback KB for disease='Banana - Yellow Sigatoka' severity='High'
2026-03-12 21:58:57 | INFO     | app.services.advisory_service | Fallback KB matched keyword='yellow sigatoka' severity='High'
2026-03-12 21:58:57 | INFO     | app.services.prediction_service | Step 5 ✓ Advisory generated (254 chars)
2026-03-12 21:58:57 | WARNING  | app.services.location_service | GOOGLE_MAPS_API_KEY not set — skipping Maps API.
2026-03-12 21:58:57 | WARNING  | app.services.location_service | Google Maps API failed — using fallback centres.
2026-03-12 21:58:57 | INFO     | app.services.location_service | Fallback centre: Tirunelveli Horticulture Office (State Horticulture Office) — 10976.5 km away
2026-03-12 21:58:57 | INFO     | app.services.prediction_service | Step 6 ✓ Nearest centre: Tirunelveli Horticulture Office (State Horticulture Office) — 10976.5 km away
2026-03-12 21:58:57 | INFO     | app.database.crud | Prediction saved → id=17 farmer_id=1 disease='Banana - Yellow Sigatoka'
2026-03-12 21:58:57 | INFO     | app.services.prediction_service | Step 7 ✓ Saved to database
2026-03-12 21:58:57 | INFO     | app.services.prediction_service | ── Prediction Pipeline COMPLETE → Banana - Yellow Sigatoka | High | 99.99% ──
2026-03-12 22:00:00 | INFO     | app.api.routes | POST /predict | farmer_id=1 phone='8667540547' file='Odoiporus-damage-NRCB.jpg' lat=-90.0 lng=-180.0
2026-03-12 22:00:00 | INFO     | app.services.prediction_service | ── Prediction Pipeline START (farmer_id=1) ──
2026-03-12 22:00:00 | INFO     | app.services.prediction_service | Step 1 ✓ Image validated
2026-03-12 22:00:00 | INFO     | app.services.prediction_service | Step 2 ✓ Preprocessed → (1, 3, 224, 224)
2026-03-12 22:00:00 | INFO     | app.models.disease_classifier | Prediction → 'Banana - Panama Disease (Fusarium Wilt)' confidence=0.9487 ✓
2026-03-12 22:00:00 | INFO     | app.services.prediction_service | Step 3 ✓ Disease='Banana - Panama Disease (Fusarium Wilt)' Confidence=0.9487 is_confident=True is_banana=True
2026-03-12 22:00:00 | INFO     | app.models.severity_estimator | Disease 'Banana - Panama Disease (Fusarium Wilt)' is always treated as High severity.
2026-03-12 22:00:00 | INFO     | app.services.prediction_service | Step 4 ✓ Severity=High
2026-03-12 22:00:00 | ERROR    | app.services.advisory_service | ✗ Gemini initialisation failed: No API key was provided. Please pass a valid API key. Learn how to create an API key at https://ai.google.dev/gemini-api/docs/api-key.
2026-03-12 22:00:00 | WARNING  | app.services.advisory_service | Gemini unavailable — using fallback KB for disease='Banana - Panama Disease (Fusarium Wilt)' severity='High'
2026-03-12 22:00:00 | INFO     | app.services.advisory_service | Fallback KB matched keyword='panama' severity='High'
2026-03-12 22:00:00 | INFO     | app.services.prediction_service | Step 5 ✓ Advisory generated (726 chars)
2026-03-12 22:00:00 | WARNING  | app.services.location_service | GOOGLE_MAPS_API_KEY not set — skipping Maps API.
2026-03-12 22:00:00 | WARNING  | app.services.location_service | Google Maps API failed — using fallback centres.
2026-03-12 22:00:00 | INFO     | app.services.location_service | Fallback centre: Tirunelveli Horticulture Office (State Horticulture Office) — 10976.5 km away
2026-03-12 22:00:00 | INFO     | app.services.prediction_service | Step 6 ✓ Nearest centre: Tirunelveli Horticulture Office (State Horticulture Office) — 10976.5 km away
2026-03-12 22:00:00 | INFO     | app.database.crud | Prediction saved → id=18 farmer_id=1 disease='Banana - Panama Disease (Fusarium Wilt)'
2026-03-12 22:00:01 | INFO     | app.services.prediction_service | Step 7 ✓ Saved to database
2026-03-12 22:00:01 | INFO     | app.services.prediction_service | ── Prediction Pipeline COMPLETE → Banana - Panama Disease (Fusarium Wilt) | High | 94.87% ──
2026-03-12 22:00:39 | INFO     | app.api.routes | POST /predict | farmer_id=1 phone='8667540547' file='A (260).jpg' lat=-90.0 lng=-180.0
2026-03-12 22:00:39 | INFO     | app.services.prediction_service | ── Prediction Pipeline START (farmer_id=1) ──
2026-03-12 22:00:39 | INFO     | app.services.prediction_service | Step 1 ✓ Image validated
2026-03-12 22:00:39 | INFO     | app.services.prediction_service | Step 2 ✓ Preprocessed → (1, 3, 224, 224)
2026-03-12 22:00:39 | INFO     | app.models.disease_classifier | Prediction → 'Banana - Pseudostem Weevil Infestation' confidence=1.0000 ✓
2026-03-12 22:00:39 | INFO     | app.services.prediction_service | Step 3 ✓ Disease='Banana - Pseudostem Weevil Infestation' Confidence=1.0000 is_confident=True is_banana=True
2026-03-12 22:00:39 | INFO     | app.models.severity_estimator | Severity estimated → High (disease='Banana - Pseudostem Weevil Infestation', confidence=1.0000)
2026-03-12 22:00:39 | INFO     | app.services.prediction_service | Step 4 ✓ Severity=High
2026-03-12 22:00:39 | ERROR    | app.services.advisory_service | ✗ Gemini initialisation failed: No API key was provided. Please pass a valid API key. Learn how to create an API key at https://ai.google.dev/gemini-api/docs/api-key.
2026-03-12 22:00:39 | WARNING  | app.services.advisory_service | Gemini unavailable — using fallback KB for disease='Banana - Pseudostem Weevil Infestation' severity='High'
2026-03-12 22:00:39 | INFO     | app.services.advisory_service | Fallback KB matched keyword='weevil' severity='High'
2026-03-12 22:00:39 | INFO     | app.services.prediction_service | Step 5 ✓ Advisory generated (271 chars)
2026-03-12 22:00:39 | WARNING  | app.services.location_service | GOOGLE_MAPS_API_KEY not set — skipping Maps API.
2026-03-12 22:00:39 | WARNING  | app.services.location_service | Google Maps API failed — using fallback centres.
2026-03-12 22:00:39 | INFO     | app.services.location_service | Fallback centre: Tirunelveli Horticulture Office (State Horticulture Office) — 10976.5 km away
2026-03-12 22:00:39 | INFO     | app.services.prediction_service | Step 6 ✓ Nearest centre: Tirunelveli Horticulture Office (State Horticulture Office) — 10976.5 km away
2026-03-12 22:00:40 | INFO     | app.database.crud | Prediction saved → id=19 farmer_id=1 disease='Banana - Pseudostem Weevil Infestation'
2026-03-12 22:00:40 | INFO     | app.services.prediction_service | Step 7 ✓ Saved to database
2026-03-12 22:00:40 | INFO     | app.services.prediction_service | ── Prediction Pipeline COMPLETE → Banana - Pseudostem Weevil Infestation | High | 100.00% ──
2026-03-12 22:01:24 | INFO     | app.api.routes | POST /predict | farmer_id=1 phone='8667540547' file='download (1).jpg' lat=-90.0 lng=-180.0
2026-03-12 22:01:24 | INFO     | app.services.prediction_service | ── Prediction Pipeline START (farmer_id=1) ──
2026-03-12 22:01:24 | INFO     | app.services.prediction_service | Step 1 ✓ Image validated
2026-03-12 22:01:24 | INFO     | app.services.prediction_service | Step 2 ✓ Preprocessed → (1, 3, 224, 224)
2026-03-12 22:01:24 | INFO     | app.models.disease_classifier | Prediction → 'Banana - Pseudostem Weevil Infestation' confidence=0.9533 ✓
2026-03-12 22:01:24 | INFO     | app.services.prediction_service | Step 3 ✓ Disease='Banana - Pseudostem Weevil Infestation' Confidence=0.9533 is_confident=True is_banana=True
2026-03-12 22:01:24 | INFO     | app.models.severity_estimator | Severity estimated → High (disease='Banana - Pseudostem Weevil Infestation', confidence=0.9533)
2026-03-12 22:01:24 | INFO     | app.services.prediction_service | Step 4 ✓ Severity=High
2026-03-12 22:01:24 | ERROR    | app.services.advisory_service | ✗ Gemini initialisation failed: No API key was provided. Please pass a valid API key. Learn how to create an API key at https://ai.google.dev/gemini-api/docs/api-key.
2026-03-12 22:01:24 | WARNING  | app.services.advisory_service | Gemini unavailable — using fallback KB for disease='Banana - Pseudostem Weevil Infestation' severity='High'
2026-03-12 22:01:24 | INFO     | app.services.advisory_service | Fallback KB matched keyword='weevil' severity='High'
2026-03-12 22:01:24 | INFO     | app.services.prediction_service | Step 5 ✓ Advisory generated (271 chars)
2026-03-12 22:01:24 | WARNING  | app.services.location_service | GOOGLE_MAPS_API_KEY not set — skipping Maps API.
2026-03-12 22:01:24 | WARNING  | app.services.location_service | Google Maps API failed — using fallback centres.
2026-03-12 22:01:24 | INFO     | app.services.location_service | Fallback centre: Tirunelveli Horticulture Office (State Horticulture Office) — 10976.5 km away
2026-03-12 22:01:24 | INFO     | app.services.prediction_service | Step 6 ✓ Nearest centre: Tirunelveli Horticulture Office (State Horticulture Office) — 10976.5 km away
2026-03-12 22:01:24 | INFO     | app.database.crud | Prediction saved → id=20 farmer_id=1 disease='Banana - Pseudostem Weevil Infestation'
2026-03-12 22:01:24 | INFO     | app.services.prediction_service | Step 7 ✓ Saved to database
2026-03-12 22:01:24 | INFO     | app.services.prediction_service | ── Prediction Pipeline COMPLETE → Banana - Pseudostem Weevil Infestation | High | 95.33% ──
2026-03-12 22:01:41 | INFO     | app.api.routes | POST /predict | farmer_id=1 phone='8667540547' file='download.jpg' lat=-90.0 lng=-180.0
2026-03-12 22:01:41 | INFO     | app.services.prediction_service | ── Prediction Pipeline START (farmer_id=1) ──
2026-03-12 22:01:41 | INFO     | app.services.prediction_service | Step 1 ✓ Image validated
2026-03-12 22:01:41 | INFO     | app.services.prediction_service | Step 2 ✓ Preprocessed → (1, 3, 224, 224)
2026-03-12 22:01:41 | WARNING  | app.models.disease_classifier | Low confidence prediction rejected (confidence=0.7110 < threshold=0.7500)
2026-03-12 22:01:41 | INFO     | app.services.prediction_service | Step 3 ✓ Disease='Banana - Panama Disease (Fusarium Wilt)' Confidence=0.7110 is_confident=False is_banana=True
2026-03-12 22:01:41 | INFO     | app.models.severity_estimator | Disease 'Banana - Panama Disease (Fusarium Wilt)' is always treated as High severity.
2026-03-12 22:01:41 | INFO     | app.services.prediction_service | Step 4 ✓ Severity=High
2026-03-12 22:01:41 | INFO     | app.services.prediction_service | Step 5 ✓ Advisory generated (83 chars)
2026-03-12 22:01:41 | WARNING  | app.services.location_service | GOOGLE_MAPS_API_KEY not set — skipping Maps API.
2026-03-12 22:01:41 | WARNING  | app.services.location_service | Google Maps API failed — using fallback centres.
2026-03-12 22:01:41 | INFO     | app.services.location_service | Fallback centre: Tirunelveli Horticulture Office (State Horticulture Office) — 10976.5 km away
2026-03-12 22:01:41 | INFO     | app.services.prediction_service | Step 6 ✓ Nearest centre: Tirunelveli Horticulture Office (State Horticulture Office) — 10976.5 km away
2026-03-12 22:01:41 | INFO     | app.database.crud | Prediction saved → id=21 farmer_id=1 disease='Banana - Panama Disease (Fusarium Wilt)'
2026-03-12 22:01:41 | INFO     | app.services.prediction_service | Step 7 ✓ Saved to database
2026-03-12 22:01:41 | INFO     | app.services.prediction_service | ── Prediction Pipeline COMPLETE → Banana - Panama Disease (Fusarium Wilt) | High | 71.10% ──
2026-03-12 22:01:49 | INFO     | app.api.routes | POST /predict | farmer_id=1 phone='8667540547' file='download.jpg' lat=-90.0 lng=-180.0
2026-03-12 22:01:49 | INFO     | app.services.prediction_service | ── Prediction Pipeline START (farmer_id=1) ──
2026-03-12 22:01:49 | INFO     | app.services.prediction_service | Step 1 ✓ Image validated
2026-03-12 22:01:49 | INFO     | app.services.prediction_service | Step 2 ✓ Preprocessed → (1, 3, 224, 224)
2026-03-12 22:01:49 | WARNING  | app.models.disease_classifier | Low confidence prediction rejected (confidence=0.7110 < threshold=0.7500)
2026-03-12 22:01:49 | INFO     | app.services.prediction_service | Step 3 ✓ Disease='Banana - Panama Disease (Fusarium Wilt)' Confidence=0.7110 is_confident=False is_banana=True
2026-03-12 22:01:49 | INFO     | app.models.severity_estimator | Disease 'Banana - Panama Disease (Fusarium Wilt)' is always treated as High severity.
2026-03-12 22:01:49 | INFO     | app.services.prediction_service | Step 4 ✓ Severity=High
2026-03-12 22:01:49 | INFO     | app.services.prediction_service | Step 5 ✓ Advisory generated (83 chars)
2026-03-12 22:01:49 | WARNING  | app.services.location_service | GOOGLE_MAPS_API_KEY not set — skipping Maps API.
2026-03-12 22:01:49 | WARNING  | app.services.location_service | Google Maps API failed — using fallback centres.
2026-03-12 22:01:49 | INFO     | app.services.location_service | Fallback centre: Tirunelveli Horticulture Office (State Horticulture Office) — 10976.5 km away
2026-03-12 22:01:49 | INFO     | app.services.prediction_service | Step 6 ✓ Nearest centre: Tirunelveli Horticulture Office (State Horticulture Office) — 10976.5 km away
2026-03-12 22:01:50 | INFO     | app.database.crud | Prediction saved → id=22 farmer_id=1 disease='Banana - Panama Disease (Fusarium Wilt)'
2026-03-12 22:01:50 | INFO     | app.services.prediction_service | Step 7 ✓ Saved to database
2026-03-12 22:01:50 | INFO     | app.services.prediction_service | ── Prediction Pipeline COMPLETE → Banana - Panama Disease (Fusarium Wilt) | High | 71.10% ──
2026-03-12 22:02:56 | INFO     | app.api.routes | POST /predict | farmer_id=1 phone='8667540547' file='114_jpeg.rf.b993a3bcded1a7c65793e16fd252b8a6.jpg' lat=-90.0 lng=-180.0
2026-03-12 22:02:56 | INFO     | app.services.prediction_service | ── Prediction Pipeline START (farmer_id=1) ──
2026-03-12 22:02:56 | INFO     | app.services.prediction_service | Step 1 ✓ Image validated
2026-03-12 22:02:56 | INFO     | app.services.prediction_service | Step 2 ✓ Preprocessed → (1, 3, 224, 224)
2026-03-12 22:02:56 | WARNING  | app.models.disease_classifier | Low confidence prediction rejected (confidence=0.7174 < threshold=0.7500)
2026-03-12 22:02:56 | INFO     | app.services.prediction_service | Step 3 ✓ Disease='Banana - Black Sigatoka' Confidence=0.7174 is_confident=False is_banana=True
2026-03-12 22:02:56 | INFO     | app.models.severity_estimator | Severity estimated → Medium (disease='Banana - Black Sigatoka', confidence=0.7174)
2026-03-12 22:02:56 | INFO     | app.services.prediction_service | Step 4 ✓ Severity=Medium
2026-03-12 22:02:56 | INFO     | app.services.prediction_service | Step 5 ✓ Advisory generated (83 chars)
2026-03-12 22:02:56 | WARNING  | app.services.location_service | GOOGLE_MAPS_API_KEY not set — skipping Maps API.
2026-03-12 22:02:56 | WARNING  | app.services.location_service | Google Maps API failed — using fallback centres.
2026-03-12 22:02:56 | INFO     | app.services.location_service | Fallback centre: Tirunelveli Horticulture Office (State Horticulture Office) — 10976.5 km away
2026-03-12 22:02:56 | INFO     | app.services.prediction_service | Step 6 ✓ Nearest centre: Tirunelveli Horticulture Office (State Horticulture Office) — 10976.5 km away
2026-03-12 22:02:56 | INFO     | app.database.crud | Prediction saved → id=23 farmer_id=1 disease='Banana - Black Sigatoka'
2026-03-12 22:02:56 | INFO     | app.services.prediction_service | Step 7 ✓ Saved to database
2026-03-12 22:02:56 | INFO     | app.services.prediction_service | ── Prediction Pipeline COMPLETE → Banana - Black Sigatoka | Medium | 71.74% ──
2026-03-12 22:09:23 | INFO     | app.api.auth | POST /auth/login | phone='8667540547'
2026-03-12 22:09:24 | INFO     | app.services.auth_service | JWT token created for farmer_id=1
2026-03-12 22:09:24 | INFO     | app.services.auth_service | Farmer logged in → id=1 phone='8667540547'
2026-03-12 22:12:26 | INFO     | app.api.speech | POST /speech/process | lang='en-IN'
2026-03-12 22:12:26 | INFO     | app.services.speech_service | Browser transcription | lang='en-IN' | keywords=[] | text='வாழை இலையில் மஞ்சள் புள்ளிகள்'
2026-03-12 22:12:44 | INFO     | app.api.speech | POST /speech/process | lang='en'
2026-03-12 22:12:44 | INFO     | app.services.speech_service | Browser transcription | lang='en' | keywords=[] | text='வாழை இலையில் மஞ்சள் புள்ளிகள்'
2026-03-12 22:29:47 | INFO     | app.main | AgroGuard-AI shutting down gracefully.
2026-03-12 22:36:09 | INFO     | app.models.model_loader | Creating ModelLoader singleton (path=saved_models/agroguard_banana_resnet50.pth)
2026-03-12 22:36:09 | INFO     | app.models.model_loader | Loading banana model weights from 'saved_models/agroguard_banana_resnet50.pth' on cuda
2026-03-12 22:36:09 | INFO     | app.models.model_loader | Banana disease model loaded successfully (7 classes).
2026-03-12 22:36:10 | INFO     | app.main | ╔══════════════════════════════════════════════╗
2026-03-12 22:36:10 | INFO     | app.main | ║  AgroGuard-AI STARTING  ║
2026-03-12 22:36:10 | INFO     | app.main | ╚══════════════════════════════════════════════╝
2026-03-12 22:36:10 | INFO     | app.database.db | Database tables created / verified.
2026-03-12 22:36:10 | INFO     | app.main | ✓ Database tables ready.
2026-03-12 22:36:10 | INFO     | app.main | ✓ Banana disease model loaded and ready.
2026-03-12 22:36:10 | INFO     | app.main | ✓ AgroGuard-AI v1.2.0 is ready → base URL: /api/v1
2026-03-12 22:40:32 | INFO     | app.api.auth | POST /auth/login | phone='8667540547'
2026-03-12 22:40:33 | INFO     | app.services.auth_service | JWT token created for farmer_id=1
2026-03-12 22:40:33 | INFO     | app.services.auth_service | Farmer logged in → id=1 phone='8667540547'
2026-03-12 22:41:00 | INFO     | app.api.routes | POST /predict | farmer_id=1 phone='8667540547' file='1_jpeg.rf.0e0952f0980263d9d52e0f5eb0732537.jpg' lat=-90.0 lng=-180.0
2026-03-12 22:41:00 | INFO     | app.services.prediction_service | ── Prediction Pipeline START (farmer_id=1) ──
2026-03-12 22:41:00 | INFO     | app.services.prediction_service | Step 1 ✓ Image validated
2026-03-12 22:41:00 | INFO     | app.services.prediction_service | Step 2 ✓ Preprocessed → (1, 3, 224, 224)
2026-03-12 22:41:01 | INFO     | app.models.disease_classifier | Prediction → 'Banana - Black Sigatoka' confidence=1.0000 ✓
2026-03-12 22:41:01 | INFO     | app.services.prediction_service | Step 3 ✓ Disease='Banana - Black Sigatoka' Confidence=1.0000 is_confident=True is_banana=True
2026-03-12 22:41:01 | INFO     | app.models.severity_estimator | Severity estimated → High (disease='Banana - Black Sigatoka', confidence=1.0000)
2026-03-12 22:41:01 | INFO     | app.services.prediction_service | Step 4 ✓ Severity=High
2026-03-12 22:41:04 | INFO     | app.services.advisory_service | ✓ Gemini 1.5 Flash client initialised.
2026-03-12 22:41:05 | ERROR    | app.services.advisory_service | Gemini API error: 404 NOT_FOUND. {'error': {'code': 404, 'message': 'models/gemini-1.5-flash is not found for API version v1beta, or is not supported for generateContent. Call ListModels to see the list of available models and their supported methods.', 'status': 'NOT_FOUND'}}
2026-03-12 22:41:05 | WARNING  | app.services.advisory_service | Gemini unavailable — using fallback KB for disease='Banana - Black Sigatoka' severity='High'
2026-03-12 22:41:05 | INFO     | app.services.advisory_service | Fallback KB matched keyword='black sigatoka' severity='High'
2026-03-12 22:41:05 | INFO     | app.services.prediction_service | Step 5 ✓ Advisory generated (295 chars)
2026-03-12 22:41:11 | WARNING  | app.services.location_service | Google Maps API failed — using fallback centres.
2026-03-12 22:41:11 | INFO     | app.services.location_service | Fallback centre: Tirunelveli Horticulture Office (State Horticulture Office) — 10976.5 km away
2026-03-12 22:41:11 | INFO     | app.services.prediction_service | Step 6 ✓ Nearest centre: Tirunelveli Horticulture Office (State Horticulture Office) — 10976.5 km away
2026-03-12 22:41:11 | INFO     | app.database.crud | Prediction saved → id=24 farmer_id=1 disease='Banana - Black Sigatoka'
2026-03-12 22:41:11 | INFO     | app.services.prediction_service | Step 7 ✓ Saved to database
2026-03-12 22:41:11 | INFO     | app.services.prediction_service | ── Prediction Pipeline COMPLETE → Banana - Black Sigatoka | High | 100.00% ──
2026-03-12 22:46:02 | INFO     | app.main | AgroGuard-AI shutting down gracefully.
2026-03-12 22:46:11 | INFO     | app.models.model_loader | Creating ModelLoader singleton (path=saved_models/agroguard_banana_resnet50.pth)
2026-03-12 22:46:11 | INFO     | app.models.model_loader | Loading banana model weights from 'saved_models/agroguard_banana_resnet50.pth' on cuda
2026-03-12 22:46:12 | INFO     | app.models.model_loader | Banana disease model loaded successfully (7 classes).
2026-03-12 22:46:12 | INFO     | app.main | ╔══════════════════════════════════════════════╗
2026-03-12 22:46:12 | INFO     | app.main | ║  AgroGuard-AI STARTING  ║
2026-03-12 22:46:12 | INFO     | app.main | ╚══════════════════════════════════════════════╝
2026-03-12 22:46:12 | INFO     | app.database.db | Database tables created / verified.
2026-03-12 22:46:12 | INFO     | app.main | ✓ Database tables ready.
2026-03-12 22:46:12 | INFO     | app.main | ✓ Banana disease model loaded and ready.
2026-03-12 22:46:12 | INFO     | app.main | ✓ AgroGuard-AI v1.2.0 is ready → base URL: /api/v1
2026-03-12 22:47:37 | INFO     | app.api.routes | POST /predict | farmer_id=1 phone='8667540547' file='20210219_160954.jpg' lat=-90.0 lng=-180.0
2026-03-12 22:47:37 | INFO     | app.services.prediction_service | ── Prediction Pipeline START (farmer_id=1) ──
2026-03-12 22:47:37 | INFO     | app.services.prediction_service | Step 1 ✓ Image validated
2026-03-12 22:47:37 | INFO     | app.services.prediction_service | Step 2 ✓ Preprocessed → (1, 3, 224, 224)
2026-03-12 22:47:38 | INFO     | app.models.disease_classifier | Prediction → 'Banana - Yellow Sigatoka' confidence=0.9999 ✓
2026-03-12 22:47:38 | INFO     | app.services.prediction_service | Step 3 ✓ Disease='Banana - Yellow Sigatoka' Confidence=0.9999 is_confident=True is_banana=True
2026-03-12 22:47:38 | INFO     | app.models.severity_estimator | Severity estimated → High (disease='Banana - Yellow Sigatoka', confidence=0.9999)
2026-03-12 22:47:38 | INFO     | app.services.prediction_service | Step 4 ✓ Severity=High
2026-03-12 22:47:40 | INFO     | app.services.advisory_service | ✓ Gemini 2.5 Flash client initialised.
2026-03-12 22:47:58 | INFO     | app.services.advisory_service | Gemini advisory generated for disease='Banana - Yellow Sigatoka' severity='High'
2026-03-12 22:47:58 | INFO     | app.services.prediction_service | Step 5 ✓ Advisory generated (4215 chars)
2026-03-12 22:48:05 | WARNING  | app.services.location_service | Google Maps API failed — using fallback centres.
2026-03-12 22:48:05 | INFO     | app.services.location_service | Fallback centre: Tirunelveli Horticulture Office (State Horticulture Office) — 10976.5 km away
2026-03-12 22:48:05 | INFO     | app.services.prediction_service | Step 6 ✓ Nearest centre: Tirunelveli Horticulture Office (State Horticulture Office) — 10976.5 km away
2026-03-12 22:48:06 | INFO     | app.database.crud | Prediction saved → id=25 farmer_id=1 disease='Banana - Yellow Sigatoka'
2026-03-12 22:48:06 | INFO     | app.services.prediction_service | Step 7 ✓ Saved to database
2026-03-12 22:48:06 | INFO     | app.services.prediction_service | ── Prediction Pipeline COMPLETE → Banana - Yellow Sigatoka | High | 99.99% ──
2026-03-12 22:58:52 | INFO     | app.main | AgroGuard-AI shutting down gracefully.
